ガブリアス,ようき,51.5
ガブリアス,いじっぱり,34.6
ガブリアス,わんぱく,10.8
ガブリアス,しんちょう,1.5
ガブリアス,むじゃき,0.4
ガブリアス,ずぶとい,0.2
ガブリアス,やんちゃ,0.2
ガブリアス,せっかち,0.1
ガブリアス,おくびょう,0.1
ガブリアス,ひかえめ,0.1
ブリジュラス,ひかえめ,40.5
ブリジュラス,ずぶとい,27.1
ブリジュラス,おだやか,14.3
ブリジュラス,おくびょう,9.0
ブリジュラス,しんちょう,3.8
ブリジュラス,わんぱく,1.7
ブリジュラス,のんき,1.0
ブリジュラス,なまいき,0.9
ブリジュラス,うっかりや,0.7
ブリジュラス,れいせい,0.4
マスカーニャ,いじっぱり,45.7
マスカーニャ,ようき,44.6
マスカーニャ,うっかりや,3.6
マスカーニャ,むじゃき,1.9
マスカーニャ,やんちゃ,1.1
マスカーニャ,ひかえめ,1.1
マスカーニャ,せっかち,0.5
マスカーニャ,おくびょう,0.5
マスカーニャ,さみしがり,0.3
マスカーニャ,おっとり,0.2
アシレーヌ,ひかえめ,64.8
アシレーヌ,ずぶとい,13.2
アシレーヌ,れいせい,13.0
アシレーヌ,おだやか,3.3
アシレーヌ,のんき,1.9
アシレーヌ,おっとり,1.3
アシレーヌ,おくびょう,1.2
アシレーヌ,なまいき,0.7
アシレーヌ,うっかりや,0.4
アシレーヌ,せっかち,0.1
リザードン,ひかえめ,33.2
リザードン,おくびょう,30.0
リザードン,いじっぱり,17.5
リザードン,ようき,16.2
リザードン,ずぶとい,0.9
リザードン,わんぱく,0.6
リザードン,せっかち,0.3
リザードン,おっとり,0.3
リザードン,むじゃき,0.2
リザードン,やんちゃ,0.2
アーマーガア,わんぱく,48.1
アーマーガア,のんき,29.0
アーマーガア,しんちょう,15.5
アーマーガア,なまいき,4.1
アーマーガア,いじっぱり,1.3
アーマーガア,ずぶとい,1.1
アーマーガア,ようき,0.3
アーマーガア,おだやか,0.2
アーマーガア,ゆうかん,0.1
アーマーガア,やんちゃ,0.0
イダイトウ♂,ようき,66.6
イダイトウ♂,いじっぱり,32.1
イダイトウ♂,ゆうかん,0.2
イダイトウ♂,やんちゃ,0.2
イダイトウ♂,さみしがり,0.2
イダイトウ♂,せっかち,0.2
イダイトウ♂,むじゃき,0.2
イダイトウ♂,わんぱく,0.1
イダイトウ♂,おくびょう,0.1
イダイトウ♂,しんちょう,0.0
カバルドン,わんぱく,73.9
カバルドン,しんちょう,16.9
カバルドン,のんき,5.1
カバルドン,いじっぱり,1.3
カバルドン,なまいき,1.0
カバルドン,ずぶとい,0.9
カバルドン,おだやか,0.3
カバルドン,ゆうかん,0.2
カバルドン,ようき,0.1
カバルドン,おくびょう,0.0
ルカリオ,ようき,65.7
ルカリオ,おくびょう,19.3
ルカリオ,ひかえめ,6.6
ルカリオ,いじっぱり,5.1
ルカリオ,むじゃき,1.8
ルカリオ,せっかち,0.6
ルカリオ,うっかりや,0.3
ルカリオ,やんちゃ,0.2
ルカリオ,おっとり,0.1
ルカリオ,さみしがり,0.1
ゲンガー,おくびょう,68.2
ゲンガー,ひかえめ,30.4
ゲンガー,むじゃき,0.3
ゲンガー,おだやか,0.3
ゲンガー,せっかち,0.2
ゲンガー,おっとり,0.2
ゲンガー,ずぶとい,0.2
ゲンガー,うっかりや,0.1
ゲンガー,ようき,0.1
ゲンガー,れいせい,0.0
ミミロップ,ようき,69.7
ミミロップ,いじっぱり,28.6
ミミロップ,おくびょう,0.6
ミミロップ,わんぱく,0.3
ミミロップ,しんちょう,0.2
ミミロップ,せっかち,0.1
ミミロップ,むじゃき,0.1
ミミロップ,さみしがり,0.1
ミミロップ,ずぶとい,0.1
ミミロップ,おだやか,0.1
ギルガルド(シールド),いじっぱり,56.8
ギルガルド(シールド),ゆうかん,18.7
ギルガルド(シールド),れいせい,10.3
ギルガルド(シールド),なまいき,8.4
ギルガルド(シールド),ひかえめ,1.3
ギルガルド(シールド),しんちょう,1.3
ギルガルド(シールド),わんぱく,0.9
ギルガルド(シールド),のんき,0.9
ギルガルド(シールド),ようき,0.5
ギルガルド(シールド),やんちゃ,0.2
ギャラドス,いじっぱり,43.8
ギャラドス,ようき,41.3
ギャラドス,わんぱく,13.0
ギャラドス,しんちょう,1.3
ギャラドス,ずぶとい,0.2
ギャラドス,やんちゃ,0.1
ギャラドス,さみしがり,0.1
ギャラドス,ゆうかん,0.1
ギャラドス,ひかえめ,0.1
ギャラドス,のんき,0.1
ハッサム,いじっぱり,90.7
ハッサム,わんぱく,4.6
ハッサム,しんちょう,1.5
ハッサム,ゆうかん,1.1
ハッサム,ようき,1.0
ハッサム,のんき,0.4
ハッサム,やんちゃ,0.1
ハッサム,なまいき,0.1
ハッサム,さみしがり,0.1
ハッサム,ずぶとい,0.1
キラフロル,おくびょう,57.6
キラフロル,ひかえめ,33.1
キラフロル,おだやか,5.9
キラフロル,ずぶとい,1.8
キラフロル,ようき,0.4
キラフロル,むじゃき,0.2
キラフロル,せっかち,0.2
キラフロル,いじっぱり,0.1
キラフロル,わんぱく,0.1
キラフロル,しんちょう,0.1
カイリュー,ひかえめ,66.0
カイリュー,おくびょう,10.2
カイリュー,いじっぱり,10.0
カイリュー,ようき,6.7
カイリュー,れいせい,1.8
カイリュー,うっかりや,1.4
カイリュー,ずぶとい,0.7
カイリュー,おっとり,0.7
カイリュー,むじゃき,0.6
カイリュー,おだやか,0.4
フラエッテ(永遠),おくびょう,55.4
フラエッテ(永遠),ひかえめ,40.2
フラエッテ(永遠),ずぶとい,4.0
フラエッテ(永遠),おだやか,0.4
フラエッテ(永遠),ようき,0.1
フラエッテ(永遠),わんぱく,0.0
フラエッテ(永遠),れいせい,0.0
フラエッテ(永遠),むじゃき,0.0
フラエッテ(永遠),せっかち,0.0
フラエッテ(永遠),なまいき,0.0
ウルガモス,ずぶとい,40.1
ウルガモス,ひかえめ,33.7
ウルガモス,おくびょう,22.1
ウルガモス,おだやか,3.4
ウルガモス,おっとり,0.2
ウルガモス,せっかち,0.1
ウルガモス,わんぱく,0.1
ウルガモス,れいせい,0.1
ウルガモス,のんき,0.0
ウルガモス,ようき,0.0
スターミー,いじっぱり,67.5
スターミー,ようき,27.1
スターミー,ひかえめ,1.9
スターミー,おくびょう,1.5
スターミー,むじゃき,0.7
スターミー,やんちゃ,0.4
スターミー,せっかち,0.2
スターミー,しんちょう,0.2
スターミー,わんぱく,0.1
スターミー,うっかりや,0.1
ミミッキュ,いじっぱり,81.0
ミミッキュ,ようき,14.4
ミミッキュ,わんぱく,1.2
ミミッキュ,ゆうかん,1.1
ミミッキュ,しんちょう,0.6
ミミッキュ,おくびょう,0.4
ミミッキュ,のんき,0.3
ミミッキュ,やんちゃ,0.2
ミミッキュ,さみしがり,0.2
ミミッキュ,ずぶとい,0.2
サザンドラ,ひかえめ,61.9
サザンドラ,おくびょう,35.4
サザンドラ,ずぶとい,0.5
サザンドラ,おっとり,0.3
サザンドラ,むじゃき,0.3
サザンドラ,うっかりや,0.3
サザンドラ,おだやか,0.3
サザンドラ,いじっぱり,0.3
サザンドラ,せっかち,0.3
サザンドラ,ようき,0.2
ウォッシュロトム,ずぶとい,33.8
ウォッシュロトム,ひかえめ,27.9
ウォッシュロトム,おだやか,13.6
ウォッシュロトム,なまいき,12.4
ウォッシュロトム,おくびょう,10.3
ウォッシュロトム,のんき,1.1
ウォッシュロトム,れいせい,0.5
ウォッシュロトム,せっかち,0.1
ウォッシュロトム,おっとり,0.1
ウォッシュロトム,わんぱく,0.1
ダイケンキ(ヒスイ),いじっぱり,64.9
ダイケンキ(ヒスイ),ようき,20.8
ダイケンキ(ヒスイ),むじゃき,7.4
ダイケンキ(ヒスイ),わんぱく,3.7
ダイケンキ(ヒスイ),やんちゃ,1.8
ダイケンキ(ヒスイ),さみしがり,0.3
ダイケンキ(ヒスイ),ゆうかん,0.2
ダイケンキ(ヒスイ),しんちょう,0.2
ダイケンキ(ヒスイ),せっかち,0.2
ダイケンキ(ヒスイ),うっかりや,0.1
ドドゲザン,いじっぱり,91.8
ドドゲザン,ゆうかん,3.2
ドドゲザン,ようき,2.3
ドドゲザン,わんぱく,1.0
ドドゲザン,しんちょう,0.9
ドドゲザン,やんちゃ,0.2
ドドゲザン,なまいき,0.2
ドドゲザン,のんき,0.1
ドドゲザン,さみしがり,0.1
ドドゲザン,おとなしい,0.0
ソウブレイズ,いじっぱり,82.3
ソウブレイズ,ようき,14.6
ソウブレイズ,しんちょう,1.0
ソウブレイズ,わんぱく,1.0
ソウブレイズ,さみしがり,0.3
ソウブレイズ,やんちゃ,0.2
ソウブレイズ,せっかち,0.1
ソウブレイズ,むじゃき,0.1
ソウブレイズ,おとなしい,0.0
ソウブレイズ,なまいき,0.0
マフォクシー,おくびょう,86.9
マフォクシー,ひかえめ,11.1
マフォクシー,ずぶとい,1.1
マフォクシー,おっとり,0.2
マフォクシー,おだやか,0.2
マフォクシー,せっかち,0.1
マフォクシー,ようき,0.1
マフォクシー,むじゃき,0.1
マフォクシー,れいせい,0.0
マフォクシー,さみしがり,0.0
カメックス,ひかえめ,75.2
カメックス,おくびょう,19.7
カメックス,ずぶとい,2.0
カメックス,れいせい,0.9
カメックス,おだやか,0.6
カメックス,いじっぱり,0.5
カメックス,おっとり,0.2
カメックス,のんき,0.1
カメックス,わんぱく,0.1
カメックス,せっかち,0.1
ラウドボーン,ずぶとい,68.0
ラウドボーン,おだやか,21.1
ラウドボーン,ひかえめ,8.1
ラウドボーン,のんき,0.7
ラウドボーン,おくびょう,0.7
ラウドボーン,れいせい,0.5
ラウドボーン,なまいき,0.4
ラウドボーン,おっとり,0.2
ラウドボーン,わんぱく,0.1
ラウドボーン,しんちょう,0.1
フシギバナ,おだやか,39.6
フシギバナ,ずぶとい,33.2
フシギバナ,ひかえめ,23.8
フシギバナ,おくびょう,1.4
フシギバナ,れいせい,0.4
フシギバナ,なまいき,0.4
フシギバナ,しんちょう,0.3
フシギバナ,のんき,0.2
フシギバナ,わんぱく,0.2
フシギバナ,いじっぱり,0.1
ハラバリー,おだやか,47.2
ハラバリー,なまいき,27.0
ハラバリー,ずぶとい,12.3
ハラバリー,ひかえめ,7.3
ハラバリー,のんき,3.1
ハラバリー,れいせい,2.5
ハラバリー,おくびょう,0.1
ハラバリー,しんちょう,0.1
ハラバリー,おっとり,0.1
ハラバリー,わんぱく,0.0
ゲッコウガ,ひかえめ,52.1
ゲッコウガ,おくびょう,37.5
ゲッコウガ,むじゃき,4.6
ゲッコウガ,うっかりや,1.2
ゲッコウガ,ようき,1.2
ゲッコウガ,せっかち,1.1
ゲッコウガ,おっとり,0.8
ゲッコウガ,いじっぱり,0.8
ゲッコウガ,やんちゃ,0.3
ゲッコウガ,さみしがり,0.1
ブラッキー,ずぶとい,56.4
ブラッキー,わんぱく,20.8
ブラッキー,おだやか,9.2
ブラッキー,しんちょう,6.2
ブラッキー,のんき,5.1
ブラッキー,なまいき,1.1
ブラッキー,いじっぱり,0.3
ブラッキー,ようき,0.2
ブラッキー,おくびょう,0.2
ブラッキー,ゆうかん,0.1
オオニューラ,いじっぱり,65.1
オオニューラ,ようき,29.7
オオニューラ,わんぱく,2.0
オオニューラ,やんちゃ,0.9
オオニューラ,さみしがり,0.7
オオニューラ,むじゃき,0.6
オオニューラ,せっかち,0.4
オオニューラ,しんちょう,0.2
オオニューラ,ゆうかん,0.1
オオニューラ,おくびょう,0.1
ガルーラ,いじっぱり,88.9
ガルーラ,ようき,7.1
ガルーラ,わんぱく,2.1
ガルーラ,ゆうかん,0.5
ガルーラ,やんちゃ,0.3
ガルーラ,さみしがり,0.2
ガルーラ,ひかえめ,0.2
ガルーラ,しんちょう,0.2
ガルーラ,れいせい,0.1
ガルーラ,むじゃき,0.1
メガニウム,ひかえめ,88.4
メガニウム,おくびょう,4.8
メガニウム,ずぶとい,4.2
メガニウム,おだやか,1.8
メガニウム,れいせい,0.5
メガニウム,おっとり,0.1
メガニウム,いじっぱり,0.0
メガニウム,なまいき,0.0
メガニウム,まじめ,0.0
メガニウム,わんぱく,0.0
ピクシー,ずぶとい,63.8
ピクシー,おだやか,21.6
ピクシー,ひかえめ,11.6
ピクシー,おくびょう,1.7
ピクシー,のんき,0.3
ピクシー,れいせい,0.3
ピクシー,なまいき,0.3
ピクシー,おっとり,0.1
ピクシー,しんちょう,0.1
ピクシー,わんぱく,0.1
クエスパトラ,ずぶとい,42.9
クエスパトラ,おくびょう,30.3
クエスパトラ,ひかえめ,22.0
クエスパトラ,おだやか,3.6
クエスパトラ,おっとり,0.2
クエスパトラ,わんぱく,0.2
クエスパトラ,のんき,0.1
クエスパトラ,せっかち,0.1
クエスパトラ,ようき,0.1
クエスパトラ,れいせい,0.1
バンギラス,いじっぱり,52.2
バンギラス,しんちょう,23.7
バンギラス,ようき,14.2
バンギラス,わんぱく,4.8
バンギラス,ひかえめ,1.4
バンギラス,ゆうかん,1.1
バンギラス,なまいき,0.8
バンギラス,おだやか,0.3
バンギラス,のんき,0.3
バンギラス,れいせい,0.2
ニンフィア,ひかえめ,54.1
ニンフィア,ずぶとい,23.5
ニンフィア,れいせい,7.7
ニンフィア,おだやか,6.2
ニンフィア,のんき,5.8
ニンフィア,おくびょう,1.6
ニンフィア,なまいき,0.3
ニンフィア,おっとり,0.3
ニンフィア,わんぱく,0.1
ニンフィア,せっかち,0.1
オニシズクモ,いじっぱり,52.4
オニシズクモ,わんぱく,17.2
オニシズクモ,ひかえめ,9.1
オニシズクモ,しんちょう,8.1
オニシズクモ,ゆうかん,3.0
オニシズクモ,のんき,2.5
オニシズクモ,ずぶとい,2.2
オニシズクモ,なまいき,2.0
オニシズクモ,おだやか,1.1
オニシズクモ,ようき,0.7
ゾロアーク(ヒスイ),おくびょう,74.3
ゾロアーク(ヒスイ),ひかえめ,14.2
ゾロアーク(ヒスイ),むじゃき,5.8
ゾロアーク(ヒスイ),せっかち,2.2
ゾロアーク(ヒスイ),おっとり,1.0
ゾロアーク(ヒスイ),ようき,0.8
ゾロアーク(ヒスイ),うっかりや,0.6
ゾロアーク(ヒスイ),ずぶとい,0.3
ゾロアーク(ヒスイ),いじっぱり,0.2
ゾロアーク(ヒスイ),れいせい,0.1
ペリッパー,ひかえめ,32.6
ペリッパー,のんき,31.5
ペリッパー,ずぶとい,12.2
ペリッパー,おくびょう,8.7
ペリッパー,れいせい,8.1
ペリッパー,おだやか,2.3
ペリッパー,なまいき,2.0
ペリッパー,おっとり,1.6
ペリッパー,うっかりや,0.3
ペリッパー,わんぱく,0.3
エルフーン,ひかえめ,39.2
エルフーン,おくびょう,30.9
エルフーン,ずぶとい,21.7
エルフーン,おだやか,6.6
エルフーン,わんぱく,0.3
エルフーン,おっとり,0.2
エルフーン,のんき,0.2
エルフーン,せっかち,0.2
エルフーン,れいせい,0.2
エルフーン,ようき,0.2
エアームド,ようき,49.4
エアームド,わんぱく,22.0
エアームド,いじっぱり,17.6
エアームド,しんちょう,5.6
エアームド,ずぶとい,2.4
エアームド,おだやか,2.0
エアームド,のんき,0.3
エアームド,おくびょう,0.2
エアームド,やんちゃ,0.1
エアームド,なまいき,0.1
マンムー,いじっぱり,76.6
マンムー,ようき,19.7
マンムー,わんぱく,1.0
マンムー,しんちょう,0.7
マンムー,やんちゃ,0.6
マンムー,さみしがり,0.4
マンムー,ゆうかん,0.3
マンムー,むじゃき,0.2
マンムー,のんき,0.1
マンムー,せっかち,0.1
エルレイド,ようき,56.6
エルレイド,いじっぱり,40.6
エルレイド,わんぱく,0.8
エルレイド,しんちょう,0.6
エルレイド,ゆうかん,0.4
エルレイド,さみしがり,0.2
エルレイド,やんちゃ,0.2
エルレイド,なまいき,0.2
エルレイド,せっかち,0.1
エルレイド,おくびょう,0.1
カビゴン,いじっぱり,45.3
カビゴン,しんちょう,29.5
カビゴン,わんぱく,16.0
カビゴン,ゆうかん,3.1
カビゴン,のんき,2.8
カビゴン,なまいき,2.3
カビゴン,ずぶとい,0.4
カビゴン,おだやか,0.3
カビゴン,やんちゃ,0.1
カビゴン,さみしがり,0.1
ヒートロトム,ひかえめ,44.8
ヒートロトム,おくびょう,22.3
ヒートロトム,ずぶとい,19.2
ヒートロトム,おだやか,10.5
ヒートロトム,なまいき,1.4
ヒートロトム,のんき,0.7
ヒートロトム,れいせい,0.5
ヒートロトム,おっとり,0.2
ヒートロトム,せっかち,0.2
ヒートロトム,わんぱく,0.0
スコヴィラン,ずぶとい,45.6
スコヴィラン,おだやか,17.1
スコヴィラン,ひかえめ,15.4
スコヴィラン,いじっぱり,9.3
スコヴィラン,おくびょう,6.3
スコヴィラン,のんき,1.7
スコヴィラン,しんちょう,1.4
スコヴィラン,れいせい,0.7
スコヴィラン,わんぱく,0.6
スコヴィラン,なまいき,0.5
ドラパルト,いじっぱり,28.5
ドラパルト,ようき,21.5
ドラパルト,おくびょう,18.4
ドラパルト,ひかえめ,8.6
ドラパルト,むじゃき,8.6
ドラパルト,やんちゃ,5.6
ドラパルト,うっかりや,2.3
ドラパルト,せっかち,2.1
ドラパルト,さみしがり,1.4
ドラパルト,おっとり,0.8
ミロカロス,ずぶとい,67.9
ミロカロス,おだやか,17.2
ミロカロス,ひかえめ,9.0
ミロカロス,のんき,2.0
ミロカロス,なまいき,0.9
ミロカロス,いじっぱり,0.7
ミロカロス,おくびょう,0.5
ミロカロス,わんぱく,0.4
ミロカロス,れいせい,0.4
ミロカロス,しんちょう,0.3
アローラキュウコン,おくびょう,85.4
アローラキュウコン,ひかえめ,10.0
アローラキュウコン,ずぶとい,2.0
アローラキュウコン,おだやか,1.1
アローラキュウコン,せっかち,0.4
アローラキュウコン,おっとり,0.2
アローラキュウコン,むじゃき,0.2
アローラキュウコン,なまいき,0.2
アローラキュウコン,のんき,0.1
アローラキュウコン,ようき,0.1
ドリュウズ,ようき,51.0
ドリュウズ,いじっぱり,46.6
ドリュウズ,しんちょう,1.0
ドリュウズ,やんちゃ,0.4
ドリュウズ,わんぱく,0.3
ドリュウズ,むじゃき,0.2
ドリュウズ,さみしがり,0.1
ドリュウズ,せっかち,0.1
ドリュウズ,ゆうかん,0.1
ドリュウズ,のうてんき,0.1
バイバニラ,ひかえめ,79.8
バイバニラ,ずぶとい,4.7
バイバニラ,おくびょう,4.5
バイバニラ,れいせい,4.0
バイバニラ,おだやか,1.7
バイバニラ,いじっぱり,0.9
バイバニラ,うっかりや,0.9
バイバニラ,のんき,0.6
バイバニラ,むじゃき,0.6
バイバニラ,ようき,0.4
サーナイト,ひかえめ,73.3
サーナイト,おくびょう,21.3
サーナイト,ずぶとい,2.2
サーナイト,おだやか,2.0
サーナイト,れいせい,0.3
サーナイト,おっとり,0.2
サーナイト,せっかち,0.1
サーナイト,のんき,0.1
サーナイト,なまいき,0.1
サーナイト,ようき,0.1
ドヒドイデ,おだやか,29.2
ドヒドイデ,ずぶとい,21.3
ドヒドイデ,しんちょう,18.7
ドヒドイデ,わんぱく,13.5
ドヒドイデ,なまいき,11.1
ドヒドイデ,のんき,4.4
ドヒドイデ,ひかえめ,0.6
ドヒドイデ,いじっぱり,0.5
ドヒドイデ,ゆうかん,0.2
ドヒドイデ,れいせい,0.2
ガラルヤドキング,おだやか,54.9
ガラルヤドキング,なまいき,18.0
ガラルヤドキング,ひかえめ,12.5
ガラルヤドキング,ずぶとい,8.9
ガラルヤドキング,のんき,2.8
ガラルヤドキング,れいせい,2.5
ガラルヤドキング,おっとり,0.1
ガラルヤドキング,しんちょう,0.1
ガラルヤドキング,おとなしい,0.1
ガラルヤドキング,おくびょう,0.0
ジュペッタ,いじっぱり,76.4
ジュペッタ,ゆうかん,17.7
ジュペッタ,ようき,1.8
ジュペッタ,わんぱく,1.4
ジュペッタ,しんちょう,0.9
ジュペッタ,のんき,0.4
ジュペッタ,やんちゃ,0.3
ジュペッタ,さみしがり,0.3
ジュペッタ,なまいき,0.2
ジュペッタ,ひかえめ,0.1
エンペルト,ひかえめ,52.8
エンペルト,なまいき,15.6
エンペルト,おだやか,10.6
エンペルト,ずぶとい,9.8
エンペルト,のんき,4.8
エンペルト,れいせい,2.3
エンペルト,おくびょう,1.1
エンペルト,わんぱく,1.0
エンペルト,しんちょう,0.7
エンペルト,おっとり,0.3
ローブシン,いじっぱり,91.7
ローブシン,ゆうかん,4.4
ローブシン,しんちょう,1.2
ローブシン,わんぱく,1.2
ローブシン,ようき,0.4
ローブシン,やんちゃ,0.3
ローブシン,なまいき,0.2
ローブシン,のんき,0.2
ローブシン,さみしがり,0.2
ローブシン,のうてんき,0.1
ユキメノコ,おくびょう,68.1
ユキメノコ,ひかえめ,27.1
ユキメノコ,ずぶとい,1.4
ユキメノコ,ようき,1.1
ユキメノコ,せっかち,0.6
ユキメノコ,おっとり,0.5
ユキメノコ,おだやか,0.4
ユキメノコ,いじっぱり,0.3
ユキメノコ,むじゃき,0.3
ユキメノコ,れいせい,0.1
バサギリ,ようき,52.1
バサギリ,いじっぱり,43.0
バサギリ,しんちょう,1.0
バサギリ,わんぱく,0.9
バサギリ,ゆうかん,0.8
バサギリ,やんちゃ,0.6
バサギリ,むじゃき,0.6
バサギリ,さみしがり,0.4
バサギリ,せっかち,0.3
バサギリ,まじめ,0.1
ポットデス,ずぶとい,66.0
ポットデス,おくびょう,18.4
ポットデス,ひかえめ,9.6
ポットデス,おだやか,4.1
ポットデス,おっとり,0.4
ポットデス,のんき,0.3
ポットデス,わんぱく,0.3
ポットデス,せっかち,0.2
ポットデス,ようき,0.1
ポットデス,むじゃき,0.1
ヘラクロス,いじっぱり,68.9
ヘラクロス,ようき,24.1
ヘラクロス,ゆうかん,5.2
ヘラクロス,わんぱく,0.8
ヘラクロス,しんちょう,0.3
ヘラクロス,やんちゃ,0.2
ヘラクロス,さみしがり,0.1
ヘラクロス,せっかち,0.1
ヘラクロス,むじゃき,0.1
ヘラクロス,ひかえめ,0.0
ホルード,いじっぱり,79.3
ホルード,ようき,19.2
ホルード,さみしがり,0.3
ホルード,わんぱく,0.3
ホルード,やんちゃ,0.2
ホルード,しんちょう,0.2
ホルード,ゆうかん,0.2
ホルード,せっかち,0.1
ホルード,のんき,0.1
ホルード,おくびょう,0.0
ヌメルゴン(ヒスイ),ひかえめ,39.7
ヌメルゴン(ヒスイ),おだやか,21.9
ヌメルゴン(ヒスイ),ずぶとい,19.2
ヌメルゴン(ヒスイ),なまいき,5.3
ヌメルゴン(ヒスイ),れいせい,3.3
ヌメルゴン(ヒスイ),のんき,3.0
ヌメルゴン(ヒスイ),わんぱく,2.8
ヌメルゴン(ヒスイ),しんちょう,1.7
ヌメルゴン(ヒスイ),いじっぱり,1.1
ヌメルゴン(ヒスイ),おくびょう,1.0
メタモン,のんき,25.2
メタモン,なまいき,14.9
メタモン,まじめ,6.2
メタモン,ようき,5.9
メタモン,おくびょう,5.5
メタモン,むじゃき,5.1
メタモン,ゆうかん,4.7
メタモン,おとなしい,3.6
メタモン,れいせい,3.3
メタモン,せっかち,2.9
マリルリ,いじっぱり,83.9
マリルリ,のんき,2.5
マリルリ,ずぶとい,2.4
マリルリ,おだやか,2.1
マリルリ,わんぱく,2.0
マリルリ,なまいき,1.8
マリルリ,ゆうかん,1.7
マリルリ,ようき,1.5
マリルリ,しんちょう,1.3
マリルリ,ひかえめ,0.2
ヤドラン,ずぶとい,68.1
ヤドラン,おだやか,12.5
ヤドラン,ひかえめ,8.3
ヤドラン,のんき,7.1
ヤドラン,れいせい,1.9
ヤドラン,なまいき,1.5
ヤドラン,わんぱく,0.2
ヤドラン,おくびょう,0.1
ヤドラン,しんちょう,0.1
ヤドラン,おっとり,0.0
ウツボット,ひかえめ,22.7
ウツボット,わんぱく,21.9
ウツボット,いじっぱり,12.4
ウツボット,れいせい,10.1
ウツボット,ずぶとい,9.8
ウツボット,うっかりや,4.9
ウツボット,ようき,3.4
ウツボット,おくびょう,3.0
ウツボット,のんき,2.2
ウツボット,おだやか,2.0
ビビヨン,おくびょう,95.0
ビビヨン,ひかえめ,2.9
ビビヨン,ずぶとい,0.7
ビビヨン,せっかち,0.5
ビビヨン,おだやか,0.2
ビビヨン,おっとり,0.2
ビビヨン,ようき,0.2
ビビヨン,むじゃき,0.1
ビビヨン,れいせい,0.1
ビビヨン,のうてんき,0.0
ブリムオン,ずぶとい,32.1
ブリムオン,れいせい,26.2
ブリムオン,ひかえめ,21.7
ブリムオン,のんき,8.8
ブリムオン,おだやか,7.1
ブリムオン,なまいき,3.0
ブリムオン,おくびょう,0.8
ブリムオン,おっとり,0.1
ブリムオン,おとなしい,0.1
ブリムオン,わんぱく,0.1
ジャローダ,おくびょう,74.3
ジャローダ,ひかえめ,14.5
ジャローダ,ずぶとい,6.1
ジャローダ,おだやか,3.4
ジャローダ,おっとり,0.3
ジャローダ,せっかち,0.3
ジャローダ,ようき,0.2
ジャローダ,のんき,0.1
ジャローダ,れいせい,0.1
ジャローダ,むじゃき,0.1
ドデカバシ,いじっぱり,58.9
ドデカバシ,わんぱく,29.1
ドデカバシ,のんき,3.5
ドデカバシ,ようき,3.1
ドデカバシ,しんちょう,2.0
ドデカバシ,ゆうかん,1.8
ドデカバシ,やんちゃ,0.5
ドデカバシ,ずぶとい,0.2
ドデカバシ,うっかりや,0.1
ドデカバシ,なまいき,0.1
エレザード,おくびょう,76.6
エレザード,ひかえめ,19.7
エレザード,ずぶとい,1.0
エレザード,おだやか,0.8
エレザード,せっかち,0.7
エレザード,おっとり,0.3
エレザード,ようき,0.3
エレザード,のんき,0.1
エレザード,むじゃき,0.1
エレザード,れいせい,0.1
ヤミラミ,ずぶとい,43.8
ヤミラミ,わんぱく,27.1
ヤミラミ,おだやか,7.3
ヤミラミ,しんちょう,6.8
ヤミラミ,のんき,5.9
ヤミラミ,なまいき,3.0
ヤミラミ,ゆうかん,1.9
ヤミラミ,いじっぱり,1.5
ヤミラミ,ようき,0.6
ヤミラミ,さみしがり,0.5
ウインディ(ヒスイ),いじっぱり,66.8
ウインディ(ヒスイ),ようき,26.2
ウインディ(ヒスイ),しんちょう,2.9
ウインディ(ヒスイ),わんぱく,0.8
ウインディ(ヒスイ),やんちゃ,0.6
ウインディ(ヒスイ),さみしがり,0.6
ウインディ(ヒスイ),むじゃき,0.3
ウインディ(ヒスイ),せっかち,0.3
ウインディ(ヒスイ),ひかえめ,0.3
ウインディ(ヒスイ),おだやか,0.2
グレンアルマ,ひかえめ,78.6
グレンアルマ,おくびょう,16.4
グレンアルマ,ずぶとい,1.7
グレンアルマ,れいせい,1.6
グレンアルマ,おだやか,0.7
グレンアルマ,おっとり,0.2
グレンアルマ,のんき,0.2
グレンアルマ,せっかち,0.2
グレンアルマ,なまいき,0.1
グレンアルマ,ようき,0.1
デカヌチャン,ようき,50.7
デカヌチャン,いじっぱり,29.5
デカヌチャン,しんちょう,11.0
デカヌチャン,わんぱく,6.4
デカヌチャン,やんちゃ,0.3
デカヌチャン,むじゃき,0.3
デカヌチャン,ずぶとい,0.3
デカヌチャン,おくびょう,0.2
デカヌチャン,ゆうかん,0.2
デカヌチャン,せっかち,0.2
ヤバソチャ,ずぶとい,72.6
ヤバソチャ,ひかえめ,12.0
ヤバソチャ,おだやか,10.9
ヤバソチャ,おくびょう,1.6
ヤバソチャ,のんき,1.2
ヤバソチャ,れいせい,0.8
ヤバソチャ,なまいき,0.6
ヤバソチャ,おっとり,0.1
ヤバソチャ,しんちょう,0.1
ヤバソチャ,まじめ,0.1
ガオガエン,いじっぱり,28.8
ガオガエン,わんぱく,25.6
ガオガエン,しんちょう,23.7
ガオガエン,のんき,6.7
ガオガエン,なまいき,4.8
ガオガエン,ようき,4.6
ガオガエン,ゆうかん,2.1
ガオガエン,おだやか,1.0
ガオガエン,ずぶとい,1.0
ガオガエン,やんちゃ,0.4
ウェーニバル,ようき,50.7
ウェーニバル,いじっぱり,42.1
ウェーニバル,わんぱく,2.6
ウェーニバル,さみしがり,1.8
ウェーニバル,しんちょう,0.9
ウェーニバル,やんちゃ,0.6
ウェーニバル,むじゃき,0.5
ウェーニバル,せっかち,0.3
ウェーニバル,ゆうかん,0.2
ウェーニバル,のうてんき,0.1
シャンデラ,おくびょう,55.8
シャンデラ,ひかえめ,34.8
シャンデラ,ずぶとい,3.7
シャンデラ,おだやか,2.5
シャンデラ,れいせい,2.4
シャンデラ,せっかち,0.3
シャンデラ,おっとり,0.2
シャンデラ,のんき,0.1
シャンデラ,なまいき,0.1
シャンデラ,むじゃき,0.0
ルチャブル,いじっぱり,47.8
ルチャブル,ようき,47.3
ルチャブル,わんぱく,1.2
ルチャブル,おくびょう,0.7
ルチャブル,さみしがり,0.6
ルチャブル,しんちょう,0.5
ルチャブル,やんちゃ,0.4
ルチャブル,せっかち,0.4
ルチャブル,むじゃき,0.3
ルチャブル,すなお,0.2
サメハダー,いじっぱり,60.4
サメハダー,ようき,18.6
サメハダー,やんちゃ,6.4
サメハダー,さみしがり,2.9
サメハダー,むじゃき,2.8
サメハダー,ひかえめ,2.6
サメハダー,せっかち,2.2
サメハダー,おくびょう,1.4
サメハダー,うっかりや,1.2
サメハダー,おっとり,1.1
エーフィ,おくびょう,63.8
エーフィ,ひかえめ,24.8
エーフィ,ずぶとい,6.1
エーフィ,おだやか,3.9
エーフィ,おっとり,0.4
エーフィ,せっかち,0.3
エーフィ,れいせい,0.1
エーフィ,なまいき,0.1
エーフィ,いじっぱり,0.1
エーフィ,わんぱく,0.1
プテラ,ようき,67.9
プテラ,いじっぱり,27.9
プテラ,むじゃき,1.5
プテラ,せっかち,0.6
プテラ,わんぱく,0.5
プテラ,やんちゃ,0.5
プテラ,さみしがり,0.5
プテラ,しんちょう,0.1
プテラ,おくびょう,0.1
プテラ,ゆうかん,0.1
ジュナイパー(ヒスイ),いじっぱり,67.1
ジュナイパー(ヒスイ),ようき,26.1
ジュナイパー(ヒスイ),わんぱく,2.5
ジュナイパー(ヒスイ),ゆうかん,1.4
ジュナイパー(ヒスイ),しんちょう,1.3
ジュナイパー(ヒスイ),やんちゃ,0.4
ジュナイパー(ヒスイ),さみしがり,0.3
ジュナイパー(ヒスイ),ひかえめ,0.2
ジュナイパー(ヒスイ),むじゃき,0.1
ジュナイパー(ヒスイ),なまいき,0.1
シャワーズ,ずぶとい,39.0
シャワーズ,のんき,30.9
シャワーズ,おだやか,9.9
シャワーズ,ひかえめ,7.8
シャワーズ,わんぱく,5.1
シャワーズ,なまいき,3.6
シャワーズ,れいせい,1.8
シャワーズ,しんちょう,0.7
シャワーズ,おくびょう,0.7
シャワーズ,せっかち,0.1
イッカネズミ(3匹),ようき,58.3
イッカネズミ(3匹),わんぱく,19.8
イッカネズミ(3匹),いじっぱり,12.7
イッカネズミ(3匹),しんちょう,2.7
イッカネズミ(3匹),ずぶとい,2.0
イッカネズミ(3匹),おくびょう,1.1
イッカネズミ(3匹),むじゃき,0.7
イッカネズミ(3匹),せっかち,0.7
イッカネズミ(3匹),さみしがり,0.6
イッカネズミ(3匹),やんちゃ,0.6
カイロス,ようき,81.9
カイロス,いじっぱり,16.2
カイロス,わんぱく,0.5
カイロス,むじゃき,0.3
カイロス,しんちょう,0.3
カイロス,のうてんき,0.3
カイロス,ゆうかん,0.1
カイロス,おくびょう,0.1
カイロス,やんちゃ,0.1
カイロス,せっかち,0.1
ブリガロン,わんぱく,80.0
ブリガロン,いじっぱり,7.8
ブリガロン,しんちょう,4.1
ブリガロン,ずぶとい,3.9
ブリガロン,のんき,1.9
ブリガロン,ようき,0.6
ブリガロン,ゆうかん,0.5
ブリガロン,なまいき,0.4
ブリガロン,おだやか,0.2
ブリガロン,のうてんき,0.1
ミミズズ,わんぱく,48.8
ミミズズ,のんき,27.0
ミミズズ,しんちょう,8.1
ミミズズ,なまいき,6.7
ミミズズ,ずぶとい,4.9
ミミズズ,いじっぱり,1.3
ミミズズ,ようき,1.1
ミミズズ,おだやか,0.6
ミミズズ,ゆうかん,0.6
ミミズズ,のうてんき,0.3
ゴウカザル,ようき,46.5
ゴウカザル,おくびょう,16.5
ゴウカザル,いじっぱり,12.5
ゴウカザル,むじゃき,10.4
ゴウカザル,せっかち,4.8
ゴウカザル,ひかえめ,3.0
ゴウカザル,やんちゃ,1.7
ゴウカザル,さみしがり,1.0
ゴウカザル,おだやか,0.9
ゴウカザル,うっかりや,0.5
ボスゴドラ,わんぱく,54.2
ボスゴドラ,しんちょう,17.4
ボスゴドラ,いじっぱり,13.3
ボスゴドラ,のんき,6.3
ボスゴドラ,ようき,2.8
ボスゴドラ,ゆうかん,2.1
ボスゴドラ,なまいき,1.8
ボスゴドラ,ずぶとい,0.8
ボスゴドラ,おだやか,0.2
ボスゴドラ,やんちゃ,0.2
ガラルヤドラン,ひかえめ,48.1
ガラルヤドラン,れいせい,28.8
ガラルヤドラン,ずぶとい,5.3
ガラルヤドラン,のんき,4.2
ガラルヤドラン,いじっぱり,3.4
ガラルヤドラン,なまいき,3.3
ガラルヤドラン,おだやか,2.5
ガラルヤドラン,ゆうかん,2.4
ガラルヤドラン,しんちょう,0.5
ガラルヤドラン,わんぱく,0.5
チリーン,ひかえめ,42.4
チリーン,ずぶとい,41.0
チリーン,おだやか,11.5
チリーン,おくびょう,1.9
チリーン,れいせい,1.2
チリーン,のんき,1.1
チリーン,なまいき,0.2
チリーン,わんぱく,0.2
チリーン,おっとり,0.2
チリーン,まじめ,0.1
スピアー,ようき,86.1
スピアー,いじっぱり,12.3
スピアー,さみしがり,0.3
スピアー,やんちゃ,0.3
スピアー,むじゃき,0.3
スピアー,せっかち,0.2
スピアー,わんぱく,0.1
スピアー,ひかえめ,0.1
スピアー,おくびょう,0.1
スピアー,ゆうかん,0.0
フーディン,おくびょう,78.1
フーディン,ひかえめ,18.4
フーディン,せっかち,1.0
フーディン,おっとり,0.9
フーディン,のんき,0.4
フーディン,おだやか,0.4
フーディン,ずぶとい,0.3
フーディン,まじめ,0.1
フーディン,ようき,0.1
フーディン,むじゃき,0.1
オーダイル,いじっぱり,50.8
オーダイル,ようき,44.1
オーダイル,ゆうかん,1.6
オーダイル,わんぱく,1.2
オーダイル,しんちょう,0.4
オーダイル,おっとり,0.3
オーダイル,やんちゃ,0.3
オーダイル,むじゃき,0.3
オーダイル,のんき,0.3
オーダイル,ひかえめ,0.2
イダイトウ♀,ひかえめ,44.4
イダイトウ♀,おくびょう,15.7
イダイトウ♀,ようき,14.5
イダイトウ♀,うっかりや,7.7
イダイトウ♀,いじっぱり,7.3
イダイトウ♀,れいせい,3.8
イダイトウ♀,むじゃき,2.2
イダイトウ♀,おっとり,1.9
イダイトウ♀,せっかち,1.0
イダイトウ♀,ゆうかん,0.4
ケケンカニ,ゆうかん,61.4
ケケンカニ,いじっぱり,35.6
ケケンカニ,わんぱく,0.8
ケケンカニ,しんちょう,0.5
ケケンカニ,ようき,0.5
ケケンカニ,のんき,0.4
ケケンカニ,なまいき,0.3
ケケンカニ,やんちゃ,0.1
ケケンカニ,さみしがり,0.1
ケケンカニ,せっかち,0.1
グライオン,いじっぱり,32.6
グライオン,ようき,29.3
グライオン,わんぱく,24.3
グライオン,しんちょう,9.9
グライオン,のんき,0.8
グライオン,やんちゃ,0.7
グライオン,ゆうかん,0.5
グライオン,ずぶとい,0.4
グライオン,おだやか,0.3
グライオン,なまいき,0.3
ユキノオー,れいせい,43.4
ユキノオー,ひかえめ,26.8
ユキノオー,ずぶとい,8.5
ユキノオー,のんき,6.6
ユキノオー,ゆうかん,2.6
ユキノオー,いじっぱり,2.6
ユキノオー,おだやか,2.2
ユキノオー,おくびょう,2.1
ユキノオー,なまいき,1.8
ユキノオー,わんぱく,1.0
ウインディ,ずぶとい,35.9
ウインディ,いじっぱり,28.5
ウインディ,わんぱく,11.1
ウインディ,おだやか,5.1
ウインディ,ひかえめ,4.9
ウインディ,ようき,4.1
ウインディ,しんちょう,3.4
ウインディ,おくびょう,1.2
ウインディ,のんき,1.0
ウインディ,れいせい,0.9
バクフーン(ヒスイ),ひかえめ,54.1
バクフーン(ヒスイ),おくびょう,39.8
バクフーン(ヒスイ),せっかち,1.2
バクフーン(ヒスイ),おっとり,1.0
バクフーン(ヒスイ),おだやか,1.0
バクフーン(ヒスイ),むじゃき,0.8
バクフーン(ヒスイ),ずぶとい,0.8
バクフーン(ヒスイ),うっかりや,0.7
バクフーン(ヒスイ),れいせい,0.2
バクフーン(ヒスイ),ようき,0.1
イルカマン(ナイーブ),いじっぱり,79.7
イルカマン(ナイーブ),ようき,15.9
イルカマン(ナイーブ),ゆうかん,1.1
イルカマン(ナイーブ),わんぱく,0.9
イルカマン(ナイーブ),やんちゃ,0.8
イルカマン(ナイーブ),しんちょう,0.5
イルカマン(ナイーブ),さみしがり,0.4
イルカマン(ナイーブ),むじゃき,0.2
イルカマン(ナイーブ),ひかえめ,0.1
イルカマン(ナイーブ),せっかち,0.1
ピジョット,おくびょう,54.0
ピジョット,ひかえめ,41.8
ピジョット,ずぶとい,0.8
ピジョット,むじゃき,0.7
ピジョット,せっかち,0.6
ピジョット,おだやか,0.6
ピジョット,いじっぱり,0.5
ピジョット,ようき,0.3
ピジョット,おっとり,0.2
ピジョット,うっかりや,0.2
ファイアロー,ようき,36.4
ファイアロー,いじっぱり,33.9
ファイアロー,わんぱく,7.3
ファイアロー,ずぶとい,6.2
ファイアロー,おくびょう,6.2
ファイアロー,ひかえめ,2.3
ファイアロー,むじゃき,1.5
ファイアロー,しんちょう,1.4
ファイアロー,やんちゃ,1.1
ファイアロー,せっかち,0.9
エンニュート,おくびょう,87.4
エンニュート,ひかえめ,5.9
エンニュート,せっかち,1.7
エンニュート,ようき,1.6
エンニュート,ずぶとい,1.2
エンニュート,おだやか,1.1
エンニュート,むじゃき,0.3
エンニュート,おっとり,0.3
エンニュート,れいせい,0.1
エンニュート,なまいき,0.1
マニューラ,ようき,67.5
マニューラ,いじっぱり,28.1
マニューラ,せっかち,1.7
マニューラ,むじゃき,1.0
マニューラ,さみしがり,0.8
マニューラ,やんちゃ,0.5
マニューラ,わんぱく,0.2
マニューラ,うっかりや,0.1
マニューラ,おくびょう,0.0
マニューラ,おとなしい,0.0
バンバドロ,わんぱく,70.0
バンバドロ,しんちょう,13.2
バンバドロ,いじっぱり,7.1
バンバドロ,のんき,4.6
バンバドロ,ゆうかん,1.8
バンバドロ,なまいき,1.3
バンバドロ,ずぶとい,1.1
バンバドロ,おだやか,0.2
バンバドロ,さみしがり,0.2
バンバドロ,のうてんき,0.2
チャーレム,いじっぱり,64.3
チャーレム,ようき,33.4
チャーレム,やんちゃ,0.5
チャーレム,わんぱく,0.4
チャーレム,ゆうかん,0.4
チャーレム,むじゃき,0.3
チャーレム,しんちょう,0.2
チャーレム,さみしがり,0.2
チャーレム,なまいき,0.1
チャーレム,せっかち,0.1
ケンタロス(パルデア炎),いじっぱり,64.4
ケンタロス(パルデア炎),ようき,26.3
ケンタロス(パルデア炎),わんぱく,7.7
ケンタロス(パルデア炎),しんちょう,1.0
ケンタロス(パルデア炎),むじゃき,0.3
ケンタロス(パルデア炎),やんちゃ,0.1
ケンタロス(パルデア炎),さみしがり,0.0
ケンタロス(パルデア炎),のうてんき,0.0
ケンタロス(パルデア炎),おくびょう,0.0
ケンタロス(パルデア炎),せっかち,0.0
ルガルガン(たそがれ),ようき,61.6
ルガルガン(たそがれ),いじっぱり,32.9
ルガルガン(たそがれ),せっかち,2.3
ルガルガン(たそがれ),むじゃき,1.3
ルガルガン(たそがれ),さみしがり,0.9
ルガルガン(たそがれ),やんちゃ,0.5
ルガルガン(たそがれ),ゆうかん,0.1
ルガルガン(たそがれ),おくびょう,0.1
ルガルガン(たそがれ),しんちょう,0.1
ルガルガン(たそがれ),わんぱく,0.0
アリアドス,いじっぱり,55.4
アリアドス,ようき,31.3
アリアドス,わんぱく,6.0
アリアドス,しんちょう,1.4
アリアドス,おくびょう,1.1
アリアドス,ゆうかん,1.1
アリアドス,ずぶとい,0.6
アリアドス,おだやか,0.6
アリアドス,やんちゃ,0.6
アリアドス,さみしがり,0.5
デンリュウ,ひかえめ,60.5
デンリュウ,れいせい,23.4
デンリュウ,ずぶとい,5.8
デンリュウ,おだやか,4.8
デンリュウ,おくびょう,3.0
デンリュウ,なまいき,0.7
デンリュウ,のんき,0.5
デンリュウ,ゆうかん,0.3
デンリュウ,おっとり,0.3
デンリュウ,やんちゃ,0.1
ワルビアル,いじっぱり,57.3
ワルビアル,ようき,30.1
ワルビアル,わんぱく,8.0
ワルビアル,しんちょう,2.4
ワルビアル,おくびょう,0.6
ワルビアル,やんちゃ,0.4
ワルビアル,むじゃき,0.3
ワルビアル,せっかち,0.2
ワルビアル,おだやか,0.2
ワルビアル,さみしがり,0.1
チルタリス,ひかえめ,32.5
チルタリス,ずぶとい,17.6
チルタリス,おだやか,12.9
チルタリス,ようき,10.6
チルタリス,いじっぱり,9.3
チルタリス,しんちょう,7.2
チルタリス,わんぱく,3.9
チルタリス,おくびょう,2.3
チルタリス,なまいき,0.6
チルタリス,のんき,0.5
ジャラランガ,ひかえめ,34.6
ジャラランガ,おくびょう,14.4
ジャラランガ,いじっぱり,12.0
ジャラランガ,ようき,11.8
ジャラランガ,わんぱく,9.0
ジャラランガ,ずぶとい,4.8
ジャラランガ,まじめ,2.0
ジャラランガ,むじゃき,1.8
ジャラランガ,しんちょう,1.7
ジャラランガ,せっかち,1.1
グレイシア,ひかえめ,78.6
グレイシア,ずぶとい,5.7
グレイシア,おくびょう,4.5
グレイシア,れいせい,3.6
グレイシア,うっかりや,3.1
グレイシア,おだやか,2.9
グレイシア,のんき,0.5
グレイシア,おっとり,0.4
グレイシア,なまいき,0.3
グレイシア,むじゃき,0.2
エンブオー,いじっぱり,78.0
エンブオー,ようき,8.5
エンブオー,ゆうかん,4.1
エンブオー,やんちゃ,3.0
エンブオー,わんぱく,2.3
エンブオー,しんちょう,1.2
エンブオー,さみしがり,0.7
エンブオー,れいせい,0.4
エンブオー,ひかえめ,0.3
エンブオー,のんき,0.3
ドダイトス,いじっぱり,49.5
ドダイトス,ようき,28.6
ドダイトス,わんぱく,6.0
ドダイトス,しんちょう,3.9
ドダイトス,のうてんき,3.6
ドダイトス,やんちゃ,1.8
ドダイトス,おだやか,1.2
ドダイトス,のんき,0.8
ドダイトス,ゆうかん,0.7
ドダイトス,ずぶとい,0.6
ライボルト,おくびょう,75.5
ライボルト,ひかえめ,13.7
ライボルト,むじゃき,6.4
ライボルト,せっかち,2.0
ライボルト,うっかりや,0.6
ライボルト,おっとり,0.5
ライボルト,いじっぱり,0.4
ライボルト,ずぶとい,0.3
ライボルト,おだやか,0.1
ライボルト,れいせい,0.1
アマージョ,いじっぱり,49.1
アマージョ,ようき,36.6
アマージョ,わんぱく,11.3
アマージョ,しんちょう,1.4
アマージョ,ゆうかん,0.5
アマージョ,のんき,0.3
アマージョ,やんちゃ,0.2
アマージョ,まじめ,0.1
アマージョ,せっかち,0.1
アマージョ,すなお,0.1
サンダース,おくびょう,67.4
サンダース,ひかえめ,25.1
サンダース,ずぶとい,2.2
サンダース,せっかち,1.6
サンダース,おっとり,1.6
サンダース,おだやか,0.6
サンダース,むじゃき,0.5
サンダース,おとなしい,0.3
サンダース,のんき,0.2
サンダース,ようき,0.1
フォレトス,のんき,41.6
フォレトス,わんぱく,21.9
フォレトス,いじっぱり,8.8
フォレトス,ゆうかん,6.9
フォレトス,なまいき,5.1
フォレトス,ずぶとい,5.0
フォレトス,しんちょう,4.5
フォレトス,ようき,2.6
フォレトス,おだやか,2.4
フォレトス,おくびょう,0.3
ブロスター,ひかえめ,73.7
ブロスター,れいせい,12.1
ブロスター,おくびょう,9.1
ブロスター,おだやか,1.2
ブロスター,ずぶとい,1.2
ブロスター,のんき,0.8
ブロスター,うっかりや,0.8
ブロスター,おっとり,0.6
ブロスター,おとなしい,0.1
ブロスター,なまいき,0.1
ペロリーム,おくびょう,33.3
ペロリーム,おだやか,22.6
ペロリーム,ずぶとい,22.3
ペロリーム,ひかえめ,12.4
ペロリーム,せっかち,3.8
ペロリーム,ようき,1.1
ペロリーム,おっとり,1.1
ペロリーム,むじゃき,1.0
ペロリーム,のうてんき,0.9
ペロリーム,わんぱく,0.4
カイリキー,いじっぱり,81.0
カイリキー,ようき,9.7
カイリキー,ゆうかん,3.3
カイリキー,しんちょう,1.8
カイリキー,わんぱく,1.6
カイリキー,れいせい,0.6
カイリキー,さみしがり,0.4
カイリキー,のんき,0.3
カイリキー,なまいき,0.3
カイリキー,せっかち,0.2
デスバーン,わんぱく,39.7
デスバーン,しんちょう,18.6
デスバーン,のんき,12.8
デスバーン,なまいき,12.6
デスバーン,いじっぱり,6.0
デスバーン,ゆうかん,4.3
デスバーン,ずぶとい,3.2
デスバーン,おだやか,2.1
デスバーン,ようき,0.3
デスバーン,おとなしい,0.1
キョジオーン,しんちょう,48.4
キョジオーン,わんぱく,28.1
キョジオーン,いじっぱり,9.4
キョジオーン,ゆうかん,3.9
キョジオーン,のんき,3.4
キョジオーン,なまいき,3.1
キョジオーン,ずぶとい,1.2
キョジオーン,おだやか,1.0
キョジオーン,ようき,0.8
キョジオーン,やんちゃ,0.2
コータス,れいせい,32.7
コータス,ずぶとい,19.4
コータス,のんき,16.9
コータス,ひかえめ,13.4
コータス,なまいき,6.6
コータス,おだやか,6.5
コータス,わんぱく,1.8
コータス,しんちょう,1.0
コータス,いじっぱり,0.7
コータス,ゆうかん,0.5
デスカーン,ずぶとい,58.4
デスカーン,のんき,19.9
デスカーン,おだやか,9.8
デスカーン,なまいき,4.8
デスカーン,ひかえめ,2.8
デスカーン,れいせい,1.9
デスカーン,わんぱく,1.4
デスカーン,しんちょう,0.6
デスカーン,まじめ,0.1
デスカーン,おくびょう,0.1
アブソル,ようき,31.2
アブソル,むじゃき,29.2
アブソル,いじっぱり,28.4
アブソル,やんちゃ,5.1
アブソル,せっかち,1.5
アブソル,わんぱく,1.2
アブソル,おくびょう,0.8
アブソル,さみしがり,0.6
アブソル,ゆうかん,0.6
アブソル,ずぶとい,0.4
オニゴーリ,おくびょう,44.5
オニゴーリ,いじっぱり,14.2
オニゴーリ,ようき,13.7
オニゴーリ,ずぶとい,9.8
オニゴーリ,ひかえめ,3.7
オニゴーリ,おだやか,3.6
オニゴーリ,むじゃき,3.1
オニゴーリ,まじめ,1.5
オニゴーリ,せっかち,1.1
オニゴーリ,わんぱく,1.0
カットロトム,ひかえめ,49.5
カットロトム,おくびょう,27.9
カットロトム,ずぶとい,12.8
カットロトム,おだやか,6.6
カットロトム,のんき,1.3
カットロトム,なまいき,0.9
カットロトム,れいせい,0.5
カットロトム,おっとり,0.3
カットロトム,せっかち,0.1
カットロトム,おとなしい,0.1
オンバーン,おくびょう,52.3
オンバーン,ひかえめ,40.6
オンバーン,むじゃき,2.2
オンバーン,せっかち,1.0
オンバーン,おだやか,0.9
オンバーン,おっとり,0.9
オンバーン,ずぶとい,0.7
オンバーン,ようき,0.4
オンバーン,うっかりや,0.2
オンバーン,れいせい,0.2
モルペコ,いじっぱり,52.4
モルペコ,ようき,41.8
モルペコ,やんちゃ,1.7
モルペコ,むじゃき,1.1
モルペコ,さみしがり,1.0
モルペコ,せっかち,0.7
モルペコ,しんちょう,0.4
モルペコ,おくびょう,0.3
モルペコ,おっとり,0.2
モルペコ,ゆうかん,0.2
ヘルガー,おくびょう,61.6
ヘルガー,ひかえめ,15.5
ヘルガー,せっかち,10.6
ヘルガー,むじゃき,3.0
ヘルガー,おっとり,2.4
ヘルガー,ようき,1.9
ヘルガー,れいせい,1.3
ヘルガー,ゆうかん,1.0
ヘルガー,おだやか,0.9
ヘルガー,うっかりや,0.8
ミカルゲ,のんき,25.4
ミカルゲ,なまいき,16.1
ミカルゲ,わんぱく,12.6
ミカルゲ,ずぶとい,9.9
ミカルゲ,いじっぱり,9.8
ミカルゲ,おだやか,7.6
ミカルゲ,しんちょう,6.6
ミカルゲ,ゆうかん,4.4
ミカルゲ,れいせい,2.9
ミカルゲ,ひかえめ,2.8
ピカチュウ,ようき,28.6
ピカチュウ,おくびょう,27.7
ピカチュウ,ひかえめ,10.8
ピカチュウ,いじっぱり,7.8
ピカチュウ,むじゃき,7.8
ピカチュウ,せっかち,7.5
ピカチュウ,うっかりや,3.8
ピカチュウ,やんちゃ,1.6
ピカチュウ,ゆうかん,1.4
ピカチュウ,おっとり,1.0
ニョロトノ,ひかえめ,54.0
ニョロトノ,ずぶとい,14.6
ニョロトノ,おだやか,13.6
ニョロトノ,おくびょう,9.0
ニョロトノ,れいせい,2.6
ニョロトノ,のんき,2.5
ニョロトノ,なまいき,0.7
ニョロトノ,おっとり,0.6
ニョロトノ,おとなしい,0.6
ニョロトノ,しんちょう,0.5
ゾロアーク,おくびょう,55.3
ゾロアーク,ひかえめ,21.3
ゾロアーク,せっかち,10.4
ゾロアーク,おっとり,3.5
ゾロアーク,むじゃき,3.4
ゾロアーク,ようき,2.7
ゾロアーク,いじっぱり,1.6
ゾロアーク,うっかりや,0.8
ゾロアーク,ずぶとい,0.4
ゾロアーク,わんぱく,0.1
リキキリン,ひかえめ,45.4
リキキリン,ずぶとい,16.8
リキキリン,れいせい,14.0
リキキリン,おだやか,7.0
リキキリン,のんき,6.1
リキキリン,おくびょう,3.6
リキキリン,なまいき,3.1
リキキリン,おっとり,1.2
リキキリン,せっかち,0.8
リキキリン,しんちょう,0.7
ドクロッグ,いじっぱり,65.4
ドクロッグ,ようき,20.0
ドクロッグ,わんぱく,2.8
ドクロッグ,しんちょう,2.3
ドクロッグ,やんちゃ,2.0
ドクロッグ,むじゃき,1.7
ドクロッグ,せっかち,1.6
ドクロッグ,ひかえめ,1.2
ドクロッグ,さみしがり,0.7
ドクロッグ,ずぶとい,0.6
ロズレイド,おくびょう,37.9
ロズレイド,ひかえめ,30.4
ロズレイド,おだやか,22.6
ロズレイド,ずぶとい,7.2
ロズレイド,いじっぱり,0.3
ロズレイド,おっとり,0.3
ロズレイド,ようき,0.3
ロズレイド,せっかち,0.2
ロズレイド,すなお,0.2
ロズレイド,おとなしい,0.1
クレッフィ,ずぶとい,50.6
クレッフィ,おだやか,25.2
クレッフィ,ひかえめ,14.5
クレッフィ,れいせい,1.8
クレッフィ,わんぱく,1.7
クレッフィ,なまいき,1.4
クレッフィ,おくびょう,1.4
クレッフィ,のんき,1.3
クレッフィ,しんちょう,0.5
クレッフィ,いじっぱり,0.3
ジジーロン,ひかえめ,51.9
ジジーロン,れいせい,29.8
ジジーロン,ずぶとい,9.0
ジジーロン,おだやか,4.9
ジジーロン,おくびょう,1.6
ジジーロン,のんき,1.4
ジジーロン,おっとり,0.9
ジジーロン,なまいき,0.3
ジジーロン,いじっぱり,0.1
ジジーロン,がんばりや,0.0
ヤドキング,ずぶとい,27.3
ヤドキング,おだやか,22.5
ヤドキング,のんき,15.5
ヤドキング,なまいき,14.0
ヤドキング,ひかえめ,11.1
ヤドキング,れいせい,9.0
ヤドキング,おくびょう,0.1
ヤドキング,ようき,0.1
ヤドキング,せっかち,0.1
ヤドキング,ゆうかん,0.1
ドサイドン,いじっぱり,49.7
ドサイドン,ゆうかん,18.5
ドサイドン,わんぱく,15.0
ドサイドン,しんちょう,6.0
ドサイドン,のんき,4.5
ドサイドン,ようき,2.5
ドサイドン,なまいき,1.2
ドサイドン,やんちゃ,0.9
ドサイドン,さみしがり,0.7
ドサイドン,おくびょう,0.5
ゴロンダ,いじっぱり,75.0
ゴロンダ,ゆうかん,10.6
ゴロンダ,ようき,5.8
ゴロンダ,わんぱく,4.8
ゴロンダ,しんちょう,1.2
ゴロンダ,のんき,0.7
ゴロンダ,やんちゃ,0.6
ゴロンダ,なまいき,0.5
ゴロンダ,さみしがり,0.2
ゴロンダ,むじゃき,0.2
カミツオロチ,ひかえめ,46.7
カミツオロチ,れいせい,19.2
カミツオロチ,ずぶとい,17.3
カミツオロチ,おだやか,8.1
カミツオロチ,のんき,3.5
カミツオロチ,なまいき,1.7
カミツオロチ,おくびょう,1.4
カミツオロチ,うっかりや,1.0
カミツオロチ,おっとり,0.5
カミツオロチ,おとなしい,0.3
ハガネール,いじっぱり,35.5
ハガネール,わんぱく,24.5
ハガネール,ゆうかん,11.8
ハガネール,のんき,11.4
ハガネール,しんちょう,9.3
ハガネール,なまいき,3.8
ハガネール,ようき,1.9
ハガネール,ずぶとい,0.8
ハガネール,のうてんき,0.2
ハガネール,れいせい,0.2
キュウコン,おくびょう,56.5
キュウコン,ひかえめ,28.9
キュウコン,ずぶとい,7.3
キュウコン,おだやか,4.0
キュウコン,ようき,1.1
キュウコン,れいせい,0.7
キュウコン,いじっぱり,0.5
キュウコン,せっかち,0.3
キュウコン,おっとり,0.2
キュウコン,むじゃき,0.1
ヌメルゴン,ひかえめ,46.3
ヌメルゴン,おだやか,25.0
ヌメルゴン,ずぶとい,11.9
ヌメルゴン,れいせい,3.6
ヌメルゴン,おくびょう,3.1
ヌメルゴン,なまいき,2.9
ヌメルゴン,しんちょう,1.7
ヌメルゴン,いじっぱり,1.4
ヌメルゴン,のんき,1.2
ヌメルゴン,わんぱく,0.9
ランクルス,ずぶとい,34.0
ランクルス,おだやか,23.1
ランクルス,ひかえめ,21.7
ランクルス,れいせい,12.4
ランクルス,のんき,4.5
ランクルス,なまいき,3.0
ランクルス,おっとり,0.6
ランクルス,ゆうかん,0.3
ランクルス,おくびょう,0.2
ランクルス,しんちょう,0.1
ゴルーグ,いじっぱり,54.1
ゴルーグ,ゆうかん,28.5
ゴルーグ,ようき,8.2
ゴルーグ,わんぱく,3.8
ゴルーグ,しんちょう,2.5
ゴルーグ,ひかえめ,0.6
ゴルーグ,のんき,0.5
ゴルーグ,なまいき,0.5
ゴルーグ,やんちゃ,0.4
ゴルーグ,のうてんき,0.4
オーロット,わんぱく,51.1
オーロット,しんちょう,18.8
オーロット,ずぶとい,9.7
オーロット,いじっぱり,8.2
オーロット,のんき,3.1
オーロット,おだやか,2.8
オーロット,ゆうかん,2.6
オーロット,なまいき,1.6
オーロット,ようき,1.0
オーロット,おくびょう,0.3
マホイップ,ずぶとい,48.9
マホイップ,おだやか,28.4
マホイップ,ひかえめ,15.3
マホイップ,おくびょう,2.5
マホイップ,れいせい,1.6
マホイップ,なまいき,1.3
マホイップ,のんき,1.0
マホイップ,おとなしい,0.4
マホイップ,いじっぱり,0.3
マホイップ,おっとり,0.2
ケンタロス(パルデア水),いじっぱり,58.3
ケンタロス(パルデア水),ようき,24.5
ケンタロス(パルデア水),わんぱく,12.3
ケンタロス(パルデア水),しんちょう,1.6
ケンタロス(パルデア水),さみしがり,1.5
ケンタロス(パルデア水),やんちゃ,1.0
ケンタロス(パルデア水),むじゃき,0.3
ケンタロス(パルデア水),ゆうかん,0.2
ケンタロス(パルデア水),のんき,0.1
ケンタロス(パルデア水),のうてんき,0.1
サダイジャ,ようき,32.8
サダイジャ,わんぱく,32.0
サダイジャ,いじっぱり,13.6
サダイジャ,しんちょう,12.5
サダイジャ,のんき,1.9
サダイジャ,ずぶとい,1.8
サダイジャ,おくびょう,1.0
サダイジャ,さみしがり,0.8
サダイジャ,やんちゃ,0.6
サダイジャ,ゆうかん,0.6
バクフーン,ひかえめ,43.1
バクフーン,おくびょう,30.0
バクフーン,うっかりや,12.5
バクフーン,せっかち,5.2
バクフーン,おっとり,2.5
バクフーン,むじゃき,1.8
バクフーン,さみしがり,1.6
バクフーン,いじっぱり,0.6
バクフーン,れいせい,0.6
バクフーン,ゆうかん,0.4
バクーダ,れいせい,66.1
バクーダ,ひかえめ,23.4
バクーダ,ゆうかん,2.8
バクーダ,なまいき,2.3
バクーダ,ずぶとい,1.4
バクーダ,のんき,1.2
バクーダ,おだやか,0.9
バクーダ,おくびょう,0.6
バクーダ,いじっぱり,0.5
バクーダ,おっとり,0.1
ニャオニクス♂,おくびょう,47.2
ニャオニクス♂,ずぶとい,19.4
ニャオニクス♂,ひかえめ,17.2
ニャオニクス♂,おだやか,9.6
ニャオニクス♂,せっかち,2.0
ニャオニクス♂,いじっぱり,0.9
ニャオニクス♂,わんぱく,0.7
ニャオニクス♂,おとなしい,0.5
ニャオニクス♂,むじゃき,0.5
ニャオニクス♂,おっとり,0.4
ガチゴラス,ようき,47.2
ガチゴラス,いじっぱり,43.0
ガチゴラス,ゆうかん,1.7
ガチゴラス,さみしがり,1.6
ガチゴラス,しんちょう,1.6
ガチゴラス,わんぱく,1.4
ガチゴラス,せっかち,0.6
ガチゴラス,おっとり,0.6
ガチゴラス,のんき,0.5
ガチゴラス,むじゃき,0.5
クレベース,わんぱく,61.0
クレベース,のんき,16.0
クレベース,いじっぱり,12.4
クレベース,ゆうかん,3.4
クレベース,しんちょう,2.3
クレベース,のうてんき,1.5
クレベース,なまいき,1.3
クレベース,ずぶとい,0.9
クレベース,ようき,0.5
クレベース,やんちゃ,0.3
レントラー,いじっぱり,49.1
レントラー,わんぱく,13.0
レントラー,ようき,11.6
レントラー,のんき,6.8
レントラー,ずぶとい,6.5
レントラー,しんちょう,3.1
レントラー,ゆうかん,1.7
レントラー,おだやか,1.7
レントラー,なまいき,1.5
レントラー,ひかえめ,0.8
リーフィア,いじっぱり,43.8
リーフィア,わんぱく,31.4
リーフィア,ようき,12.2
リーフィア,しんちょう,3.4
リーフィア,やんちゃ,2.0
リーフィア,むじゃき,1.3
リーフィア,さみしがり,1.1
リーフィア,ゆうかん,1.0
リーフィア,うっかりや,0.9
リーフィア,ひかえめ,0.8
トリデプス,しんちょう,31.5
トリデプス,わんぱく,23.7
トリデプス,なまいき,14.8
トリデプス,のんき,13.0
トリデプス,おだやか,6.9
トリデプス,ずぶとい,4.8
トリデプス,いじっぱり,1.7
トリデプス,ひかえめ,1.4
トリデプス,ゆうかん,1.1
トリデプス,ようき,0.3
アヤシシ,ひかえめ,28.1
アヤシシ,いじっぱり,25.8
アヤシシ,わんぱく,9.6
アヤシシ,ゆうかん,6.8
アヤシシ,ずぶとい,5.7
アヤシシ,ようき,4.5
アヤシシ,のんき,4.1
アヤシシ,しんちょう,4.0
アヤシシ,れいせい,3.1
アヤシシ,さみしがり,2.2
フラージェス,おだやか,51.5
フラージェス,ひかえめ,21.9
フラージェス,ずぶとい,20.2
フラージェス,おくびょう,2.3
フラージェス,おっとり,1.6
フラージェス,のんき,0.8
フラージェス,なまいき,0.7
フラージェス,れいせい,0.6
フラージェス,おとなしい,0.3
フラージェス,ようき,0.0
マッギョ,おだやか,40.1
マッギョ,ずぶとい,22.1
マッギョ,ひかえめ,16.4
マッギョ,れいせい,6.8
マッギョ,なまいき,6.5
マッギョ,のんき,5.0
マッギョ,わんぱく,0.9
マッギョ,おっとり,0.8
マッギョ,しんちょう,0.6
マッギョ,おくびょう,0.2
エモンガ,おくびょう,60.4
エモンガ,ようき,20.3
エモンガ,ひかえめ,4.5
エモンガ,おだやか,4.1
エモンガ,ずぶとい,2.7
エモンガ,せっかち,2.3
エモンガ,むじゃき,1.9
エモンガ,いじっぱり,1.4
エモンガ,しんちょう,0.8
エモンガ,わんぱく,0.7
アマルルガ,ひかえめ,51.2
アマルルガ,ずぶとい,17.0
アマルルガ,おくびょう,15.5
アマルルガ,おだやか,6.5
アマルルガ,れいせい,3.5
アマルルガ,のんき,2.8
アマルルガ,なまいき,1.5
アマルルガ,おっとり,0.7
アマルルガ,うっかりや,0.4
アマルルガ,わんぱく,0.3
ブースター,いじっぱり,41.2
ブースター,しんちょう,20.7
ブースター,ようき,16.1
ブースター,おだやか,4.2
ブースター,さみしがり,3.9
ブースター,ひかえめ,2.9
ブースター,わんぱく,2.8
ブースター,ゆうかん,1.6
ブースター,おっとり,1.4
ブースター,ずぶとい,1.1
クレベース(ヒスイ),いじっぱり,52.4
クレベース(ヒスイ),わんぱく,15.2
クレベース(ヒスイ),ゆうかん,11.4
クレベース(ヒスイ),ようき,8.7
クレベース(ヒスイ),のんき,6.5
クレベース(ヒスイ),やんちゃ,1.9
クレベース(ヒスイ),しんちょう,1.6
クレベース(ヒスイ),のうてんき,0.9
クレベース(ヒスイ),なまいき,0.7
クレベース(ヒスイ),むじゃき,0.3
アーボック,わんぱく,36.0
アーボック,ようき,21.7
アーボック,いじっぱり,21.2
アーボック,しんちょう,11.5
アーボック,やんちゃ,2.6
アーボック,なまいき,1.9
アーボック,おくびょう,1.3
アーボック,おだやか,1.0
アーボック,おとなしい,1.0
アーボック,ずぶとい,0.4
フロストロトム,ひかえめ,45.6
フロストロトム,おくびょう,28.4
フロストロトム,ずぶとい,17.2
フロストロトム,おだやか,6.3
フロストロトム,れいせい,0.7
フロストロトム,おっとり,0.5
フロストロトム,なまいき,0.4
フロストロトム,やんちゃ,0.3
フロストロトム,のんき,0.2
フロストロトム,ようき,0.1
アローラライチュウ,ひかえめ,46.2
アローラライチュウ,おくびょう,39.5
アローラライチュウ,せっかち,3.2
アローラライチュウ,おっとり,2.3
アローラライチュウ,れいせい,1.8
アローラライチュウ,ずぶとい,1.7
アローラライチュウ,ようき,1.7
アローラライチュウ,まじめ,1.3
アローラライチュウ,おだやか,0.7
アローラライチュウ,むじゃき,0.4
パンプジン(特大),わんぱく,42.0
パンプジン(特大),ゆうかん,16.9
パンプジン(特大),いじっぱり,16.4
パンプジン(特大),しんちょう,7.6
パンプジン(特大),ずぶとい,6.9
パンプジン(特大),のんき,5.2
パンプジン(特大),なまいき,2.9
パンプジン(特大),ようき,1.2
パンプジン(特大),れいせい,0.3
パンプジン(特大),ひかえめ,0.2
タブンネ,ずぶとい,39.7
タブンネ,ひかえめ,18.5
タブンネ,おだやか,15.1
タブンネ,のんき,13.9
タブンネ,なまいき,3.9
タブンネ,れいせい,3.4
タブンネ,しんちょう,2.4
タブンネ,いじっぱり,1.0
タブンネ,おくびょう,0.8
タブンネ,ようき,0.3
ジュナイパー,いじっぱり,42.6
ジュナイパー,ようき,14.3
ジュナイパー,しんちょう,13.8
ジュナイパー,わんぱく,10.9
ジュナイパー,ひかえめ,4.2
ジュナイパー,ゆうかん,2.8
ジュナイパー,うっかりや,2.0
ジュナイパー,なまいき,1.2
ジュナイパー,おとなしい,1.1
ジュナイパー,おだやか,1.1
レパルダス,ようき,24.5
レパルダス,ずぶとい,18.2
レパルダス,わんぱく,16.8
レパルダス,おくびょう,9.4
レパルダス,いじっぱり,8.3
レパルダス,しんちょう,4.7
レパルダス,やんちゃ,4.6
レパルダス,おだやか,2.5
レパルダス,のんき,2.2
レパルダス,ひかえめ,1.9
ライチュウ,おくびょう,57.0
ライチュウ,ひかえめ,15.0
ライチュウ,ようき,9.5
ライチュウ,せっかち,4.5
ライチュウ,おっとり,3.8
ライチュウ,いじっぱり,3.5
ライチュウ,むじゃき,1.5
ライチュウ,うっかりや,1.3
ライチュウ,おだやか,0.8
ライチュウ,れいせい,0.7
ガラルマッギョ,わんぱく,36.1
ガラルマッギョ,しんちょう,17.7
ガラルマッギョ,のうてんき,11.8
ガラルマッギョ,のんき,6.6
ガラルマッギョ,なまいき,5.5
ガラルマッギョ,ずぶとい,5.4
ガラルマッギョ,おだやか,4.4
ガラルマッギョ,いじっぱり,4.1
ガラルマッギョ,ひかえめ,2.5
ガラルマッギョ,ゆうかん,2.4
スピンロトム,ひかえめ,44.6
スピンロトム,おくびょう,25.7
スピンロトム,ずぶとい,20.5
スピンロトム,おだやか,4.9
スピンロトム,おっとり,1.3
スピンロトム,のんき,1.2
スピンロトム,れいせい,0.7
スピンロトム,なまいき,0.5
スピンロトム,せっかち,0.4
スピンロトム,ようき,0.1
デデンネ,おくびょう,38.8
デデンネ,ひかえめ,27.9
デデンネ,おだやか,8.9
デデンネ,ずぶとい,8.3
デデンネ,わんぱく,6.3
デデンネ,ようき,3.8
デデンネ,むじゃき,1.4
デデンネ,せっかち,1.3
デデンネ,いじっぱり,1.2
デデンネ,しんちょう,1.0
バリコオル,ひかえめ,46.7
バリコオル,おくびょう,15.9
バリコオル,ずぶとい,10.1
バリコオル,おだやか,10.0
バリコオル,れいせい,4.3
バリコオル,うっかりや,4.0
バリコオル,おっとり,2.6
バリコオル,のんき,2.1
バリコオル,いじっぱり,0.8
バリコオル,なまいき,0.7
ニャオニクス♀,おくびょう,69.6
ニャオニクス♀,ひかえめ,24.4
ニャオニクス♀,ずぶとい,1.8
ニャオニクス♀,おだやか,1.1
ニャオニクス♀,せっかち,1.0
ニャオニクス♀,がんばりや,0.5
ニャオニクス♀,のんき,0.4
ニャオニクス♀,むじゃき,0.3
ニャオニクス♀,ようき,0.2
ニャオニクス♀,なまいき,0.2
ラムパルド,ようき,45.4
ラムパルド,いじっぱり,32.7
ラムパルド,ゆうかん,16.7
ラムパルド,やんちゃ,2.2
ラムパルド,むじゃき,0.9
ラムパルド,さみしがり,0.7
ラムパルド,わんぱく,0.4
ラムパルド,せっかち,0.3
ラムパルド,しんちょう,0.3
ラムパルド,のんき,0.2
ダストダス,いじっぱり,40.6
ダストダス,わんぱく,31.0
ダストダス,しんちょう,7.6
ダストダス,ようき,7.3
ダストダス,ゆうかん,4.3
ダストダス,おだやか,3.1
ダストダス,ずぶとい,2.5
ダストダス,おくびょう,0.7
ダストダス,のんき,0.7
ダストダス,なまいき,0.5
トリミアン,わんぱく,46.2
トリミアン,しんちょう,12.7
トリミアン,いじっぱり,12.1
トリミアン,ようき,11.0
トリミアン,ずぶとい,4.9
トリミアン,やんちゃ,3.0
トリミアン,おだやか,2.3
トリミアン,なまいき,1.7
トリミアン,のんき,1.5
トリミアン,おくびょう,1.5
ツンベアー,いじっぱり,52.7
ツンベアー,ようき,41.2
ツンベアー,わんぱく,2.0
ツンベアー,ゆうかん,1.1
ツンベアー,しんちょう,0.7
ツンベアー,やんちゃ,0.6
ツンベアー,おくびょう,0.4
ツンベアー,むじゃき,0.3
ツンベアー,ずぶとい,0.2
ツンベアー,おとなしい,0.2
ルガルガン(まひる),ようき,63.2
ルガルガン(まひる),いじっぱり,24.1
ルガルガン(まひる),やんちゃ,4.2
ルガルガン(まひる),むじゃき,2.4
ルガルガン(まひる),せっかち,1.8
ルガルガン(まひる),さみしがり,1.5
ルガルガン(まひる),のんき,1.2
ルガルガン(まひる),わんぱく,0.5
ルガルガン(まひる),ゆうかん,0.4
ルガルガン(まひる),まじめ,0.2
タルップル,ずぶとい,34.8
タルップル,おだやか,26.2
タルップル,れいせい,15.0
タルップル,のんき,9.8
タルップル,ひかえめ,8.1
タルップル,なまいき,4.1
タルップル,わんぱく,0.7
タルップル,ゆうかん,0.5
タルップル,おっとり,0.2
タルップル,のうてんき,0.2
ルガルガン(まよなか),いじっぱり,48.4
ルガルガン(まよなか),ようき,37.3
ルガルガン(まよなか),しんちょう,8.8
ルガルガン(まよなか),さみしがり,1.5
ルガルガン(まよなか),やんちゃ,1.2
ルガルガン(まよなか),せっかち,1.2
ルガルガン(まよなか),わんぱく,1.1
ルガルガン(まよなか),ゆうかん,0.1
ルガルガン(まよなか),なまいき,0.1
ルガルガン(まよなか),むじゃき,0.1
ヒヤッキー,おくびょう,32.7
ヒヤッキー,ひかえめ,28.7
ヒヤッキー,ようき,15.6
ヒヤッキー,せっかち,5.4
ヒヤッキー,いじっぱり,4.4
ヒヤッキー,れいせい,4.3
ヒヤッキー,むじゃき,3.8
ヒヤッキー,ずぶとい,1.8
ヒヤッキー,うっかりや,1.6
ヒヤッキー,おっとり,0.6
ケンタロス,ひかえめ,34.0
ケンタロス,ようき,28.5
ケンタロス,いじっぱり,27.4
ケンタロス,むじゃき,4.8
ケンタロス,わんぱく,3.1
ケンタロス,ゆうかん,0.7
ケンタロス,さみしがり,0.5
ケンタロス,おくびょう,0.2
ケンタロス,せっかち,0.2
ケンタロス,やんちゃ,0.2
パンプジン(普通),いじっぱり,54.4
パンプジン(普通),ようき,21.5
パンプジン(普通),わんぱく,10.3
パンプジン(普通),おだやか,3.3
パンプジン(普通),しんちょう,3.2
パンプジン(普通),ゆうかん,1.6
パンプジン(普通),ずぶとい,1.3
パンプジン(普通),のんき,1.3
パンプジン(普通),むじゃき,0.9
パンプジン(普通),さみしがり,0.6
ナゲツケサル,いじっぱり,42.4
ナゲツケサル,ようき,32.9
ナゲツケサル,ひかえめ,11.5
ナゲツケサル,わんぱく,7.4
ナゲツケサル,しんちょう,3.9
ナゲツケサル,さみしがり,0.5
ナゲツケサル,ゆうかん,0.4
ナゲツケサル,やんちゃ,0.4
ナゲツケサル,ずぶとい,0.3
ナゲツケサル,せっかち,0.1
アップリュー,いじっぱり,49.6
アップリュー,ようき,34.6
アップリュー,ゆうかん,6.3
アップリュー,わんぱく,2.6
アップリュー,やんちゃ,1.5
アップリュー,ひかえめ,0.9
アップリュー,さみしがり,0.8
アップリュー,しんちょう,0.6
アップリュー,せっかち,0.6
アップリュー,おっとり,0.6
ポワルン,ひかえめ,32.8
ポワルン,まじめ,29.3
ポワルン,おくびょう,22.2
ポワルン,ずぶとい,10.1
ポワルン,おっとり,2.3
ポワルン,おだやか,1.7
ポワルン,れいせい,1.1
ポワルン,のんき,0.3
ポワルン,なまいき,0.1
ポワルン,せっかち,0.0
バオッキー,ようき,20.7
バオッキー,おくびょう,19.7
バオッキー,いじっぱり,16.4
バオッキー,ひかえめ,10.8
バオッキー,むじゃき,10.5
バオッキー,おっとり,4.5
バオッキー,うっかりや,4.4
バオッキー,ずぶとい,4.0
バオッキー,やんちゃ,3.1
バオッキー,せっかち,2.9
ヤレユータン,ひかえめ,40.5
ヤレユータン,ずぶとい,18.9
ヤレユータン,れいせい,12.3
ヤレユータン,おだやか,9.8
ヤレユータン,のんき,8.0
ヤレユータン,なまいき,6.9
ヤレユータン,おっとり,1.7
ヤレユータン,おくびょう,1.2
ヤレユータン,いじっぱり,0.4
ヤレユータン,わんぱく,0.1
ダイケンキ,ひかえめ,45.6
ダイケンキ,ずぶとい,11.5
ダイケンキ,れいせい,7.3
ダイケンキ,いじっぱり,7.0
ダイケンキ,のうてんき,6.2
ダイケンキ,のんき,4.8
ダイケンキ,わんぱく,4.1
ダイケンキ,おくびょう,3.7
ダイケンキ,うっかりや,1.7
ダイケンキ,おっとり,1.6
ヤナッキー,ようき,29.9
ヤナッキー,いじっぱり,16.3
ヤナッキー,むじゃき,16.1
ヤナッキー,おくびょう,14.5
ヤナッキー,ひかえめ,11.8
ヤナッキー,せっかち,4.0
ヤナッキー,ずぶとい,1.7
ヤナッキー,うっかりや,1.7
ヤナッキー,やんちゃ,1.5
ヤナッキー,おっとり,0.7
フレフワン,なまいき,28.3
フレフワン,れいせい,24.7
フレフワン,ひかえめ,18.8
フレフワン,のんき,11.0
フレフワン,ずぶとい,8.5
フレフワン,おだやか,3.3
フレフワン,おっとり,3.2
フレフワン,ゆうかん,1.5
フレフワン,まじめ,0.6
フレフワン,おとなしい,0.1
ロトム,いじっぱり,51.8
ロトム,おくびょう,31.0
ロトム,ひかえめ,11.4
ロトム,ずぶとい,3.1
ロトム,おだやか,1.7
ロトム,ようき,0.3
ロトム,うっかりや,0.3
ロトム,せっかち,0.2
ロトム,おとなしい,0.1
ロトム,なまいき,0.1
ミルホッグ,いじっぱり,47.7
ミルホッグ,ゆうかん,25.4
ミルホッグ,ようき,8.5
ミルホッグ,わんぱく,7.1
ミルホッグ,やんちゃ,2.0
ミルホッグ,ひかえめ,1.7
ミルホッグ,のうてんき,1.4
ミルホッグ,おくびょう,1.3
ミルホッグ,おだやか,1.2
ミルホッグ,すなお,1.0
パンプジン(小),ようき,33.4
パンプジン(小),いじっぱり,30.1
パンプジン(小),わんぱく,17.9
パンプジン(小),ゆうかん,7.2
パンプジン(小),おくびょう,4.4
パンプジン(小),しんちょう,2.5
パンプジン(小),ずぶとい,2.0
パンプジン(小),なまいき,1.2
パンプジン(小),おだやか,0.5
パンプジン(小),せっかち,0.3
パンプジン(大),わんぱく,46.0
パンプジン(大),ゆうかん,22.6
パンプジン(大),いじっぱり,15.8
パンプジン(大),しんちょう,3.6
パンプジン(大),ずぶとい,3.6
パンプジン(大),ようき,2.7
パンプジン(大),のうてんき,1.8
パンプジン(大),のんき,1.4
パンプジン(大),おだやか,1.0
パンプジン(大),やんちゃ,0.6
ケンタロス(パルデア単),ようき,41.3
ケンタロス(パルデア単),いじっぱり,40.9
ケンタロス(パルデア単),わんぱく,11.7
ケンタロス(パルデア単),しんちょう,3.1
ケンタロス(パルデア単),やんちゃ,1.5
ケンタロス(パルデア単),さみしがり,0.5
ケンタロス(パルデア単),ずぶとい,0.4
ケンタロス(パルデア単),のんき,0.2
ケンタロス(パルデア単),のうてんき,0.2
ケンタロス(パルデア単),ゆうかん,0.2
