ガブリアス,きあいのタスキ,37.9
ガブリアス,こだわりスカーフ,32.8
ガブリアス,オボンのみ,16.0
ガブリアス,ラムのみ,5.7
ガブリアス,ガブリアスナイト,2.0
ガブリアス,ハバンのみ,1.6
ガブリアス,ヤチェのみ,0.8
ガブリアス,たべのこし,0.6
ガブリアス,ひかりのこな,0.6
ガブリアス,やわらかいすな,0.3
ブリジュラス,オボンのみ,33.3
ブリジュラス,たべのこし,30.2
ブリジュラス,しろいハーブ,21.1
ブリジュラス,こだわりスカーフ,4.4
ブリジュラス,ピントレンズ,2.2
ブリジュラス,シュカのみ,2.1
ブリジュラス,ヨプのみ,1.4
ブリジュラス,カゴのみ,1.4
ブリジュラス,りゅうのキバ,1.1
ブリジュラス,ラムのみ,0.7
マスカーニャ,こだわりスカーフ,76.1
マスカーニャ,きあいのタスキ,19.0
マスカーニャ,ラムのみ,0.8
マスカーニャ,オボンのみ,0.6
マスカーニャ,きせきのタネ,0.4
マスカーニャ,くろいメガネ,0.4
マスカーニャ,ひかりのこな,0.4
マスカーニャ,おうじゃのしるし,0.3
マスカーニャ,せんせいのツメ,0.3
マスカーニャ,たべのこし,0.3
アシレーヌ,オボンのみ,46.1
アシレーヌ,しんぴのしずく,17.0
アシレーヌ,たべのこし,15.3
アシレーヌ,ラムのみ,5.4
アシレーヌ,カゴのみ,4.3
アシレーヌ,きあいのタスキ,4.1
アシレーヌ,ようせいのハネ,3.8
アシレーヌ,ビアーのみ,0.8
アシレーヌ,せんせいのツメ,0.8
アシレーヌ,こだわりスカーフ,0.6
リザードン,リザードナイトＹ,64.3
リザードン,リザードナイトＸ,34.2
リザードン,こだわりスカーフ,0.2
リザードン,きあいのタスキ,0.1
リザードン,ラムのみ,0.1
リザードン,スピアナイト,0.1
リザードン,ライボルトナイト,0.1
リザードン,オボンのみ,0.1
リザードン,もくたん,0.0
リザードン,バンギラスナイト,0.0
アーマーガア,たべのこし,66.6
アーマーガア,オボンのみ,26.0
アーマーガア,ひかりのこな,2.3
アーマーガア,ラムのみ,1.6
アーマーガア,するどいくちばし,0.9
アーマーガア,オッカのみ,0.4
アーマーガア,メンタルハーブ,0.3
アーマーガア,せんせいのツメ,0.3
アーマーガア,メタルコート,0.2
アーマーガア,ソクノのみ,0.2
イダイトウ♂,こだわりスカーフ,74.1
イダイトウ♂,きあいのタスキ,10.3
イダイトウ♂,しんぴのしずく,10.0
イダイトウ♂,のろいのおふだ,3.6
イダイトウ♂,オボンのみ,0.4
イダイトウ♂,せんせいのツメ,0.3
イダイトウ♂,カシブのみ,0.3
イダイトウ♂,ラムのみ,0.2
イダイトウ♂,ナモのみ,0.1
イダイトウ♂,たべのこし,0.1
カバルドン,オボンのみ,64.1
カバルドン,たべのこし,32.8
カバルドン,メンタルハーブ,0.7
カバルドン,ラムのみ,0.7
カバルドン,せんせいのツメ,0.4
カバルドン,ひかりのこな,0.2
カバルドン,イトケのみ,0.2
カバルドン,やわらかいすな,0.2
カバルドン,きあいのタスキ,0.1
カバルドン,リンドのみ,0.1
ルカリオ,ルカリオナイト,97.3
ルカリオ,きあいのタスキ,1.2
ルカリオ,こだわりスカーフ,0.8
ルカリオ,くろおび,0.1
ルカリオ,ハッサムナイト,0.0
ルカリオ,オボンのみ,0.0
ルカリオ,メタルコート,0.0
ルカリオ,シュカのみ,0.0
ルカリオ,せんせいのツメ,0.0
ルカリオ,ラムのみ,0.0
ゲンガー,ゲンガナイト,81.9
ゲンガー,きあいのタスキ,15.5
ゲンガー,こだわりスカーフ,1.3
ゲンガー,のろいのおふだ,0.1
ゲンガー,せんせいのツメ,0.1
ゲンガー,ひかりのこな,0.1
ゲンガー,オボンのみ,0.1
ゲンガー,シュカのみ,0.1
ゲンガー,ラムのみ,0.0
ゲンガー,きあいのハチマキ,0.0
ミミロップ,ミミロップナイト,97.0
ミミロップ,メンタルハーブ,0.9
ミミロップ,オボンのみ,0.6
ミミロップ,こだわりスカーフ,0.3
ミミロップ,ヨプのみ,0.2
ミミロップ,きあいのタスキ,0.2
ミミロップ,たべのこし,0.1
ミミロップ,ラムのみ,0.1
ミミロップ,ひかりのこな,0.1
ミミロップ,ルカリオナイト,0.0
ギルガルド(シールド),たべのこし,58.7
ギルガルド(シールド),のろいのおふだ,29.3
ギルガルド(シールド),きあいのタスキ,4.8
ギルガルド(シールド),オボンのみ,2.4
ギルガルド(シールド),ラムのみ,1.4
ギルガルド(シールド),シュカのみ,0.7
ギルガルド(シールド),くろおび,0.5
ギルガルド(シールド),カシブのみ,0.4
ギルガルド(シールド),メタルコート,0.3
ギルガルド(シールド),ナモのみ,0.2
ギャラドス,ギャラドスナイト,62.8
ギャラドス,たべのこし,18.0
ギャラドス,オボンのみ,7.7
ギャラドス,ラムのみ,5.8
ギャラドス,カゴのみ,2.9
ギャラドス,しんぴのしずく,0.7
ギャラドス,ソクノのみ,0.7
ギャラドス,きあいのタスキ,0.3
ギャラドス,こだわりスカーフ,0.2
ギャラドス,おうじゃのしるし,0.2
ハッサム,ハッサムナイト,77.8
ハッサム,メタルコート,11.1
ハッサム,オボンのみ,3.9
ハッサム,ラムのみ,2.6
ハッサム,たべのこし,1.4
ハッサム,きあいのタスキ,1.0
ハッサム,オッカのみ,0.8
ハッサム,ピントレンズ,0.1
ハッサム,しろいハーブ,0.1
ハッサム,ぎんのこな,0.1
キラフロル,キラフロルナイト,54.1
キラフロル,きあいのタスキ,36.4
キラフロル,たべのこし,4.7
キラフロル,こだわりスカーフ,1.5
キラフロル,シュカのみ,1.0
キラフロル,オボンのみ,1.0
キラフロル,せんせいのツメ,0.1
キラフロル,ひかりのこな,0.1
キラフロル,イトケのみ,0.1
キラフロル,メンタルハーブ,0.1
カイリュー,カイリュナイト,80.5
カイリュー,ラムのみ,11.5
カイリュー,たべのこし,1.5
カイリュー,シルクのスカーフ,0.9
カイリュー,しろいハーブ,0.8
カイリュー,オボンのみ,0.7
カイリュー,こだわりスカーフ,0.6
カイリュー,ヤチェのみ,0.6
カイリュー,りゅうのキバ,0.6
カイリュー,ひかりのこな,0.3
フラエッテ(永遠),フラエッテナイト,97.3
フラエッテ(永遠),こだわりスカーフ,1.9
フラエッテ(永遠),ラムのみ,0.1
フラエッテ(永遠),ミミロップナイト,0.1
フラエッテ(永遠),ようせいのハネ,0.1
フラエッテ(永遠),きあいのタスキ,0.0
フラエッテ(永遠),リザードナイトＹ,0.0
フラエッテ(永遠),たべのこし,0.0
フラエッテ(永遠),オボンのみ,0.0
フラエッテ(永遠),マフォクシナイト,0.0
ウルガモス,オボンのみ,44.6
ウルガモス,ラムのみ,21.8
ウルガモス,たべのこし,15.9
ウルガモス,きあいのタスキ,8.9
ウルガモス,こだわりスカーフ,1.7
ウルガモス,ヨロギのみ,1.7
ウルガモス,ひかりのこな,1.1
ウルガモス,イトケのみ,1.0
ウルガモス,もくたん,1.0
ウルガモス,かいがらのすず,0.3
スターミー,スターミナイト,97.7
スターミー,きあいのタスキ,0.6
スターミー,こだわりスカーフ,0.4
スターミー,たべのこし,0.3
スターミー,ひかりのこな,0.2
スターミー,しんぴのしずく,0.1
スターミー,オボンのみ,0.1
スターミー,せんせいのツメ,0.0
スターミー,ラムのみ,0.0
スターミー,じしゃく,0.0
ミミッキュ,のろいのおふだ,30.7
ミミッキュ,ラムのみ,22.8
ミミッキュ,ピントレンズ,16.2
ミミッキュ,ようせいのハネ,15.2
ミミッキュ,ひかりのこな,3.9
ミミッキュ,オボンのみ,2.9
ミミッキュ,たべのこし,2.0
ミミッキュ,こだわりスカーフ,1.8
ミミッキュ,メンタルハーブ,1.3
ミミッキュ,せんせいのツメ,0.7
サザンドラ,こだわりスカーフ,79.0
サザンドラ,きあいのタスキ,5.9
サザンドラ,オボンのみ,2.1
サザンドラ,しろいハーブ,2.0
サザンドラ,くろいメガネ,2.0
サザンドラ,ラムのみ,1.9
サザンドラ,たべのこし,1.8
サザンドラ,ハバンのみ,1.6
サザンドラ,ピントレンズ,0.7
サザンドラ,りゅうのキバ,0.5
ウォッシュロトム,オボンのみ,40.6
ウォッシュロトム,たべのこし,30.8
ウォッシュロトム,こだわりスカーフ,16.0
ウォッシュロトム,カゴのみ,3.0
ウォッシュロトム,ラムのみ,2.8
ウォッシュロトム,じしゃく,1.8
ウォッシュロトム,しんぴのしずく,1.0
ウォッシュロトム,ひかりのこな,0.9
ウォッシュロトム,リンドのみ,0.8
ウォッシュロトム,せんせいのツメ,0.7
ダイケンキ(ヒスイ),きあいのタスキ,37.0
ダイケンキ(ヒスイ),くろいメガネ,35.6
ダイケンキ(ヒスイ),こだわりスカーフ,16.1
ダイケンキ(ヒスイ),オボンのみ,5.8
ダイケンキ(ヒスイ),ラムのみ,1.9
ダイケンキ(ヒスイ),ヨプのみ,0.7
ダイケンキ(ヒスイ),ピントレンズ,0.7
ダイケンキ(ヒスイ),せんせいのツメ,0.4
ダイケンキ(ヒスイ),たべのこし,0.4
ダイケンキ(ヒスイ),しんぴのしずく,0.3
ドドゲザン,くろいメガネ,65.7
ドドゲザン,きあいのタスキ,12.5
ドドゲザン,ヨプのみ,7.2
ドドゲザン,ラムのみ,4.2
ドドゲザン,オボンのみ,3.0
ドドゲザン,たべのこし,1.8
ドドゲザン,せんせいのツメ,1.2
ドドゲザン,シュカのみ,0.8
ドドゲザン,ひかりのこな,0.5
ドドゲザン,オッカのみ,0.5
ソウブレイズ,きあいのタスキ,87.2
ソウブレイズ,こだわりスカーフ,2.4
ソウブレイズ,のろいのおふだ,2.1
ソウブレイズ,オボンのみ,1.8
ソウブレイズ,たべのこし,1.4
ソウブレイズ,もくたん,1.0
ソウブレイズ,シュカのみ,0.9
ソウブレイズ,しろいハーブ,0.7
ソウブレイズ,カシブのみ,0.4
ソウブレイズ,ラムのみ,0.4
マフォクシー,マフォクシナイト,96.5
マフォクシー,きあいのタスキ,0.7
マフォクシー,こだわりスカーフ,0.5
マフォクシー,オボンのみ,0.2
マフォクシー,バンギラスナイト,0.1
マフォクシー,もくたん,0.1
マフォクシー,しろいハーブ,0.1
マフォクシー,たべのこし,0.1
マフォクシー,せんせいのツメ,0.1
マフォクシー,ラムのみ,0.1
カメックス,カメックスナイト,91.7
カメックス,しろいハーブ,4.7
カメックス,オボンのみ,1.4
カメックス,ラムのみ,0.4
カメックス,たべのこし,0.4
カメックス,きあいのタスキ,0.3
カメックス,しんぴのしずく,0.3
カメックス,こだわりスカーフ,0.1
カメックス,リンドのみ,0.1
カメックス,せんせいのツメ,0.1
ラウドボーン,たべのこし,36.2
ラウドボーン,オボンのみ,25.5
ラウドボーン,カシブのみ,12.8
ラウドボーン,シュカのみ,3.0
ラウドボーン,ラムのみ,2.0
ラウドボーン,もくたん,1.2
ラウドボーン,せんせいのツメ,1.1
ラウドボーン,ひかりのこな,1.1
ラウドボーン,ナモのみ,0.5
ラウドボーン,こだわりスカーフ,0.4
フシギバナ,フシギバナイト,93.2
フシギバナ,たべのこし,2.0
フシギバナ,オボンのみ,1.4
フシギバナ,きせきのタネ,0.9
フシギバナ,ラムのみ,0.4
フシギバナ,きあいのタスキ,0.3
フシギバナ,ひかりのこな,0.2
フシギバナ,どくバリ,0.2
フシギバナ,こだわりスカーフ,0.1
フシギバナ,せんせいのツメ,0.1
ハラバリー,たべのこし,55.1
ハラバリー,オボンのみ,26.8
ハラバリー,シュカのみ,8.0
ハラバリー,じしゃく,7.1
ハラバリー,ラムのみ,0.6
ハラバリー,かいがらのすず,0.6
ハラバリー,せんせいのツメ,0.6
ハラバリー,ひかりのこな,0.4
ハラバリー,メンタルハーブ,0.1
ハラバリー,きあいのタスキ,0.1
ゲッコウガ,ゲッコウガナイト,41.4
ゲッコウガ,きあいのタスキ,34.7
ゲッコウガ,こだわりスカーフ,15.5
ゲッコウガ,くろいメガネ,4.2
ゲッコウガ,しんぴのしずく,1.0
ゲッコウガ,おうじゃのしるし,0.8
ゲッコウガ,ラムのみ,0.4
ゲッコウガ,オボンのみ,0.4
ゲッコウガ,ひかりのこな,0.3
ゲッコウガ,せんせいのツメ,0.2
ブラッキー,たべのこし,89.5
ブラッキー,オボンのみ,4.7
ブラッキー,ラムのみ,1.3
ブラッキー,ひかりのこな,1.2
ブラッキー,ヨプのみ,0.8
ブラッキー,くろいメガネ,0.7
ブラッキー,メンタルハーブ,0.6
ブラッキー,せんせいのツメ,0.3
ブラッキー,ロゼルのみ,0.1
ブラッキー,かいがらのすず,0.1
オオニューラ,しろいハーブ,48.2
オオニューラ,きあいのタスキ,21.6
オオニューラ,オボンのみ,15.9
オオニューラ,こだわりスカーフ,6.5
オオニューラ,おうじゃのしるし,1.1
オオニューラ,ラムのみ,0.8
オオニューラ,くろおび,0.8
オオニューラ,せんせいのツメ,0.7
オオニューラ,どくバリ,0.7
オオニューラ,シュカのみ,0.6
ガルーラ,ガルーラナイト,96.3
ガルーラ,シルクのスカーフ,2.0
ガルーラ,オボンのみ,0.3
ガルーラ,ヨプのみ,0.2
ガルーラ,ラムのみ,0.1
ガルーラ,きあいのタスキ,0.1
ガルーラ,せんせいのツメ,0.1
ガルーラ,たべのこし,0.1
ガルーラ,くろおび,0.1
ガルーラ,こだわりスカーフ,0.0
メガニウム,メガニウムナイト,98.9
メガニウム,たべのこし,0.1
メガニウム,こだわりスカーフ,0.1
メガニウム,きあいのタスキ,0.1
メガニウム,オボンのみ,0.1
メガニウム,ラムのみ,0.0
メガニウム,せんせいのツメ,0.0
メガニウム,カイリュナイト,0.0
メガニウム,ひかりのこな,0.0
メガニウム,ゲンガナイト,0.0
ピクシー,ピクシナイト,86.4
ピクシー,たべのこし,5.6
ピクシー,オボンのみ,3.5
ピクシー,リリバのみ,1.3
ピクシー,きあいのタスキ,0.7
ピクシー,ひかりのこな,0.4
ピクシー,ラムのみ,0.3
ピクシー,メンタルハーブ,0.3
ピクシー,せんせいのツメ,0.2
ピクシー,ようせいのハネ,0.2
クエスパトラ,オボンのみ,42.9
クエスパトラ,きあいのタスキ,26.5
クエスパトラ,たべのこし,11.3
クエスパトラ,メンタルハーブ,5.1
クエスパトラ,カシブのみ,2.9
クエスパトラ,まがったスプーン,2.4
クエスパトラ,ナモのみ,2.3
クエスパトラ,ラムのみ,2.1
クエスパトラ,ひかりのこな,1.6
クエスパトラ,こだわりスカーフ,0.6
バンギラス,バンギラスナイト,47.7
バンギラス,オボンのみ,11.3
バンギラス,たべのこし,9.9
バンギラス,ヨプのみ,8.3
バンギラス,シュカのみ,6.1
バンギラス,ラムのみ,5.7
バンギラス,カゴのみ,3.1
バンギラス,きあいのタスキ,2.2
バンギラス,こだわりスカーフ,1.7
バンギラス,せんせいのツメ,1.1
ニンフィア,ようせいのハネ,47.3
ニンフィア,たべのこし,32.6
ニンフィア,オボンのみ,10.9
ニンフィア,リリバのみ,1.9
ニンフィア,せんせいのツメ,1.5
ニンフィア,ラムのみ,1.5
ニンフィア,ひかりのこな,1.0
ニンフィア,カゴのみ,0.9
ニンフィア,きあいのタスキ,0.6
ニンフィア,こだわりスカーフ,0.5
オニシズクモ,オボンのみ,57.3
オニシズクモ,しんぴのしずく,18.1
オニシズクモ,たべのこし,7.1
オニシズクモ,きあいのタスキ,4.5
オニシズクモ,せんせいのツメ,3.7
オニシズクモ,メンタルハーブ,3.3
オニシズクモ,ラムのみ,2.3
オニシズクモ,ヨロギのみ,0.9
オニシズクモ,ひかりのこな,0.6
オニシズクモ,ソクノのみ,0.6
ゾロアーク(ヒスイ),きあいのタスキ,69.9
ゾロアーク(ヒスイ),こだわりスカーフ,19.2
ゾロアーク(ヒスイ),ひかりのこな,2.4
ゾロアーク(ヒスイ),のろいのおふだ,2.3
ゾロアーク(ヒスイ),ナモのみ,1.4
ゾロアーク(ヒスイ),オボンのみ,0.9
ゾロアーク(ヒスイ),せんせいのツメ,0.7
ゾロアーク(ヒスイ),ラムのみ,0.7
ゾロアーク(ヒスイ),シルクのスカーフ,0.5
ゾロアーク(ヒスイ),たべのこし,0.3
ペリッパー,オボンのみ,54.6
ペリッパー,きあいのタスキ,20.6
ペリッパー,こだわりスカーフ,7.3
ペリッパー,たべのこし,2.9
ペリッパー,ソクノのみ,2.7
ペリッパー,しんぴのしずく,2.5
ペリッパー,せんせいのツメ,1.6
ペリッパー,するどいくちばし,1.5
ペリッパー,ラムのみ,1.4
ペリッパー,ピントレンズ,1.3
エルフーン,きあいのタスキ,60.9
エルフーン,たべのこし,24.2
エルフーン,オボンのみ,3.5
エルフーン,ようせいのハネ,2.7
エルフーン,メンタルハーブ,2.1
エルフーン,ひかりのこな,2.0
エルフーン,ラムのみ,1.0
エルフーン,こだわりスカーフ,0.6
エルフーン,リリバのみ,0.5
エルフーン,ビアーのみ,0.4
エアームド,エアームドナイト,67.1
エアームド,オボンのみ,13.0
エアームド,たべのこし,10.3
エアームド,メンタルハーブ,2.9
エアームド,ひかりのこな,1.4
エアームド,くろおび,1.3
エアームド,ラムのみ,1.2
エアームド,するどいくちばし,0.4
エアームド,せんせいのツメ,0.4
エアームド,オッカのみ,0.4
マンムー,きあいのタスキ,77.2
マンムー,こだわりスカーフ,5.7
マンムー,オボンのみ,4.4
マンムー,とけないこおり,3.6
マンムー,ヨプのみ,2.8
マンムー,ラムのみ,1.8
マンムー,せんせいのツメ,0.9
マンムー,たべのこし,0.9
マンムー,やわらかいすな,0.6
マンムー,ひかりのこな,0.4
エルレイド,こだわりスカーフ,27.5
エルレイド,エルレイドナイト,26.3
エルレイド,きあいのタスキ,25.3
エルレイド,ピントレンズ,10.0
エルレイド,ラムのみ,4.1
エルレイド,くろおび,2.3
エルレイド,オボンのみ,2.0
エルレイド,せんせいのツメ,0.7
エルレイド,カシブのみ,0.5
エルレイド,たべのこし,0.2
カビゴン,たべのこし,35.9
カビゴン,ヨプのみ,29.9
カビゴン,オボンのみ,13.7
カビゴン,カゴのみ,10.1
カビゴン,シルクのスカーフ,4.0
カビゴン,ラムのみ,3.0
カビゴン,せんせいのツメ,1.4
カビゴン,ひかりのこな,0.3
カビゴン,しろいハーブ,0.2
カビゴン,きあいのタスキ,0.2
ヒートロトム,オボンのみ,34.2
ヒートロトム,こだわりスカーフ,28.1
ヒートロトム,たべのこし,17.5
ヒートロトム,しろいハーブ,8.5
ヒートロトム,ラムのみ,2.3
ヒートロトム,じしゃく,1.9
ヒートロトム,イトケのみ,1.6
ヒートロトム,きあいのタスキ,1.3
ヒートロトム,もくたん,1.1
ヒートロトム,カゴのみ,0.8
スコヴィラン,スコヴィラナイト,90.3
スコヴィラン,たべのこし,7.3
スコヴィラン,きあいのタスキ,0.4
スコヴィラン,オボンのみ,0.4
スコヴィラン,ひかりのこな,0.2
スコヴィラン,もくたん,0.2
スコヴィラン,きせきのタネ,0.1
スコヴィラン,しろいハーブ,0.1
スコヴィラン,かいがらのすず,0.1
スコヴィラン,こだわりスカーフ,0.1
ドラパルト,きあいのタスキ,37.0
ドラパルト,こだわりスカーフ,26.4
ドラパルト,りゅうのキバ,7.9
ドラパルト,たべのこし,4.3
ドラパルト,ラムのみ,4.1
ドラパルト,オボンのみ,3.3
ドラパルト,しろいハーブ,2.9
ドラパルト,ひかりのこな,2.4
ドラパルト,のろいのおふだ,1.7
ドラパルト,おうじゃのしるし,1.3
ミロカロス,たべのこし,46.9
ミロカロス,オボンのみ,25.5
ミロカロス,ラムのみ,18.9
ミロカロス,しんぴのしずく,2.3
ミロカロス,ひかりのこな,1.5
ミロカロス,せんせいのツメ,0.8
ミロカロス,かいがらのすず,0.7
ミロカロス,カゴのみ,0.6
ミロカロス,リンドのみ,0.4
ミロカロス,ソクノのみ,0.3
アローラキュウコン,とけないこおり,42.2
アローラキュウコン,きあいのタスキ,24.7
アローラキュウコン,オボンのみ,10.3
アローラキュウコン,こだわりスカーフ,5.2
アローラキュウコン,たべのこし,3.6
アローラキュウコン,リリバのみ,3.5
アローラキュウコン,ラムのみ,3.4
アローラキュウコン,ひかりのこな,2.1
アローラキュウコン,メンタルハーブ,1.2
アローラキュウコン,ようせいのハネ,0.7
ドリュウズ,こだわりスカーフ,25.5
ドリュウズ,きあいのタスキ,24.8
ドリュウズ,やわらかいすな,24.3
ドリュウズ,ドリュウズナイト,17.5
ドリュウズ,ラムのみ,1.6
ドリュウズ,オボンのみ,1.2
ドリュウズ,シュカのみ,1.1
ドリュウズ,たべのこし,0.7
ドリュウズ,せんせいのツメ,0.6
ドリュウズ,ヨプのみ,0.4
バイバニラ,とけないこおり,80.2
バイバニラ,きあいのタスキ,6.2
バイバニラ,オボンのみ,4.8
バイバニラ,たべのこし,2.6
バイバニラ,こだわりスカーフ,1.3
バイバニラ,せんせいのツメ,1.1
バイバニラ,ヨプのみ,0.8
バイバニラ,オッカのみ,0.6
バイバニラ,ラムのみ,0.5
バイバニラ,シルクのスカーフ,0.5
サーナイト,サーナイトナイト,84.2
サーナイト,こだわりスカーフ,6.2
サーナイト,きあいのタスキ,4.0
サーナイト,ビアーのみ,1.3
サーナイト,オボンのみ,1.1
サーナイト,ようせいのハネ,0.5
サーナイト,たべのこし,0.5
サーナイト,せんせいのツメ,0.5
サーナイト,ラムのみ,0.4
サーナイト,リリバのみ,0.2
ドヒドイデ,たべのこし,55.2
ドヒドイデ,オボンのみ,12.2
ドヒドイデ,メンタルハーブ,4.9
ドヒドイデ,ひかりのこな,3.4
ドヒドイデ,シュカのみ,2.2
ドヒドイデ,ラムのみ,0.8
ドヒドイデ,せんせいのツメ,0.5
ドヒドイデ,ソクノのみ,0.2
ドヒドイデ,ヒメリのみ,0.2
ドヒドイデ,どくバリ,0.2
ガラルヤドキング,たべのこし,36.4
ガラルヤドキング,オボンのみ,27.4
ガラルヤドキング,シュカのみ,15.7
ガラルヤドキング,ひかりのこな,4.1
ガラルヤドキング,どくバリ,2.5
ガラルヤドキング,カシブのみ,2.2
ガラルヤドキング,まがったスプーン,2.1
ガラルヤドキング,せんせいのツメ,1.4
ガラルヤドキング,くろおび,1.0
ガラルヤドキング,メンタルハーブ,0.9
ジュペッタ,ジュペッタナイト,99.2
ジュペッタ,きあいのタスキ,0.2
ジュペッタ,おうじゃのしるし,0.1
ジュペッタ,のろいのおふだ,0.0
ジュペッタ,こだわりスカーフ,0.0
ジュペッタ,せんせいのツメ,0.0
ジュペッタ,ゲンガナイト,0.0
ジュペッタ,ヤミラミナイト,0.0
ジュペッタ,ラムのみ,0.0
ジュペッタ,ギャラドスナイト,0.0
エンペルト,シュカのみ,48.2
エンペルト,たべのこし,20.1
エンペルト,オボンのみ,16.1
エンペルト,ヨプのみ,5.0
エンペルト,きあいのタスキ,4.7
エンペルト,ラムのみ,1.3
エンペルト,しんぴのしずく,1.1
エンペルト,せんせいのツメ,1.1
エンペルト,ひかりのこな,0.5
エンペルト,メンタルハーブ,0.4
ローブシン,くろおび,39.5
ローブシン,オボンのみ,22.3
ローブシン,きあいのタスキ,22.1
ローブシン,ラムのみ,5.7
ローブシン,たべのこし,3.0
ローブシン,せんせいのツメ,2.5
ローブシン,ロゼルのみ,1.3
ローブシン,ピントレンズ,0.8
ローブシン,かいがらのすず,0.5
ローブシン,ひかりのこな,0.4
ユキメノコ,ユキメノコナイト,95.3
ユキメノコ,きあいのタスキ,2.1
ユキメノコ,こだわりスカーフ,0.8
ユキメノコ,とけないこおり,0.3
ユキメノコ,ひかりのこな,0.2
ユキメノコ,ユキノオナイト,0.1
ユキメノコ,せんせいのツメ,0.1
ユキメノコ,カシブのみ,0.1
ユキメノコ,オボンのみ,0.1
ユキメノコ,たべのこし,0.1
バサギリ,きあいのタスキ,58.1
バサギリ,こだわりスカーフ,30.7
バサギリ,オボンのみ,2.5
バサギリ,せんせいのツメ,1.7
バサギリ,かたいいし,1.6
バサギリ,ラムのみ,0.9
バサギリ,イトケのみ,0.7
バサギリ,ピントレンズ,0.7
バサギリ,ひかりのこな,0.4
バサギリ,たべのこし,0.3
ポットデス,しろいハーブ,91.3
ポットデス,きあいのタスキ,5.8
ポットデス,メンタルハーブ,0.6
ポットデス,オボンのみ,0.6
ポットデス,たべのこし,0.3
ポットデス,ひかりのこな,0.3
ポットデス,カシブのみ,0.2
ポットデス,ナモのみ,0.2
ポットデス,こだわりスカーフ,0.1
ポットデス,のろいのおふだ,0.1
ヘラクロス,ヘラクロスナイト,96.0
ヘラクロス,こだわりスカーフ,2.3
ヘラクロス,きあいのタスキ,0.6
ヘラクロス,せんせいのツメ,0.2
ヘラクロス,しろいハーブ,0.2
ヘラクロス,くろおび,0.1
ヘラクロス,オボンのみ,0.1
ヘラクロス,ラムのみ,0.1
ヘラクロス,ピントレンズ,0.1
ヘラクロス,きせきのタネ,0.0
ホルード,きあいのタスキ,77.1
ホルード,こだわりスカーフ,15.9
ホルード,ラムのみ,2.0
ホルード,オボンのみ,1.5
ホルード,やわらかいすな,0.8
ホルード,ヨプのみ,0.5
ホルード,せんせいのツメ,0.5
ホルード,シルクのスカーフ,0.4
ホルード,たべのこし,0.2
ホルード,ひかりのこな,0.2
ヌメルゴン(ヒスイ),たべのこし,44.1
ヌメルゴン(ヒスイ),オボンのみ,17.1
ヌメルゴン(ヒスイ),シュカのみ,7.2
ヌメルゴン(ヒスイ),メタルコート,5.9
ヌメルゴン(ヒスイ),りゅうのキバ,5.2
ヌメルゴン(ヒスイ),カゴのみ,4.9
ヌメルゴン(ヒスイ),しろいハーブ,4.1
ヌメルゴン(ヒスイ),ヨプのみ,4.1
ヌメルゴン(ヒスイ),せんせいのツメ,2.3
ヌメルゴン(ヒスイ),ラムのみ,1.8
メタモン,こだわりスカーフ,81.8
メタモン,きあいのタスキ,8.0
メタモン,せんせいのツメ,6.5
メタモン,ひかりのこな,0.9
メタモン,オボンのみ,0.9
メタモン,たべのこし,0.5
メタモン,ラムのみ,0.4
メタモン,しろいハーブ,0.3
メタモン,きあいのハチマキ,0.2
メタモン,おうじゃのしるし,0.1
マリルリ,オボンのみ,66.7
マリルリ,ラムのみ,11.1
マリルリ,しんぴのしずく,7.1
マリルリ,たべのこし,6.6
マリルリ,カゴのみ,1.9
マリルリ,せんせいのツメ,1.1
マリルリ,きあいのタスキ,1.0
マリルリ,しろいハーブ,0.9
マリルリ,ようせいのハネ,0.7
マリルリ,リンドのみ,0.5
ヤドラン,ヤドランナイト,70.9
ヤドラン,オボンのみ,8.6
ヤドラン,たべのこし,7.3
ヤドラン,カシブのみ,3.2
ヤドラン,ラムのみ,1.1
ヤドラン,しんぴのしずく,1.0
ヤドラン,ひかりのこな,0.6
ヤドラン,リンドのみ,0.6
ヤドラン,せんせいのツメ,0.5
ヤドラン,ナモのみ,0.3
ウツボット,ウツボットナイト,98.5
ウツボット,きあいのタスキ,0.3
ウツボット,たべのこし,0.2
ウツボット,オボンのみ,0.2
ウツボット,どくバリ,0.1
ウツボット,こだわりスカーフ,0.1
ウツボット,きせきのタネ,0.1
ウツボット,せんせいのツメ,0.1
ウツボット,ラムのみ,0.0
ウツボット,オッカのみ,0.0
ビビヨン,たべのこし,84.0
ビビヨン,きあいのタスキ,9.6
ビビヨン,オボンのみ,2.0
ビビヨン,ひかりのこな,1.3
ビビヨン,せんせいのツメ,0.6
ビビヨン,するどいくちばし,0.5
ビビヨン,メンタルハーブ,0.4
ビビヨン,ラムのみ,0.4
ビビヨン,こだわりスカーフ,0.4
ビビヨン,かいがらのすず,0.2
ブリムオン,オボンのみ,32.0
ブリムオン,きあいのタスキ,26.6
ブリムオン,たべのこし,19.7
ブリムオン,リリバのみ,4.3
ブリムオン,ようせいのハネ,4.0
ブリムオン,ビアーのみ,3.1
ブリムオン,せんせいのツメ,2.6
ブリムオン,カシブのみ,2.0
ブリムオン,ひかりのこな,1.7
ブリムオン,メンタルハーブ,0.7
ジャローダ,たべのこし,30.5
ジャローダ,きあいのタスキ,21.3
ジャローダ,オボンのみ,13.3
ジャローダ,こだわりスカーフ,10.8
ジャローダ,きせきのタネ,9.2
ジャローダ,ラムのみ,5.8
ジャローダ,ひかりのこな,2.5
ジャローダ,かいがらのすず,1.0
ジャローダ,オッカのみ,1.0
ジャローダ,ビアーのみ,0.9
ドデカバシ,オボンのみ,51.1
ドデカバシ,するどいくちばし,12.8
ドデカバシ,きあいのタスキ,9.7
ドデカバシ,たべのこし,8.0
ドデカバシ,おうじゃのしるし,5.6
ドデカバシ,ラムのみ,5.4
ドデカバシ,せんせいのツメ,1.5
ドデカバシ,ピントレンズ,1.0
ドデカバシ,ひかりのこな,1.0
ドデカバシ,ソクノのみ,0.7
エレザード,きあいのタスキ,29.3
エレザード,こだわりスカーフ,28.5
エレザード,オボンのみ,22.8
エレザード,じしゃく,7.2
エレザード,シュカのみ,2.3
エレザード,たべのこし,2.2
エレザード,ひかりのこな,1.8
エレザード,シルクのスカーフ,1.2
エレザード,せんせいのツメ,0.8
エレザード,ラムのみ,0.6
ヤミラミ,ヤミラミナイト,58.6
ヤミラミ,たべのこし,15.6
ヤミラミ,きあいのタスキ,9.0
ヤミラミ,オボンのみ,5.3
ヤミラミ,ひかりのこな,2.6
ヤミラミ,ロゼルのみ,2.3
ヤミラミ,メンタルハーブ,2.1
ヤミラミ,ラムのみ,1.2
ヤミラミ,くろいメガネ,0.8
ヤミラミ,こだわりスカーフ,0.4
ウインディ(ヒスイ),きあいのタスキ,36.4
ウインディ(ヒスイ),こだわりスカーフ,35.9
ウインディ(ヒスイ),オボンのみ,11.0
ウインディ(ヒスイ),もくたん,3.3
ウインディ(ヒスイ),かたいいし,3.3
ウインディ(ヒスイ),たべのこし,1.6
ウインディ(ヒスイ),シュカのみ,1.6
ウインディ(ヒスイ),せんせいのツメ,1.5
ウインディ(ヒスイ),ヨプのみ,0.8
ウインディ(ヒスイ),ラムのみ,0.7
グレンアルマ,きあいのタスキ,61.6
グレンアルマ,シュカのみ,8.8
グレンアルマ,もくたん,6.5
グレンアルマ,オボンのみ,6.1
グレンアルマ,しろいハーブ,4.5
グレンアルマ,こだわりスカーフ,3.3
グレンアルマ,まがったスプーン,1.8
グレンアルマ,せんせいのツメ,1.5
グレンアルマ,たべのこし,1.2
グレンアルマ,カシブのみ,0.9
デカヌチャン,シュカのみ,28.6
デカヌチャン,きあいのタスキ,20.6
デカヌチャン,オボンのみ,15.5
デカヌチャン,メタルコート,10.9
デカヌチャン,たべのこし,8.1
デカヌチャン,ラムのみ,3.8
デカヌチャン,オッカのみ,2.4
デカヌチャン,メンタルハーブ,2.0
デカヌチャン,せんせいのツメ,1.7
デカヌチャン,ひかりのこな,1.2
ヤバソチャ,たべのこし,48.1
ヤバソチャ,オボンのみ,21.7
ヤバソチャ,カシブのみ,6.4
ヤバソチャ,ラムのみ,5.2
ヤバソチャ,ひかりのこな,3.5
ヤバソチャ,きあいのタスキ,2.8
ヤバソチャ,きせきのタネ,2.7
ヤバソチャ,せんせいのツメ,1.5
ヤバソチャ,ナモのみ,1.2
ヤバソチャ,メンタルハーブ,1.0
ガオガエン,オボンのみ,47.6
ガオガエン,たべのこし,21.3
ガオガエン,ヨプのみ,7.2
ガオガエン,シュカのみ,3.2
ガオガエン,せんせいのツメ,2.8
ガオガエン,ラムのみ,2.2
ガオガエン,きあいのタスキ,2.1
ガオガエン,ひかりのこな,1.7
ガオガエン,こだわりスカーフ,1.7
ガオガエン,イトケのみ,1.7
ウェーニバル,きあいのタスキ,41.7
ウェーニバル,ラムのみ,22.4
ウェーニバル,しんぴのしずく,11.7
ウェーニバル,オボンのみ,7.1
ウェーニバル,こだわりスカーフ,4.1
ウェーニバル,たべのこし,2.5
ウェーニバル,しろいハーブ,2.1
ウェーニバル,せんせいのツメ,1.2
ウェーニバル,かいがらのすず,1.1
ウェーニバル,くろおび,1.0
シャンデラ,こだわりスカーフ,40.8
シャンデラ,シャンデラナイト,36.8
シャンデラ,きあいのタスキ,7.9
シャンデラ,たべのこし,3.7
シャンデラ,ひかりのこな,2.6
シャンデラ,オボンのみ,1.9
シャンデラ,もくたん,1.1
シャンデラ,カシブのみ,0.8
シャンデラ,しろいハーブ,0.8
シャンデラ,シュカのみ,0.8
ルチャブル,ルチャブルナイト,52.0
ルチャブル,オボンのみ,25.3
ルチャブル,しろいハーブ,8.3
ルチャブル,きあいのタスキ,4.2
ルチャブル,ラムのみ,3.4
ルチャブル,たべのこし,1.9
ルチャブル,おうじゃのしるし,0.7
ルチャブル,こだわりスカーフ,0.7
ルチャブル,メンタルハーブ,0.5
ルチャブル,でんきだま,0.4
サメハダー,サメハダナイト,53.5
サメハダー,きあいのタスキ,38.7
サメハダー,ラムのみ,1.5
サメハダー,しんぴのしずく,1.3
サメハダー,くろいメガネ,1.1
サメハダー,おうじゃのしるし,0.7
サメハダー,メンタルハーブ,0.5
サメハダー,たべのこし,0.4
サメハダー,せんせいのツメ,0.2
サメハダー,オボンのみ,0.2
エーフィ,こだわりスカーフ,41.0
エーフィ,きあいのタスキ,22.9
エーフィ,オボンのみ,8.2
エーフィ,まがったスプーン,7.5
エーフィ,たべのこし,6.6
エーフィ,ひかりのこな,3.5
エーフィ,ナモのみ,2.3
エーフィ,カシブのみ,1.7
エーフィ,ラムのみ,1.1
エーフィ,かいがらのすず,0.9
プテラ,プテラナイト,80.1
プテラ,きあいのタスキ,12.5
プテラ,おうじゃのしるし,1.4
プテラ,こだわりスカーフ,1.2
プテラ,オボンのみ,0.7
プテラ,かたいいし,0.6
プテラ,ひかりのこな,0.5
プテラ,くろいメガネ,0.3
プテラ,ラムのみ,0.3
プテラ,ピントレンズ,0.3
ジュナイパー(ヒスイ),ピントレンズ,37.5
ジュナイパー(ヒスイ),きあいのタスキ,22.9
ジュナイパー(ヒスイ),こだわりスカーフ,16.4
ジュナイパー(ヒスイ),オボンのみ,4.5
ジュナイパー(ヒスイ),ラムのみ,4.3
ジュナイパー(ヒスイ),くろおび,2.6
ジュナイパー(ヒスイ),せんせいのツメ,2.4
ジュナイパー(ヒスイ),たべのこし,2.3
ジュナイパー(ヒスイ),ひかりのこな,2.3
ジュナイパー(ヒスイ),おうじゃのしるし,2.2
シャワーズ,たべのこし,68.0
シャワーズ,オボンのみ,17.4
シャワーズ,カゴのみ,4.5
シャワーズ,ラムのみ,2.3
シャワーズ,しんぴのしずく,2.2
シャワーズ,ひかりのこな,1.4
シャワーズ,せんせいのツメ,0.9
シャワーズ,メンタルハーブ,0.7
シャワーズ,こだわりスカーフ,0.7
シャワーズ,ソクノのみ,0.4
イッカネズミ(3匹),おうじゃのしるし,45.7
イッカネズミ(3匹),オボンのみ,33.0
イッカネズミ(3匹),きあいのタスキ,7.2
イッカネズミ(3匹),シルクのスカーフ,5.6
イッカネズミ(3匹),こだわりスカーフ,2.4
イッカネズミ(3匹),ヨプのみ,1.6
イッカネズミ(3匹),ピントレンズ,1.0
イッカネズミ(3匹),ラムのみ,0.9
イッカネズミ(3匹),ひかりのこな,0.5
イッカネズミ(3匹),せんせいのツメ,0.4
カイロス,カイロスナイト,97.6
カイロス,こだわりスカーフ,0.9
カイロス,きあいのタスキ,0.4
カイロス,でんきだま,0.2
カイロス,せんせいのツメ,0.2
カイロス,オボンのみ,0.1
カイロス,オッカのみ,0.1
カイロス,ヨロギのみ,0.0
カイロス,くろおび,0.0
カイロス,たべのこし,0.0
ブリガロン,ブリガロナイト,86.9
ブリガロン,たべのこし,7.1
ブリガロン,オボンのみ,2.3
ブリガロン,ラムのみ,1.0
ブリガロン,せんせいのツメ,0.3
ブリガロン,ひかりのこな,0.3
ブリガロン,くろおび,0.2
ブリガロン,きあいのタスキ,0.2
ブリガロン,オッカのみ,0.1
ブリガロン,ロゼルのみ,0.1
ミミズズ,オボンのみ,78.2
ミミズズ,たべのこし,8.3
ミミズズ,ヨプのみ,3.3
ミミズズ,きあいのタスキ,2.7
ミミズズ,カゴのみ,2.0
ミミズズ,オッカのみ,1.2
ミミズズ,メンタルハーブ,1.1
ミミズズ,ラムのみ,0.8
ミミズズ,せんせいのツメ,0.6
ミミズズ,ひかりのこな,0.5
ゴウカザル,きあいのタスキ,56.6
ゴウカザル,こだわりスカーフ,11.1
ゴウカザル,オボンのみ,8.4
ゴウカザル,イトケのみ,5.6
ゴウカザル,くろおび,3.6
ゴウカザル,もくたん,3.3
ゴウカザル,シュカのみ,3.1
ゴウカザル,しろいハーブ,1.6
ゴウカザル,せんせいのツメ,1.0
ゴウカザル,ラムのみ,0.9
ボスゴドラ,ボスゴドラナイト,90.3
ボスゴドラ,たべのこし,2.0
ボスゴドラ,でんきだま,1.2
ボスゴドラ,オボンのみ,1.0
ボスゴドラ,ラムのみ,0.7
ボスゴドラ,せんせいのツメ,0.7
ボスゴドラ,メンタルハーブ,0.5
ボスゴドラ,きあいのタスキ,0.4
ボスゴドラ,きあいのハチマキ,0.4
ボスゴドラ,こだわりスカーフ,0.3
ガラルヤドラン,せんせいのツメ,83.8
ガラルヤドラン,オボンのみ,4.9
ガラルヤドラン,たべのこし,4.0
ガラルヤドラン,シュカのみ,1.5
ガラルヤドラン,きあいのタスキ,0.8
ガラルヤドラン,ナモのみ,0.8
ガラルヤドラン,ひかりのこな,0.6
ガラルヤドラン,どくバリ,0.6
ガラルヤドラン,カシブのみ,0.5
ガラルヤドラン,ラムのみ,0.5
チリーン,チリーンナイト,97.9
チリーン,オボンのみ,0.6
チリーン,たべのこし,0.5
チリーン,メンタルハーブ,0.2
チリーン,カシブのみ,0.1
チリーン,きあいのタスキ,0.1
チリーン,ひかりのこな,0.1
チリーン,ラムのみ,0.1
チリーン,こだわりスカーフ,0.0
チリーン,ナモのみ,0.0
スピアー,スピアナイト,96.7
スピアー,たべのこし,1.8
スピアー,こだわりスカーフ,0.5
スピアー,ピントレンズ,0.3
スピアー,きあいのタスキ,0.2
スピアー,しろいハーブ,0.1
スピアー,オボンのみ,0.0
スピアー,カイロスナイト,0.0
スピアー,ぎんのこな,0.0
スピアー,ゲンガナイト,0.0
フーディン,フーディナイト,78.9
フーディン,きあいのタスキ,16.6
フーディン,こだわりスカーフ,1.7
フーディン,まがったスプーン,1.0
フーディン,ひかりのこな,0.4
フーディン,オボンのみ,0.2
フーディン,ナモのみ,0.1
フーディン,ラムのみ,0.1
フーディン,せんせいのツメ,0.1
フーディン,たべのこし,0.1
オーダイル,オーダイルナイト,92.1
オーダイル,ラムのみ,1.8
オーダイル,しんぴのしずく,1.7
オーダイル,オボンのみ,1.5
オーダイル,こだわりスカーフ,0.6
オーダイル,きあいのタスキ,0.3
オーダイル,ソクノのみ,0.3
オーダイル,たべのこし,0.2
オーダイル,せんせいのツメ,0.2
オーダイル,かいがらのすず,0.2
イダイトウ♀,こだわりスカーフ,37.4
イダイトウ♀,きあいのタスキ,20.1
イダイトウ♀,しんぴのしずく,17.5
イダイトウ♀,オボンのみ,9.6
イダイトウ♀,のろいのおふだ,6.9
イダイトウ♀,カシブのみ,3.1
イダイトウ♀,ラムのみ,1.4
イダイトウ♀,せんせいのツメ,1.0
イダイトウ♀,ナモのみ,0.6
イダイトウ♀,たべのこし,0.5
ケケンカニ,ケケンカニナイト,94.7
ケケンカニ,きあいのタスキ,3.7
ケケンカニ,くろおび,0.2
ケケンカニ,せんせいのツメ,0.2
ケケンカニ,オボンのみ,0.2
ケケンカニ,ラムのみ,0.1
ケケンカニ,たべのこし,0.1
ケケンカニ,リリバのみ,0.1
ケケンカニ,ヨプのみ,0.1
ケケンカニ,オッカのみ,0.1
グライオン,たべのこし,27.2
グライオン,オボンのみ,19.9
グライオン,きあいのタスキ,12.2
グライオン,こだわりスカーフ,6.2
グライオン,ひかりのこな,5.8
グライオン,ヤチェのみ,4.0
グライオン,ラムのみ,3.1
グライオン,でんきだま,2.7
グライオン,やわらかいすな,2.1
グライオン,せんせいのツメ,1.8
ユキノオー,ユキノオナイト,71.6
ユキノオー,たべのこし,7.1
ユキノオー,きあいのタスキ,5.8
ユキノオー,オボンのみ,3.1
ユキノオー,とけないこおり,2.3
ユキノオー,きせきのタネ,1.9
ユキノオー,メンタルハーブ,1.6
ユキノオー,きあいのハチマキ,1.4
ユキノオー,オッカのみ,1.1
ユキノオー,せんせいのツメ,1.0
ウインディ,たべのこし,34.6
ウインディ,オボンのみ,33.4
ウインディ,シュカのみ,7.7
ウインディ,もくたん,6.2
ウインディ,ラムのみ,4.9
ウインディ,こだわりスカーフ,3.3
ウインディ,ひかりのこな,1.3
ウインディ,シルクのスカーフ,1.0
ウインディ,せんせいのツメ,1.0
ウインディ,きあいのタスキ,0.9
バクフーン(ヒスイ),こだわりスカーフ,59.2
バクフーン(ヒスイ),きあいのタスキ,19.8
バクフーン(ヒスイ),もくたん,5.9
バクフーン(ヒスイ),オボンのみ,2.7
バクフーン(ヒスイ),たべのこし,1.6
バクフーン(ヒスイ),せんせいのツメ,1.0
バクフーン(ヒスイ),のろいのおふだ,1.0
バクフーン(ヒスイ),ひかりのこな,0.5
バクフーン(ヒスイ),ラムのみ,0.5
バクフーン(ヒスイ),しろいハーブ,0.5
イルカマン(ナイーブ),しんぴのしずく,42.6
イルカマン(ナイーブ),こだわりスカーフ,22.5
イルカマン(ナイーブ),たべのこし,13.5
イルカマン(ナイーブ),オボンのみ,7.7
イルカマン(ナイーブ),ラムのみ,5.0
イルカマン(ナイーブ),きあいのタスキ,1.5
イルカマン(ナイーブ),ピントレンズ,1.3
イルカマン(ナイーブ),かいがらのすず,1.2
イルカマン(ナイーブ),せんせいのツメ,0.7
イルカマン(ナイーブ),おうじゃのしるし,0.6
ピジョット,ピジョットナイト,98.0
ピジョット,こだわりスカーフ,0.4
ピジョット,オボンのみ,0.3
ピジョット,きあいのハチマキ,0.3
ピジョット,するどいくちばし,0.2
ピジョット,きあいのタスキ,0.1
ピジョット,たべのこし,0.1
ピジョット,ひかりのこな,0.0
ピジョット,せんせいのツメ,0.0
ピジョット,しろいハーブ,0.0
ファイアロー,するどいくちばし,24.5
ファイアロー,オボンのみ,13.9
ファイアロー,たべのこし,9.4
ファイアロー,きあいのタスキ,9.2
ファイアロー,こだわりスカーフ,2.6
ファイアロー,もくたん,2.0
ファイアロー,ヨロギのみ,1.9
ファイアロー,おうじゃのしるし,1.8
ファイアロー,ひかりのこな,1.7
ファイアロー,ラムのみ,1.6
エンニュート,きあいのタスキ,63.7
エンニュート,たべのこし,16.8
エンニュート,オボンのみ,4.4
エンニュート,もくたん,3.0
エンニュート,ひかりのこな,2.3
エンニュート,しろいハーブ,2.0
エンニュート,どくバリ,1.1
エンニュート,こだわりスカーフ,1.1
エンニュート,メンタルハーブ,1.0
エンニュート,シュカのみ,0.9
マニューラ,きあいのタスキ,63.3
マニューラ,こだわりスカーフ,14.2
マニューラ,とけないこおり,9.1
マニューラ,おうじゃのしるし,2.5
マニューラ,ピントレンズ,1.8
マニューラ,ラムのみ,1.2
マニューラ,くろいメガネ,1.2
マニューラ,オボンのみ,1.0
マニューラ,せんせいのツメ,0.7
マニューラ,ひかりのこな,0.5
バンバドロ,たべのこし,47.2
バンバドロ,オボンのみ,28.3
バンバドロ,カゴのみ,16.5
バンバドロ,ラムのみ,3.7
バンバドロ,せんせいのツメ,1.3
バンバドロ,かいがらのすず,0.7
バンバドロ,ひかりのこな,0.3
バンバドロ,やわらかいすな,0.3
バンバドロ,イトケのみ,0.3
バンバドロ,きあいのタスキ,0.3
チャーレム,チャーレムナイト,88.2
チャーレム,きあいのタスキ,6.6
チャーレム,こだわりスカーフ,3.5
チャーレム,くろおび,0.3
チャーレム,ラムのみ,0.3
チャーレム,オボンのみ,0.1
チャーレム,せんせいのツメ,0.1
チャーレム,ナモのみ,0.1
チャーレム,ひかりのこな,0.1
チャーレム,ピントレンズ,0.1
ケンタロス(パルデア炎),こだわりスカーフ,24.2
ケンタロス(パルデア炎),オボンのみ,20.9
ケンタロス(パルデア炎),もくたん,17.9
ケンタロス(パルデア炎),くろおび,9.4
ケンタロス(パルデア炎),きあいのタスキ,6.3
ケンタロス(パルデア炎),たべのこし,5.7
ケンタロス(パルデア炎),シュカのみ,4.1
ケンタロス(パルデア炎),しろいハーブ,2.8
ケンタロス(パルデア炎),ラムのみ,1.9
ケンタロス(パルデア炎),イトケのみ,1.1
ルガルガン(たそがれ),きあいのタスキ,89.0
ルガルガン(たそがれ),かたいいし,4.7
ルガルガン(たそがれ),こだわりスカーフ,1.7
ルガルガン(たそがれ),ピントレンズ,0.5
ルガルガン(たそがれ),おうじゃのしるし,0.5
ルガルガン(たそがれ),ラムのみ,0.5
ルガルガン(たそがれ),せんせいのツメ,0.4
ルガルガン(たそがれ),シュカのみ,0.4
ルガルガン(たそがれ),くろいメガネ,0.3
ルガルガン(たそがれ),きあいのハチマキ,0.3
アリアドス,きあいのタスキ,65.4
アリアドス,ぎんのこな,18.0
アリアドス,オボンのみ,3.8
アリアドス,ピントレンズ,3.1
アリアドス,せんせいのツメ,2.3
アリアドス,メンタルハーブ,2.0
アリアドス,ひかりのこな,1.1
アリアドス,オッカのみ,0.8
アリアドス,たべのこし,0.8
アリアドス,ウタンのみ,0.4
デンリュウ,デンリュウナイト,88.3
デンリュウ,たべのこし,2.4
デンリュウ,オボンのみ,2.2
デンリュウ,じしゃく,1.3
デンリュウ,シュカのみ,1.2
デンリュウ,せんせいのツメ,1.0
デンリュウ,カゴのみ,0.9
デンリュウ,こだわりスカーフ,0.7
デンリュウ,きあいのタスキ,0.5
デンリュウ,ひかりのこな,0.3
ワルビアル,こだわりスカーフ,42.8
ワルビアル,きあいのタスキ,24.8
ワルビアル,オボンのみ,9.6
ワルビアル,やわらかいすな,3.9
ワルビアル,ラムのみ,3.0
ワルビアル,ヨプのみ,2.5
ワルビアル,たべのこし,2.2
ワルビアル,でんきだま,2.2
ワルビアル,くろいメガネ,1.9
ワルビアル,せんせいのツメ,1.1
チルタリス,チルタリスナイト,95.0
チルタリス,たべのこし,1.8
チルタリス,オボンのみ,1.1
チルタリス,りゅうのキバ,0.3
チルタリス,カゴのみ,0.3
チルタリス,ラムのみ,0.2
チルタリス,こだわりスカーフ,0.2
チルタリス,きあいのタスキ,0.2
チルタリス,ひかりのこな,0.1
チルタリス,ヤチェのみ,0.1
ジャラランガ,オボンのみ,31.3
ジャラランガ,たべのこし,15.2
ジャラランガ,きあいのタスキ,11.6
ジャラランガ,ハバンのみ,9.4
ジャラランガ,ラムのみ,7.6
ジャラランガ,くろおび,4.5
ジャラランガ,りゅうのキバ,2.8
ジャラランガ,カゴのみ,2.6
ジャラランガ,せんせいのツメ,2.1
ジャラランガ,こだわりスカーフ,1.9
グレイシア,とけないこおり,53.3
グレイシア,きあいのタスキ,20.1
グレイシア,ひかりのこな,8.0
グレイシア,オボンのみ,4.7
グレイシア,たべのこし,4.7
グレイシア,こだわりスカーフ,4.3
グレイシア,せんせいのツメ,1.4
グレイシア,ラムのみ,1.0
グレイシア,ヨプのみ,0.5
グレイシア,オッカのみ,0.5
エンブオー,エンブオナイト,85.4
エンブオー,こだわりスカーフ,3.3
エンブオー,オボンのみ,1.8
エンブオー,せんせいのツメ,1.1
エンブオー,もくたん,0.9
エンブオー,きあいのタスキ,0.9
エンブオー,イトケのみ,0.5
エンブオー,たべのこし,0.5
エンブオー,シュカのみ,0.3
エンブオー,ラムのみ,0.2
ドダイトス,しろいハーブ,53.9
ドダイトス,きあいのタスキ,18.2
ドダイトス,たべのこし,7.9
ドダイトス,ラムのみ,6.8
ドダイトス,オボンのみ,3.8
ドダイトス,ヤチェのみ,2.4
ドダイトス,オッカのみ,1.3
ドダイトス,きせきのタネ,1.3
ドダイトス,せんせいのツメ,1.2
ドダイトス,こだわりスカーフ,0.7
ライボルト,ライボルトナイト,91.0
ライボルト,こだわりスカーフ,4.0
ライボルト,きあいのタスキ,1.3
ライボルト,たべのこし,0.9
ライボルト,じしゃく,0.7
ライボルト,しろいハーブ,0.5
ライボルト,くろいメガネ,0.3
ライボルト,シュカのみ,0.2
ライボルト,ピントレンズ,0.1
ライボルト,せんせいのツメ,0.1
アマージョ,オボンのみ,23.3
アマージョ,こだわりスカーフ,19.0
アマージョ,きあいのタスキ,12.9
アマージョ,ラムのみ,12.6
アマージョ,きせきのタネ,6.1
アマージョ,たべのこし,5.4
アマージョ,せんせいのツメ,5.0
アマージョ,ひかりのこな,1.6
アマージョ,かいがらのすず,1.2
アマージョ,ビアーのみ,1.0
サンダース,きあいのタスキ,38.1
サンダース,じしゃく,23.9
サンダース,こだわりスカーフ,11.6
サンダース,シュカのみ,7.7
サンダース,ひかりのこな,6.2
サンダース,オボンのみ,3.2
サンダース,たべのこし,2.9
サンダース,ラムのみ,1.6
サンダース,せんせいのツメ,1.0
サンダース,おうじゃのしるし,0.7
フォレトス,たべのこし,32.0
フォレトス,オボンのみ,25.6
フォレトス,メンタルハーブ,12.1
フォレトス,せんせいのツメ,7.6
フォレトス,シルクのスカーフ,4.3
フォレトス,ひかりのこな,3.7
フォレトス,ラムのみ,3.4
フォレトス,オッカのみ,2.5
フォレトス,とけないこおり,1.4
フォレトス,カゴのみ,1.3
ブロスター,オボンのみ,34.8
ブロスター,せんせいのツメ,13.7
ブロスター,しんぴのしずく,11.9
ブロスター,きあいのタスキ,10.8
ブロスター,こだわりスカーフ,9.4
ブロスター,ラムのみ,5.3
ブロスター,ソクノのみ,3.4
ブロスター,リンドのみ,3.2
ブロスター,たべのこし,1.3
ブロスター,ひかりのこな,1.2
ペロリーム,オボンのみ,48.9
ペロリーム,きあいのタスキ,28.4
ペロリーム,オレンのみ,11.1
ペロリーム,メンタルハーブ,3.0
ペロリーム,たべのこし,2.1
ペロリーム,リリバのみ,1.5
ペロリーム,ビアーのみ,1.2
ペロリーム,ひかりのこな,0.6
ペロリーム,こだわりスカーフ,0.6
ペロリーム,せんせいのツメ,0.6
カイリキー,せんせいのツメ,28.0
カイリキー,きあいのタスキ,12.9
カイリキー,ラムのみ,12.5
カイリキー,オボンのみ,10.8
カイリキー,ピントレンズ,9.0
カイリキー,こだわりスカーフ,8.5
カイリキー,くろおび,7.9
カイリキー,たべのこし,2.7
カイリキー,しろいハーブ,1.4
カイリキー,ひかりのこな,1.3
デスバーン,オボンのみ,36.5
デスバーン,たべのこし,18.7
デスバーン,メンタルハーブ,13.2
デスバーン,きあいのタスキ,7.0
デスバーン,せんせいのツメ,3.9
デスバーン,カシブのみ,3.3
デスバーン,ラムのみ,2.7
デスバーン,イトケのみ,2.3
デスバーン,カゴのみ,1.8
デスバーン,ひかりのこな,1.4
キョジオーン,たべのこし,59.1
キョジオーン,オボンのみ,13.0
キョジオーン,シルクのスカーフ,11.3
キョジオーン,せんせいのツメ,5.0
キョジオーン,ひかりのこな,3.0
キョジオーン,シュカのみ,1.2
キョジオーン,ヨプのみ,0.9
キョジオーン,でんきだま,0.9
キョジオーン,かたいいし,0.8
キョジオーン,メンタルハーブ,0.7
コータス,オボンのみ,26.2
コータス,もくたん,20.4
コータス,たべのこし,16.1
コータス,せんせいのツメ,12.6
コータス,シュカのみ,4.4
コータス,メンタルハーブ,2.4
コータス,しろいハーブ,2.4
コータス,きあいのタスキ,2.2
コータス,ラムのみ,1.6
コータス,ヨロギのみ,1.5
デスカーン,たべのこし,40.0
デスカーン,オボンのみ,21.4
デスカーン,カゴのみ,9.3
デスカーン,メンタルハーブ,8.7
デスカーン,ナモのみ,4.5
デスカーン,カシブのみ,4.1
デスカーン,ラムのみ,2.5
デスカーン,せんせいのツメ,1.5
デスカーン,きあいのタスキ,1.2
デスカーン,こだわりスカーフ,1.2
アブソル,アブソルナイト,78.8
アブソル,ピントレンズ,9.0
アブソル,きあいのタスキ,8.1
アブソル,くろいメガネ,1.8
アブソル,オレンのみ,0.5
アブソル,こだわりスカーフ,0.5
アブソル,ヨプのみ,0.2
アブソル,ロゼルのみ,0.2
アブソル,せんせいのツメ,0.2
アブソル,ラムのみ,0.1
オニゴーリ,たべのこし,58.8
オニゴーリ,オニゴーリナイト,30.0
オニゴーリ,ひかりのこな,2.5
オニゴーリ,きあいのタスキ,2.1
オニゴーリ,オボンのみ,1.1
オニゴーリ,シルクのスカーフ,0.9
オニゴーリ,こだわりスカーフ,0.8
オニゴーリ,とけないこおり,0.7
オニゴーリ,しろいハーブ,0.4
オニゴーリ,せんせいのツメ,0.3
カットロトム,こだわりスカーフ,36.0
カットロトム,オボンのみ,21.3
カットロトム,たべのこし,10.3
カットロトム,きせきのタネ,9.0
カットロトム,しろいハーブ,8.1
カットロトム,じしゃく,7.0
カットロトム,ラムのみ,1.7
カットロトム,きあいのタスキ,1.6
カットロトム,ひかりのこな,0.9
カットロトム,オッカのみ,0.9
オンバーン,こだわりスカーフ,46.4
オンバーン,きあいのタスキ,22.9
オンバーン,しろいハーブ,13.8
オンバーン,おうじゃのしるし,3.0
オンバーン,ハバンのみ,2.7
オンバーン,オボンのみ,1.9
オンバーン,シルクのスカーフ,1.5
オンバーン,りゅうのキバ,1.4
オンバーン,ひかりのこな,1.1
オンバーン,ラムのみ,0.8
モルペコ,きあいのタスキ,85.8
モルペコ,こだわりスカーフ,6.1
モルペコ,じしゃく,1.1
モルペコ,オボンのみ,0.9
モルペコ,ラムのみ,0.8
モルペコ,シュカのみ,0.8
モルペコ,ひかりのこな,0.6
モルペコ,たべのこし,0.6
モルペコ,おうじゃのしるし,0.6
モルペコ,せんせいのツメ,0.5
ヘルガー,ヘルガナイト,58.7
ヘルガー,きあいのタスキ,31.1
ヘルガー,こだわりスカーフ,3.7
ヘルガー,もくたん,1.3
ヘルガー,くろいメガネ,1.0
ヘルガー,オボンのみ,0.7
ヘルガー,たべのこし,0.5
ヘルガー,イトケのみ,0.4
ヘルガー,どくバリ,0.3
ヘルガー,せんせいのツメ,0.3
ミカルゲ,オボンのみ,31.6
ミカルゲ,たべのこし,22.2
ミカルゲ,メンタルハーブ,11.1
ミカルゲ,ロゼルのみ,9.0
ミカルゲ,きあいのタスキ,4.9
ミカルゲ,くろいメガネ,3.3
ミカルゲ,せんせいのツメ,3.3
ミカルゲ,ひかりのこな,2.8
ミカルゲ,ラムのみ,2.5
ミカルゲ,のろいのおふだ,2.3
ピカチュウ,でんきだま,78.9
ピカチュウ,きあいのタスキ,17.9
ピカチュウ,ひかりのこな,0.3
ピカチュウ,こだわりスカーフ,0.2
ピカチュウ,カイリュナイト,0.2
ピカチュウ,せんせいのツメ,0.1
ピカチュウ,きあいのハチマキ,0.1
ピカチュウ,じしゃく,0.1
ピカチュウ,かたいいし,0.1
ピカチュウ,オボンのみ,0.1
ニョロトノ,オボンのみ,29.3
ニョロトノ,しんぴのしずく,15.9
ニョロトノ,たべのこし,11.8
ニョロトノ,せんせいのツメ,7.4
ニョロトノ,こだわりスカーフ,7.4
ニョロトノ,きあいのタスキ,7.2
ニョロトノ,ラムのみ,4.2
ニョロトノ,ソクノのみ,2.6
ニョロトノ,ひかりのこな,2.2
ニョロトノ,でんきだま,2.0
ゾロアーク,きあいのタスキ,62.2
ゾロアーク,こだわりスカーフ,17.9
ゾロアーク,くろいメガネ,5.7
ゾロアーク,ひかりのこな,3.5
ゾロアーク,たべのこし,1.5
ゾロアーク,オボンのみ,1.3
ゾロアーク,ミミロップナイト,1.3
ゾロアーク,おうじゃのしるし,1.1
ゾロアーク,せんせいのツメ,0.7
ゾロアーク,ラムのみ,0.6
リキキリン,オボンのみ,38.3
リキキリン,ナモのみ,14.4
リキキリン,たべのこし,9.7
リキキリン,せんせいのツメ,7.0
リキキリン,きあいのタスキ,5.7
リキキリン,ようせいのハネ,4.5
リキキリン,まがったスプーン,3.8
リキキリン,ラムのみ,3.3
リキキリン,メンタルハーブ,2.9
リキキリン,こだわりスカーフ,2.4
ドクロッグ,きあいのタスキ,55.8
ドクロッグ,シュカのみ,6.9
ドクロッグ,こだわりスカーフ,6.4
ドクロッグ,オボンのみ,5.2
ドクロッグ,くろおび,4.7
ドクロッグ,ラムのみ,3.9
ドクロッグ,せんせいのツメ,3.2
ドクロッグ,たべのこし,3.0
ドクロッグ,くろいメガネ,2.2
ドクロッグ,しろいハーブ,2.0
ロズレイド,たべのこし,23.0
ロズレイド,こだわりスカーフ,22.6
ロズレイド,きあいのタスキ,15.9
ロズレイド,オボンのみ,13.3
ロズレイド,しろいハーブ,4.9
ロズレイド,きせきのタネ,4.8
ロズレイド,ヤチェのみ,3.1
ロズレイド,せんせいのツメ,3.0
ロズレイド,ひかりのこな,2.3
ロズレイド,ラムのみ,1.7
クレッフィ,たべのこし,40.7
クレッフィ,オボンのみ,15.0
クレッフィ,メンタルハーブ,13.2
クレッフィ,きあいのタスキ,6.0
クレッフィ,シュカのみ,3.8
クレッフィ,こだわりスカーフ,3.2
クレッフィ,ようせいのハネ,2.9
クレッフィ,ひかりのこな,2.9
クレッフィ,メタルコート,2.7
クレッフィ,オッカのみ,2.6
ジジーロン,ジジーロナイト,73.7
ジジーロン,オボンのみ,7.2
ジジーロン,しろいハーブ,4.9
ジジーロン,せんせいのツメ,4.1
ジジーロン,きあいのタスキ,2.5
ジジーロン,たべのこし,1.9
ジジーロン,ハバンのみ,1.7
ジジーロン,ヨプのみ,0.5
ジジーロン,りゅうのキバ,0.4
ジジーロン,シルクのスカーフ,0.4
ヤドキング,オボンのみ,42.1
ヤドキング,たべのこし,32.0
ヤドキング,ラムのみ,3.8
ヤドキング,メンタルハーブ,3.0
ヤドキング,せんせいのツメ,2.4
ヤドキング,カシブのみ,2.3
ヤドキング,ひかりのこな,1.8
ヤドキング,しんぴのしずく,1.6
ヤドキング,ナモのみ,1.4
ヤドキング,きあいのタスキ,1.0
ドサイドン,きあいのタスキ,18.9
ドサイドン,せんせいのツメ,17.6
ドサイドン,オボンのみ,16.0
ドサイドン,イトケのみ,12.9
ドサイドン,ラムのみ,7.1
ドサイドン,たべのこし,6.8
ドサイドン,リンドのみ,5.8
ドサイドン,やわらかいすな,3.4
ドサイドン,ピントレンズ,2.3
ドサイドン,かたいいし,2.1
ゴロンダ,きあいのタスキ,41.0
ゴロンダ,ヨプのみ,21.0
ゴロンダ,ラムのみ,6.7
ゴロンダ,くろおび,6.4
ゴロンダ,オボンのみ,6.2
ゴロンダ,こだわりスカーフ,3.6
ゴロンダ,ロゼルのみ,2.5
ゴロンダ,たべのこし,2.5
ゴロンダ,せんせいのツメ,2.4
ゴロンダ,くろいメガネ,1.7
カミツオロチ,たべのこし,21.5
カミツオロチ,オボンのみ,17.1
カミツオロチ,せんせいのツメ,11.1
カミツオロチ,ハバンのみ,11.1
カミツオロチ,きあいのタスキ,8.0
カミツオロチ,ヤチェのみ,7.4
カミツオロチ,ラムのみ,6.0
カミツオロチ,しろいハーブ,3.7
カミツオロチ,りゅうのキバ,3.6
カミツオロチ,きせきのタネ,2.8
ハガネール,ハガネールナイト,45.1
ハガネール,たべのこし,17.8
ハガネール,オボンのみ,10.7
ハガネール,せんせいのツメ,9.6
ハガネール,ひかりのこな,4.7
ハガネール,ラムのみ,2.4
ハガネール,カゴのみ,1.5
ハガネール,やわらかいすな,1.0
ハガネール,ヨプのみ,1.0
ハガネール,オッカのみ,0.9
キュウコン,きあいのタスキ,30.0
キュウコン,シュカのみ,19.3
キュウコン,もくたん,11.2
キュウコン,オボンのみ,9.3
キュウコン,こだわりスカーフ,8.2
キュウコン,たべのこし,7.1
キュウコン,しろいハーブ,3.4
キュウコン,ひかりのこな,2.2
キュウコン,メンタルハーブ,1.9
キュウコン,イトケのみ,1.6
ヌメルゴン,たべのこし,26.9
ヌメルゴン,オボンのみ,22.6
ヌメルゴン,ハバンのみ,10.8
ヌメルゴン,しろいハーブ,9.1
ヌメルゴン,カゴのみ,5.2
ヌメルゴン,せんせいのツメ,5.2
ヌメルゴン,りゅうのキバ,3.7
ヌメルゴン,ラムのみ,3.7
ヌメルゴン,ひかりのこな,2.6
ヌメルゴン,きあいのタスキ,2.1
ランクルス,たべのこし,43.4
ランクルス,オボンのみ,18.3
ランクルス,きあいのタスキ,7.8
ランクルス,ひかりのこな,5.8
ランクルス,まがったスプーン,5.2
ランクルス,せんせいのツメ,4.2
ランクルス,カシブのみ,3.8
ランクルス,ナモのみ,2.6
ランクルス,ラムのみ,2.0
ランクルス,メンタルハーブ,1.8
ゴルーグ,ゴルーグナイト,62.4
ゴルーグ,こだわりスカーフ,9.0
ゴルーグ,きあいのタスキ,5.8
ゴルーグ,やわらかいすな,4.4
ゴルーグ,オボンのみ,3.9
ゴルーグ,せんせいのツメ,3.8
ゴルーグ,しろいハーブ,1.7
ゴルーグ,ラムのみ,1.3
ゴルーグ,のろいのおふだ,1.0
ゴルーグ,たべのこし,1.0
オーロット,オボンのみ,86.8
オーロット,ラムのみ,5.0
オーロット,たべのこし,2.0
オーロット,きあいのタスキ,1.8
オーロット,カゴのみ,1.6
オーロット,ナモのみ,0.6
オーロット,オッカのみ,0.5
オーロット,カシブのみ,0.4
オーロット,こだわりスカーフ,0.3
オーロット,せんせいのツメ,0.2
マホイップ,たべのこし,59.1
マホイップ,オボンのみ,17.5
マホイップ,ひかりのこな,4.6
マホイップ,ようせいのハネ,4.4
マホイップ,リリバのみ,4.3
マホイップ,ラムのみ,2.7
マホイップ,せんせいのツメ,2.4
マホイップ,かいがらのすず,1.0
マホイップ,きあいのタスキ,0.9
マホイップ,ビアーのみ,0.8
ケンタロス(パルデア水),オボンのみ,24.9
ケンタロス(パルデア水),こだわりスカーフ,16.7
ケンタロス(パルデア水),しんぴのしずく,13.0
ケンタロス(パルデア水),きあいのタスキ,10.9
ケンタロス(パルデア水),ラムのみ,8.2
ケンタロス(パルデア水),たべのこし,6.2
ケンタロス(パルデア水),くろおび,5.9
ケンタロス(パルデア水),しろいハーブ,4.5
ケンタロス(パルデア水),リンドのみ,1.9
ケンタロス(パルデア水),せんせいのツメ,1.7
サダイジャ,きあいのタスキ,50.3
サダイジャ,オボンのみ,15.2
サダイジャ,たべのこし,13.9
サダイジャ,ひかりのこな,7.7
サダイジャ,せんせいのツメ,2.4
サダイジャ,メンタルハーブ,2.3
サダイジャ,ラムのみ,1.6
サダイジャ,カゴのみ,1.5
サダイジャ,イトケのみ,1.4
サダイジャ,こだわりスカーフ,0.9
バクフーン,こだわりスカーフ,43.8
バクフーン,きあいのタスキ,23.8
バクフーン,もくたん,16.0
バクフーン,オボンのみ,3.3
バクフーン,ひかりのこな,2.9
バクフーン,せんせいのツメ,2.2
バクフーン,たべのこし,2.0
バクフーン,しろいハーブ,1.5
バクフーン,かたいいし,0.9
バクフーン,シュカのみ,0.7
バクーダ,バクーダナイト,92.6
バクーダ,オボンのみ,1.6
バクーダ,きあいのタスキ,1.1
バクーダ,イトケのみ,1.0
バクーダ,たべのこし,0.8
バクーダ,せんせいのツメ,0.6
バクーダ,もくたん,0.3
バクーダ,ラムのみ,0.3
バクーダ,やわらかいすな,0.2
バクーダ,ひかりのこな,0.2
ニャオニクス♂,ニャオニクスナイト,53.0
ニャオニクス♂,きあいのタスキ,11.2
ニャオニクス♂,オボンのみ,9.9
ニャオニクス♂,メンタルハーブ,5.7
ニャオニクス♂,たべのこし,5.5
ニャオニクス♂,こだわりスカーフ,2.6
ニャオニクス♂,ラムのみ,1.8
ニャオニクス♂,ひかりのこな,1.8
ニャオニクス♂,ナモのみ,1.7
ニャオニクス♂,ようせいのハネ,1.2
ガチゴラス,こだわりスカーフ,44.0
ガチゴラス,きあいのタスキ,19.0
ガチゴラス,かたいいし,8.9
ガチゴラス,ラムのみ,7.2
ガチゴラス,せんせいのツメ,3.9
ガチゴラス,オボンのみ,3.8
ガチゴラス,きあいのハチマキ,2.1
ガチゴラス,シュカのみ,1.5
ガチゴラス,ハバンのみ,1.4
ガチゴラス,しろいハーブ,1.2
クレベース,たべのこし,36.2
クレベース,オボンのみ,25.0
クレベース,せんせいのツメ,11.2
クレベース,ラムのみ,7.4
クレベース,とけないこおり,6.6
クレベース,ひかりのこな,3.4
クレベース,ヨプのみ,2.5
クレベース,きあいのハチマキ,2.4
クレベース,ピントレンズ,1.2
クレベース,くろおび,0.9
レントラー,オボンのみ,30.5
レントラー,シュカのみ,25.3
レントラー,こだわりスカーフ,11.5
レントラー,せんせいのツメ,8.9
レントラー,たべのこし,6.7
レントラー,じしゃく,4.8
レントラー,きあいのタスキ,3.8
レントラー,ひかりのこな,2.3
レントラー,とけないこおり,2.0
レントラー,しろいハーブ,1.6
リーフィア,たべのこし,23.8
リーフィア,きせきのタネ,15.5
リーフィア,オボンのみ,15.1
リーフィア,きあいのタスキ,10.8
リーフィア,こだわりスカーフ,9.7
リーフィア,ラムのみ,6.0
リーフィア,ひかりのこな,5.0
リーフィア,ピントレンズ,4.3
リーフィア,メンタルハーブ,1.0
リーフィア,オッカのみ,1.0
トリデプス,たべのこし,50.5
トリデプス,オボンのみ,18.5
トリデプス,せんせいのツメ,5.8
トリデプス,ヨプのみ,4.5
トリデプス,メンタルハーブ,3.3
トリデプス,ラムのみ,2.8
トリデプス,カゴのみ,2.8
トリデプス,シュカのみ,2.6
トリデプス,ひかりのこな,2.2
トリデプス,きあいのタスキ,1.8
アヤシシ,たべのこし,37.8
アヤシシ,オボンのみ,27.9
アヤシシ,こだわりスカーフ,5.4
アヤシシ,カゴのみ,5.2
アヤシシ,せんせいのツメ,4.7
アヤシシ,ナモのみ,4.2
アヤシシ,ラムのみ,3.4
アヤシシ,ひかりのこな,3.2
アヤシシ,まがったスプーン,2.0
アヤシシ,きあいのタスキ,1.6
フラージェス,たべのこし,48.5
フラージェス,オボンのみ,23.8
フラージェス,ようせいのハネ,9.5
フラージェス,こだわりスカーフ,4.6
フラージェス,ラムのみ,3.4
フラージェス,せんせいのツメ,2.3
フラージェス,ひかりのこな,2.0
フラージェス,ビアーのみ,0.9
フラージェス,リリバのみ,0.8
フラージェス,メンタルハーブ,0.6
マッギョ,オボンのみ,39.5
マッギョ,たべのこし,20.2
マッギョ,せんせいのツメ,10.6
マッギョ,ひかりのこな,5.2
マッギョ,シュカのみ,4.2
マッギョ,イトケのみ,3.9
マッギョ,やわらかいすな,3.7
マッギョ,メンタルハーブ,3.0
マッギョ,きあいのタスキ,2.7
マッギョ,じしゃく,1.8
エモンガ,きあいのタスキ,54.7
エモンガ,ひかりのこな,9.1
エモンガ,オボンのみ,8.1
エモンガ,たべのこし,5.5
エモンガ,おうじゃのしるし,4.8
エモンガ,じしゃく,2.5
エモンガ,でんきだま,2.0
エモンガ,ラムのみ,1.8
エモンガ,こだわりスカーフ,1.6
エモンガ,メンタルハーブ,1.4
アマルルガ,きあいのタスキ,43.4
アマルルガ,オボンのみ,15.4
アマルルガ,とけないこおり,6.6
アマルルガ,ヨプのみ,5.8
アマルルガ,せんせいのツメ,5.5
アマルルガ,たべのこし,5.2
アマルルガ,リリバのみ,3.8
アマルルガ,こだわりスカーフ,3.7
アマルルガ,シュカのみ,1.8
アマルルガ,かいがらのすず,1.6
ブースター,もくたん,22.6
ブースター,オボンのみ,17.6
ブースター,きあいのタスキ,16.9
ブースター,たべのこし,9.6
ブースター,せんせいのツメ,8.8
ブースター,こだわりスカーフ,6.8
ブースター,シュカのみ,3.8
ブースター,ピントレンズ,3.6
ブースター,しろいハーブ,2.6
ブースター,ラムのみ,1.4
クレベース(ヒスイ),せんせいのツメ,38.5
クレベース(ヒスイ),ラムのみ,15.4
クレベース(ヒスイ),たべのこし,10.7
クレベース(ヒスイ),とけないこおり,10.2
クレベース(ヒスイ),オボンのみ,10.1
クレベース(ヒスイ),おうじゃのしるし,3.2
クレベース(ヒスイ),かたいいし,1.9
クレベース(ヒスイ),ヨプのみ,1.8
クレベース(ヒスイ),ひかりのこな,1.6
クレベース(ヒスイ),カゴのみ,1.1
アーボック,オボンのみ,20.3
アーボック,きあいのタスキ,18.4
アーボック,シュカのみ,15.9
アーボック,こだわりスカーフ,12.8
アーボック,たべのこし,10.8
アーボック,どくバリ,7.7
アーボック,ひかりのこな,3.4
アーボック,きあいのハチマキ,2.4
アーボック,せんせいのツメ,1.8
アーボック,メンタルハーブ,1.3
フロストロトム,こだわりスカーフ,43.4
フロストロトム,オボンのみ,19.0
フロストロトム,たべのこし,8.9
フロストロトム,ヨプのみ,5.2
フロストロトム,きあいのタスキ,4.3
フロストロトム,せんせいのツメ,3.9
フロストロトム,じしゃく,3.3
フロストロトム,とけないこおり,3.0
フロストロトム,ラムのみ,2.6
フロストロトム,オッカのみ,1.9
アローラライチュウ,きあいのタスキ,56.5
アローラライチュウ,じしゃく,12.6
アローラライチュウ,こだわりスカーフ,6.1
アローラライチュウ,オボンのみ,3.0
アローラライチュウ,ひかりのこな,2.0
アローラライチュウ,シュカのみ,1.8
アローラライチュウ,たべのこし,1.6
アローラライチュウ,せんせいのツメ,1.3
アローラライチュウ,ラムのみ,1.1
アローラライチュウ,おうじゃのしるし,0.7
パンプジン(特大),たべのこし,34.9
パンプジン(特大),オボンのみ,20.2
パンプジン(特大),きあいのタスキ,13.2
パンプジン(特大),カシブのみ,5.8
パンプジン(特大),のろいのおふだ,3.9
パンプジン(特大),シルクのスカーフ,3.9
パンプジン(特大),ナモのみ,2.9
パンプジン(特大),メンタルハーブ,2.7
パンプジン(特大),こだわりスカーフ,2.0
パンプジン(特大),オッカのみ,1.9
タブンネ,タブンネナイト,55.1
タブンネ,オボンのみ,17.6
タブンネ,ヨプのみ,10.0
タブンネ,たべのこし,7.4
タブンネ,メンタルハーブ,4.9
タブンネ,きあいのタスキ,1.4
タブンネ,せんせいのツメ,0.5
タブンネ,ラムのみ,0.5
タブンネ,ひかりのこな,0.5
タブンネ,どくバリ,0.3
ジュナイパー,オボンのみ,20.2
ジュナイパー,たべのこし,14.7
ジュナイパー,きあいのタスキ,14.4
ジュナイパー,ラムのみ,11.9
ジュナイパー,のろいのおふだ,6.7
ジュナイパー,こだわりスカーフ,5.1
ジュナイパー,カシブのみ,4.9
ジュナイパー,ピントレンズ,4.6
ジュナイパー,せんせいのツメ,3.4
ジュナイパー,きせきのタネ,3.1
レパルダス,きあいのタスキ,37.3
レパルダス,ひかりのこな,27.3
レパルダス,たべのこし,10.0
レパルダス,オボンのみ,7.0
レパルダス,メンタルハーブ,4.2
レパルダス,こだわりスカーフ,2.3
レパルダス,ヨプのみ,2.2
レパルダス,くろいメガネ,1.9
レパルダス,ラムのみ,1.9
レパルダス,おうじゃのしるし,1.0
ライチュウ,きあいのタスキ,53.8
ライチュウ,じしゃく,13.0
ライチュウ,シュカのみ,5.1
ライチュウ,こだわりスカーフ,4.9
ライチュウ,ひかりのこな,3.7
ライチュウ,せんせいのツメ,3.5
ライチュウ,オボンのみ,2.2
ライチュウ,ラムのみ,1.8
ライチュウ,きあいのハチマキ,1.5
ライチュウ,でんきだま,1.3
ガラルマッギョ,たべのこし,47.0
ガラルマッギョ,オボンのみ,21.3
ガラルマッギョ,せんせいのツメ,7.9
ガラルマッギョ,きあいのタスキ,4.4
ガラルマッギョ,ひかりのこな,2.9
ガラルマッギョ,シュカのみ,2.7
ガラルマッギョ,かいがらのすず,2.5
ガラルマッギョ,きあいのハチマキ,2.5
ガラルマッギョ,オッカのみ,1.5
ガラルマッギョ,ヨプのみ,1.5
スピンロトム,オボンのみ,28.0
スピンロトム,こだわりスカーフ,23.9
スピンロトム,たべのこし,21.6
スピンロトム,じしゃく,9.3
スピンロトム,きあいのタスキ,3.2
スピンロトム,ヤチェのみ,1.7
スピンロトム,ヨロギのみ,1.6
スピンロトム,ひかりのこな,1.5
スピンロトム,するどいくちばし,1.5
スピンロトム,おうじゃのしるし,1.3
デデンネ,オボンのみ,52.1
デデンネ,きあいのタスキ,22.6
デデンネ,こだわりスカーフ,10.8
デデンネ,シュカのみ,4.6
デデンネ,じしゃく,4.4
デデンネ,ゲッコウガナイト,0.8
デデンネ,ビアーのみ,0.8
デデンネ,ラムのみ,0.6
デデンネ,ようせいのハネ,0.4
デデンネ,ライボルトナイト,0.3
バリコオル,きあいのタスキ,37.5
バリコオル,オボンのみ,15.5
バリコオル,とけないこおり,9.5
バリコオル,たべのこし,7.2
バリコオル,こだわりスカーフ,6.9
バリコオル,せんせいのツメ,4.0
バリコオル,ラムのみ,3.9
バリコオル,ひかりのこな,3.6
バリコオル,オッカのみ,3.1
バリコオル,リリバのみ,1.6
ニャオニクス♀,ニャオニクスナイト,89.5
ニャオニクス♀,こだわりスカーフ,3.9
ニャオニクス♀,きあいのタスキ,1.8
ニャオニクス♀,たべのこし,0.8
ニャオニクス♀,まがったスプーン,0.7
ニャオニクス♀,オボンのみ,0.4
ニャオニクス♀,ラムのみ,0.4
ニャオニクス♀,メンタルハーブ,0.4
ニャオニクス♀,ピントレンズ,0.3
ニャオニクス♀,カシブのみ,0.3
ラムパルド,こだわりスカーフ,52.4
ラムパルド,きあいのタスキ,19.4
ラムパルド,かたいいし,11.5
ラムパルド,せんせいのツメ,4.8
ラムパルド,ラムのみ,3.2
ラムパルド,オボンのみ,2.5
ラムパルド,たべのこし,0.8
ラムパルド,やわらかいすな,0.7
ラムパルド,イトケのみ,0.7
ラムパルド,ひかりのこな,0.6
ダストダス,でんきだま,23.2
ダストダス,きあいのタスキ,20.7
ダストダス,オボンのみ,12.5
ダストダス,シュカのみ,8.9
ダストダス,たべのこし,8.1
ダストダス,どくバリ,5.8
ダストダス,シルクのスカーフ,5.3
ダストダス,せんせいのツメ,3.5
ダストダス,しろいハーブ,2.2
ダストダス,ラムのみ,2.2
トリミアン,たべのこし,44.9
トリミアン,オボンのみ,19.0
トリミアン,ヨプのみ,8.9
トリミアン,カゴのみ,6.7
トリミアン,きあいのタスキ,4.7
トリミアン,こだわりスカーフ,3.0
トリミアン,シルクのスカーフ,2.2
トリミアン,ひかりのこな,2.0
トリミアン,ラムのみ,1.6
トリミアン,メンタルハーブ,1.6
ツンベアー,きあいのタスキ,29.3
ツンベアー,ラムのみ,15.3
ツンベアー,とけないこおり,13.7
ツンベアー,オボンのみ,8.4
ツンベアー,おうじゃのしるし,5.0
ツンベアー,たべのこし,4.7
ツンベアー,ヨプのみ,3.6
ツンベアー,ひかりのこな,3.4
ツンベアー,こだわりスカーフ,3.0
ツンベアー,しろいハーブ,2.3
ルガルガン(まひる),きあいのタスキ,85.7
ルガルガン(まひる),かたいいし,2.8
ルガルガン(まひる),ピントレンズ,1.9
ルガルガン(まひる),こだわりスカーフ,1.7
ルガルガン(まひる),オボンのみ,1.5
ルガルガン(まひる),おうじゃのしるし,1.3
ルガルガン(まひる),ひかりのこな,1.1
ルガルガン(まひる),ラムのみ,0.9
ルガルガン(まひる),くろおび,0.8
ルガルガン(まひる),せんせいのツメ,0.7
タルップル,たべのこし,41.2
タルップル,オボンのみ,34.7
タルップル,ハバンのみ,4.3
タルップル,せんせいのツメ,3.8
タルップル,ヤチェのみ,2.9
タルップル,しろいハーブ,2.7
タルップル,ラムのみ,2.3
タルップル,ひかりのこな,1.9
タルップル,きせきのタネ,1.8
タルップル,カゴのみ,1.1
ルガルガン(まよなか),きあいのタスキ,59.4
ルガルガン(まよなか),こだわりスカーフ,18.7
ルガルガン(まよなか),しろいハーブ,6.5
ルガルガン(まよなか),ピントレンズ,4.6
ルガルガン(まよなか),ひかりのこな,1.6
ルガルガン(まよなか),かたいいし,1.6
ルガルガン(まよなか),ヨプのみ,1.5
ルガルガン(まよなか),でんきだま,1.4
ルガルガン(まよなか),せんせいのツメ,0.7
ルガルガン(まよなか),オボンのみ,0.7
ヒヤッキー,きあいのタスキ,39.3
ヒヤッキー,しんぴのしずく,23.0
ヒヤッキー,こだわりスカーフ,12.7
ヒヤッキー,オボンのみ,6.0
ヒヤッキー,ひかりのこな,2.6
ヒヤッキー,とけないこおり,2.5
ヒヤッキー,リンドのみ,1.5
ヒヤッキー,ソクノのみ,1.4
ヒヤッキー,せんせいのツメ,1.2
ヒヤッキー,ラムのみ,1.1
ケンタロス,フーディナイト,33.7
ケンタロス,こだわりスカーフ,26.9
ケンタロス,シルクのスカーフ,7.8
ケンタロス,オボンのみ,7.5
ケンタロス,きあいのタスキ,5.3
ケンタロス,ラムのみ,3.3
ケンタロス,ヨプのみ,3.1
ケンタロス,せんせいのツメ,2.0
ケンタロス,かいがらのすず,1.5
ケンタロス,とけないこおり,1.5
パンプジン(普通),せんせいのツメ,43.7
パンプジン(普通),こだわりスカーフ,23.6
パンプジン(普通),オボンのみ,12.1
パンプジン(普通),たべのこし,6.9
パンプジン(普通),きあいのタスキ,4.3
パンプジン(普通),のろいのおふだ,2.1
パンプジン(普通),ひかりのこな,1.8
パンプジン(普通),カシブのみ,1.1
パンプジン(普通),メンタルハーブ,0.7
パンプジン(普通),バコウのみ,0.6
ナゲツケサル,こだわりスカーフ,20.8
ナゲツケサル,きあいのタスキ,11.8
ナゲツケサル,でんきだま,10.4
ナゲツケサル,ひかりのこな,7.9
ナゲツケサル,もくたん,7.6
ナゲツケサル,せんせいのツメ,7.3
ナゲツケサル,オボンのみ,7.1
ナゲツケサル,くろおび,6.5
ナゲツケサル,ラムのみ,5.7
ナゲツケサル,たべのこし,4.8
アップリュー,きあいのタスキ,40.0
アップリュー,こだわりスカーフ,30.8
アップリュー,オボンのみ,9.8
アップリュー,きせきのタネ,5.4
アップリュー,ラムのみ,3.3
アップリュー,ヤチェのみ,2.6
アップリュー,せんせいのツメ,1.9
アップリュー,ピントレンズ,1.3
アップリュー,ハバンのみ,1.0
アップリュー,くろいメガネ,0.8
ポワルン,メガニウムナイト,29.4
ポワルン,きあいのタスキ,20.9
ポワルン,こだわりスカーフ,17.1
ポワルン,オボンのみ,8.8
ポワルン,ひかりのこな,7.4
ポワルン,たべのこし,4.4
ポワルン,カゴのみ,2.6
ポワルン,せんせいのツメ,2.4
ポワルン,ヨプのみ,1.1
ポワルン,しんぴのしずく,0.8
バオッキー,きあいのタスキ,49.5
バオッキー,もくたん,14.2
バオッキー,オボンのみ,11.0
バオッキー,こだわりスカーフ,10.9
バオッキー,きあいのハチマキ,3.5
バオッキー,イトケのみ,1.7
バオッキー,リザードナイトＸ,1.2
バオッキー,しろいハーブ,1.0
バオッキー,ラムのみ,0.7
バオッキー,せんせいのツメ,0.6
ヤレユータン,たべのこし,26.7
ヤレユータン,オボンのみ,22.1
ヤレユータン,ラムのみ,7.8
ヤレユータン,ナモのみ,6.2
ヤレユータン,くろおび,6.2
ヤレユータン,メンタルハーブ,5.7
ヤレユータン,せんせいのツメ,4.6
ヤレユータン,まがったスプーン,4.6
ヤレユータン,きあいのタスキ,3.7
ヤレユータン,ひかりのこな,2.1
ダイケンキ,オボンのみ,32.4
ダイケンキ,しんぴのしずく,11.3
ダイケンキ,きあいのタスキ,11.0
ダイケンキ,たべのこし,9.5
ダイケンキ,でんきだま,7.9
ダイケンキ,リンドのみ,4.9
ダイケンキ,とけないこおり,3.7
ダイケンキ,ラムのみ,3.2
ダイケンキ,ピントレンズ,3.1
ダイケンキ,かいがらのすず,3.0
ヤナッキー,きあいのタスキ,50.6
ヤナッキー,きせきのタネ,7.5
ヤナッキー,オボンのみ,7.3
ヤナッキー,こだわりスカーフ,6.1
ヤナッキー,おうじゃのしるし,5.0
ヤナッキー,しろいハーブ,4.7
ヤナッキー,せんせいのツメ,3.2
ヤナッキー,ラムのみ,1.9
ヤナッキー,オッカのみ,1.8
ヤナッキー,たべのこし,1.6
フレフワン,オボンのみ,47.4
フレフワン,たべのこし,11.6
フレフワン,きあいのタスキ,8.2
フレフワン,ようせいのハネ,8.2
フレフワン,リリバのみ,8.1
フレフワン,ラムのみ,3.0
フレフワン,ひかりのこな,2.7
フレフワン,ビアーのみ,2.6
フレフワン,せんせいのツメ,2.2
フレフワン,メタルコート,1.5
ロトム,シュカのみ,51.4
ロトム,こだわりスカーフ,17.0
ロトム,きあいのタスキ,11.8
ロトム,オボンのみ,4.5
ロトム,じしゃく,3.7
ロトム,たべのこし,3.1
ロトム,ひかりのこな,2.4
ロトム,カシブのみ,0.9
ロトム,のろいのおふだ,0.7
ロトム,ナモのみ,0.7
ミルホッグ,きあいのタスキ,28.9
ミルホッグ,シルクのスカーフ,20.8
ミルホッグ,ひかりのこな,12.7
ミルホッグ,きあいのハチマキ,7.9
ミルホッグ,せんせいのツメ,6.6
ミルホッグ,オボンのみ,4.1
ミルホッグ,ヨプのみ,4.0
ミルホッグ,じしゃく,2.6
ミルホッグ,どくバリ,2.6
ミルホッグ,くろおび,1.4
パンプジン(小),こだわりスカーフ,47.4
パンプジン(小),たべのこし,18.1
パンプジン(小),きあいのタスキ,14.3
パンプジン(小),オボンのみ,9.5
パンプジン(小),のろいのおふだ,3.3
パンプジン(小),ひかりのこな,2.6
パンプジン(小),カシブのみ,1.1
パンプジン(小),シルクのスカーフ,0.6
パンプジン(小),ラムのみ,0.5
パンプジン(小),オッカのみ,0.4
パンプジン(大),オボンのみ,32.8
パンプジン(大),たべのこし,21.6
パンプジン(大),ひかりのこな,14.5
パンプジン(大),きあいのタスキ,9.3
パンプジン(大),のろいのおふだ,6.3
パンプジン(大),こだわりスカーフ,4.2
パンプジン(大),シルクのスカーフ,2.5
パンプジン(大),カシブのみ,1.8
パンプジン(大),せんせいのツメ,1.3
パンプジン(大),ラムのみ,0.9
ケンタロス(パルデア単),オボンのみ,30.1
ケンタロス(パルデア単),こだわりスカーフ,29.1
ケンタロス(パルデア単),ラムのみ,10.7
ケンタロス(パルデア単),きあいのタスキ,6.0
ケンタロス(パルデア単),くろおび,5.8
ケンタロス(パルデア単),たべのこし,2.5
ケンタロス(パルデア単),せんせいのツメ,1.9
ケンタロス(パルデア単),しろいハーブ,1.8
ケンタロス(パルデア単),おうじゃのしるし,1.8
ケンタロス(パルデア単),ロゼルのみ,1.7
