ガブリアス,A32S32,73.5
ガブリアス,H2A32S32,52.4
ガブリアス,A32B2S32,11.0
ガブリアス,A32B1D1S32,4.5
ガブリアス,A32D2S32,3.0
ガブリアス,A32S32,1.2
ガブリアス,H1A32B1S32,0.6
ガブリアス,H1A32S32,0.4
ガブリアス,A32B1S32,0.4
ガブリアス,H32B32,6.4
ブリジュラス,C32S32,21.9
ブリジュラス,H2C32S32,17.8
ブリジュラス,C32D2S32,2.1
ブリジュラス,B2C32S32,2.0
ブリジュラス,H32D32,14.5
ブリジュラス,H32B2D32,7.9
ブリジュラス,H32D32S2,4.9
ブリジュラス,H32C2D32,1.7
ブリジュラス,H32C32,5.9
ブリジュラス,H32C32S2,2.3
マスカーニャ,A32S32,66.5
マスカーニャ,H2A32S32,45.8
マスカーニャ,A32B2S32,10.8
マスカーニャ,A32B1D1S32,5.1
マスカーニャ,A32D2S32,2.7
マスカーニャ,A32S32,1.3
マスカーニャ,H1A32B1S32,0.8
マスカーニャ,H4A30B20S12,5.4
マスカーニャ,C32S32,4.3
マスカーニャ,A2C32S32,3.0
アシレーヌ,H32C32,22.1
アシレーヌ,H32C32S2,10.0
アシレーヌ,H32C32D2,6.5
アシレーヌ,H32B2C32,5.6
アシレーヌ,H32B32,8.0
アシレーヌ,H32B32C2,2.7
アシレーヌ,H32B32D2,2.3
アシレーヌ,H32B32C1D1,1.6
アシレーヌ,H32B32S2,1.4
アシレーヌ,H32B10C24,3.9
リザードン,C32S32,36.8
リザードン,H2C32S32,28.5
リザードン,B2C32S32,4.6
リザードン,C32D2S32,1.7
リザードン,C32S32,0.9
リザードン,B1C32D1S32,0.6
リザードン,H1C32S32,0.5
リザードン,A32S32,17.3
リザードン,H2A32S32,15.5
リザードン,A32B2S32,1.8
イダイトウ♂,A32S32,85.9
イダイトウ♂,H2A32S32,47.6
イダイトウ♂,A32B2S32,20.8
イダイトウ♂,A32B1D1S32,10.7
イダイトウ♂,A32D2S32,3.2
イダイトウ♂,H1A32B1S32,1.4
イダイトウ♂,A32S32,1.4
イダイトウ♂,H1A32S32,0.5
イダイトウ♂,A32B1S32,0.3
イダイトウ♂,H2A32B14S18,1.5
アーマーガア,H32B32,55.5
アーマーガア,H32B32D2,43.4
アーマーガア,H32B32S2,6.3
アーマーガア,H32A2B32,2.3
アーマーガア,H32B32D1S1,1.2
アーマーガア,H32B32,1.1
アーマーガア,H32B32D1,0.7
アーマーガア,H32A1B32S1,0.5
アーマーガア,H32D32,8.5
アーマーガア,H32B2D32,6.9
カバルドン,H32D32,26.7
カバルドン,H32B2D32,24.0
カバルドン,H32B1D32S1,1.9
カバルドン,H32D32,0.8
カバルドン,H32B32,21.8
カバルドン,H32B32D2,18.5
カバルドン,H32A2B32,1.4
カバルドン,H32B32S2,1.0
カバルドン,H32B32,0.9
カバルドン,H32B18D16,8.7
ルカリオ,A32S32,59.2
ルカリオ,H2A32S32,50.9
ルカリオ,A32B2S32,3.6
ルカリオ,A32B1D1S32,2.2
ルカリオ,A32D2S32,1.3
ルカリオ,A32S32,0.8
ルカリオ,H1A32B1S32,0.4
ルカリオ,C32S32,24.6
ルカリオ,H2C32S32,18.9
ルカリオ,B2C32S32,2.7
ミミロップ,A32S32,72.3
ミミロップ,H1A32B1S32,33.2
ミミロップ,H2A32S32,25.1
ミミロップ,H1A32D1S32,5.8
ミミロップ,A32B2S32,4.3
ミミロップ,A32D2S32,2.0
ミミロップ,A32S32,1.1
ミミロップ,A32B1D1S32,0.8
ミミロップ,H1A32B5S28,3.3
ミミロップ,H11A27S28,3.0
ゲンガー,C32S32,61.1
ゲンガー,H2C32S32,52.4
ゲンガー,B2C32S32,5.2
ゲンガー,C32D2S32,1.8
ゲンガー,B1C32D1S32,0.9
ゲンガー,C32S32,0.8
ゲンガー,H30C12D1S23,5.4
ゲンガー,H32S32,2.8
ゲンガー,H32C2S32,1.9
ゲンガー,H32B2S32,0.9
ギルガルド(シールド),H32A32,32.9
ギルガルド(シールド),H32A32B1D1,13.7
ギルガルド(シールド),H32A32S2,7.4
ギルガルド(シールド),H32A32B2,7.2
ギルガルド(シールド),H32A32D2,4.6
ギルガルド(シールド),H32A30B1D1S2,8.5
ギルガルド(シールド),H32C32,5.7
ギルガルド(シールド),H32A2C32,3.3
ギルガルド(シールド),H32B1C32D1,1.4
ギルガルド(シールド),H32B2C32,1.0
ギャラドス,A32S32,38.1
ギャラドス,H1A32B1S32,18.6
ギャラドス,H2A32S32,14.6
ギャラドス,H1A32D1S32,2.9
ギャラドス,A32B2S32,2.0
ギャラドス,H31A8B32,2.0
ギャラドス,H31B32S3,1.9
ギャラドス,H32B32S2,1.7
ギャラドス,H32A2B32,1.2
ギャラドス,H32B32D2,1.1
ハッサム,H32A32,38.0
ハッサム,H32A32B2,14.5
ハッサム,H32A32S2,12.3
ハッサム,H32A32D2,7.7
ハッサム,H32A32B1D1,2.4
ハッサム,H32A32B1S1,1.1
ハッサム,H30A32S4,5.1
ハッサム,H30A32B1D1S2,3.7
ハッサム,H30A30B1S5,3.2
ハッサム,H26A32S8,3.0
カイリュー,C32S32,36.5
カイリュー,H2C32S32,23.1
カイリュー,H1B1C32S32,11.7
カイリュー,H1C32D1S32,1.7
カイリュー,A32S32,9.7
カイリュー,H2A32S32,6.1
カイリュー,H1A32B1S32,3.6
カイリュー,H31B1C15D1S18,7.7
カイリュー,H32C32S2,2.6
カイリュー,H31C32S3,1.9
キラフロル,C32S32,74.0
キラフロル,H1B1C32S32,36.8
キラフロル,H2C32S32,18.7
キラフロル,H1C32D1S32,9.5
キラフロル,B2C32S32,2.9
キラフロル,C32D2S32,2.5
キラフロル,C32S32,1.5
キラフロル,B1C32D1S32,1.1
キラフロル,H1C32S32,1.0
キラフロル,H31D3S32,2.6
フラエッテ(永遠),C32S32,23.6
フラエッテ(永遠),H2C32S32,20.7
フラエッテ(永遠),B2C32S32,2.9
フラエッテ(永遠),B10C24S32,8.7
フラエッテ(永遠),H26C8S32,4.0
フラエッテ(永遠),H26B6C16S18,3.6
フラエッテ(永遠),H2B11C21S32,3.3
フラエッテ(永遠),H32B29C5,3.3
フラエッテ(永遠),H32B13D1S20,3.2
フラエッテ(永遠),H26B28C6S9,3.0
ウルガモス,H32B32S2,11.8
ウルガモス,H32B32D2,3.3
ウルガモス,H32B32C2,2.4
ウルガモス,H31B32S3,1.7
ウルガモス,H32B32C1D1,1.0
ウルガモス,C32S32,16.6
ウルガモス,H2C32S32,6.0
ウルガモス,H1C32D1S32,4.3
ウルガモス,H1B1C32S32,3.9
ウルガモス,B2C32S32,1.4
スターミー,A32S32,60.8
スターミー,H2A32S32,54.0
スターミー,A32B2S32,3.5
スターミー,A32B1D1S32,2.0
スターミー,A32D2S32,1.3
スターミー,H32A14D20,5.2
スターミー,H4A32S30,3.0
スターミー,H2A32B1D1S30,2.0
スターミー,H7A30B1S28,1.5
スターミー,H24A24D18,1.5
ミミッキュ,A32S32,35.8
ミミッキュ,H1A32B1S32,14.9
ミミッキュ,H2A32S32,12.8
ミミッキュ,A32B2S32,2.7
ミミッキュ,H1A32D1S32,2.3
ミミッキュ,A32D2S32,1.6
ミミッキュ,H1A32S32,1.5
ミミッキュ,H32A32,7.4
ミミッキュ,H32A32S4,2.9
ミミッキュ,H32A32B2,2.9
ウォッシュロトム,H32B10D24,18.9
ウォッシュロトム,H32B32,16.1
ウォッシュロトム,H32B32C2,5.5
ウォッシュロトム,H32B32D2,4.8
ウォッシュロトム,H32B32C1D1,2.9
ウォッシュロトム,H32B32S2,2.9
ウォッシュロトム,C32S32,10.3
ウォッシュロトム,H2C32S32,9.2
ウォッシュロトム,B2C32S32,1.1
ウォッシュロトム,H32C32,8.9
サザンドラ,C32S32,82.8
サザンドラ,H2C32S32,62.8
サザンドラ,B1C32D1S32,5.7
サザンドラ,B2C32S32,5.1
サザンドラ,C32D2S32,3.7
サザンドラ,C32S32,1.3
サザンドラ,H1C32S32,1.2
サザンドラ,H1B1C32S32,1.0
サザンドラ,C32D1S32,0.6
サザンドラ,B1C32S32,0.5
ダイケンキ(ヒスイ),A32S32,44.6
ダイケンキ(ヒスイ),H2A32S32,33.1
ダイケンキ(ヒスイ),A32B2S32,5.0
ダイケンキ(ヒスイ),A32D2S32,3.1
ダイケンキ(ヒスイ),A32B1D1S32,2.5
ダイケンキ(ヒスイ),A32S32,0.9
ダイケンキ(ヒスイ),H20A32B2D2S10,13.8
ダイケンキ(ヒスイ),A31B1C11S23,4.5
ダイケンキ(ヒスイ),H32A32,3.3
ダイケンキ(ヒスイ),H32A32S2,1.8
ドドゲザン,H32A32,47.8
ドドゲザン,H32A32S2,26.0
ドドゲザン,H32A32B2,9.8
ドドゲザン,H32A32D2,9.1
ドドゲザン,H32A32B1D1,1.8
ドドゲザン,H32A32,1.1
ドドゲザン,A32S32,15.6
ドドゲザン,H2A32S32,10.6
ドドゲザン,A32B2S32,2.3
ドドゲザン,A32B1D1S32,1.5
ソウブレイズ,A32S32,84.0
ソウブレイズ,H1A32B1S32,40.8
ソウブレイズ,H2A32S32,20.6
ソウブレイズ,H1A32D1S32,11.2
ソウブレイズ,A32B2S32,4.1
ソウブレイズ,A32D2S32,3.6
ソウブレイズ,A32S32,1.6
ソウブレイズ,H1A32S32,1.2
ソウブレイズ,A32B1D1S32,0.9
ソウブレイズ,H32A32S2,0.9
カメックス,C32S32,13.8
カメックス,H2C32S32,7.9
カメックス,H1B1C32S32,3.9
カメックス,B2C32S32,1.1
カメックス,H1C32D1S32,0.9
カメックス,H19B5C25S17,12.7
カメックス,H11B1C32S22,11.7
カメックス,H5C32S29,7.7
カメックス,H32C32,5.7
カメックス,H32B2C32,3.0
マフォクシー,C32S32,38.5
マフォクシー,H2C32S32,18.7
マフォクシー,H1B1C32S32,10.7
マフォクシー,H1C32D1S32,4.2
マフォクシー,B2C32S32,2.9
マフォクシー,C32D2S32,2.0
マフォクシー,H32B30S4,5.5
マフォクシー,H5C32S29,3.9
マフォクシー,H31B24S11,3.6
マフォクシー,H3C31S32,2.4
ラウドボーン,H32B32,39.4
ラウドボーン,H32B32D2,24.0
ラウドボーン,H32B32C2,9.3
ラウドボーン,H32B32S2,5.1
ラウドボーン,H32B32,1.0
ラウドボーン,H32D32,11.2
ラウドボーン,H32B2D32,7.6
ラウドボーン,H32D32S2,2.0
ラウドボーン,H32C2D32,1.6
ラウドボーン,H32B9D25,3.8
フシギバナ,H32D32,19.2
フシギバナ,H32B2D32,13.7
フシギバナ,H32C2D32,3.5
フシギバナ,H32D32S2,2.0
フシギバナ,H32B32,12.7
フシギバナ,H32B32D2,9.2
フシギバナ,H32B32S2,1.8
フシギバナ,H32B32C2,1.7
フシギバナ,H32C32,8.9
フシギバナ,H32C32S2,3.8
ハラバリー,H32B2D32,11.1
ハラバリー,H31B3D32,11.1
ハラバリー,H32C2D32,4.2
ハラバリー,H31D32S3,4.0
ハラバリー,H31C8D32,1.6
ハラバリー,H32D32,0.9
ハラバリー,H31B4D31,20.5
ハラバリー,H32B32,4.0
ハラバリー,H32B32D2,2.7
ハラバリー,H32B32C2,1.3
ブラッキー,H32B32D2,45.8
ブラッキー,H31B32D3,5.2
ブラッキー,H32B32D1S1,4.3
ブラッキー,H32B32S2,4.1
ブラッキー,H32B32D1,1.5
ブラッキー,H32B32,1.4
ブラッキー,H31B32S3,1.0
ブラッキー,H32B2D32,5.9
ブラッキー,H31B8D32,0.9
ブラッキー,H32B30D4,1.6
ゲッコウガ,C32S32,67.7
ゲッコウガ,H2C32S32,51.4
ゲッコウガ,B2C32S32,6.5
ゲッコウガ,C32D2S32,3.2
ゲッコウガ,B1C32D1S32,2.5
ゲッコウガ,A2C32S32,2.0
ゲッコウガ,C32S32,1.4
ゲッコウガ,H1C32S32,0.7
ゲッコウガ,H4B4C30S28,3.5
ゲッコウガ,H16B2C27S21,2.4
オオニューラ,A32S32,67.1
オオニューラ,H2A32S32,47.3
オオニューラ,A32B2S32,9.6
オオニューラ,A32D2S32,5.3
オオニューラ,A32S32,2.3
オオニューラ,A32B1D1S32,1.6
オオニューラ,H1A32B1S32,0.6
オオニューラ,H1A32S32,0.4
オオニューラ,H31A10B20D1S4,3.4
オオニューラ,H32A32,2.0
メガニウム,H32C32S2,28.3
メガニウム,H32B2C32,3.5
メガニウム,H32C32D2,2.0
メガニウム,H32B1C32D1,1.9
メガニウム,H31C32S3,0.7
メガニウム,C32S32,6.5
メガニウム,H32B3C17S14,6.3
メガニウム,H21C32S13,5.9
メガニウム,H20C32S14,2.3
メガニウム,H32B20D14,1.8
ガルーラ,A32S32,38.1
ガルーラ,H1A32B1S32,19.5
ガルーラ,H2A32S32,13.7
ガルーラ,H1A32D1S32,2.4
ガルーラ,A32B2S32,1.6
ガルーラ,A32D2S32,0.9
ガルーラ,H32A32S2,8.2
ガルーラ,H32A32B2,2.9
ガルーラ,H31A32S3,2.0
ガルーラ,H32A32B1D1,1.8
ピクシー,H32B32D2,21.5
ピクシー,H31B32S3,7.6
ピクシー,H32B32S2,4.0
ピクシー,H31B32D3,3.1
ピクシー,H32B32C2,3.0
ピクシー,H31B32C8,1.2
ピクシー,H32B32,0.9
ピクシー,H32D32,4.5
ピクシー,H32B2D32,3.8
ピクシー,H32D32S2,0.7
クエスパトラ,C32S32,14.7
クエスパトラ,H2C32S32,6.8
クエスパトラ,H1B1C32S32,4.0
クエスパトラ,B2C32S32,1.5
クエスパトラ,H1C32D1S32,1.4
クエスパトラ,C32D2S32,1.0
クエスパトラ,H32B32D2,5.6
クエスパトラ,H32B32S2,4.9
クエスパトラ,H32B32C1S1,1.8
クエスパトラ,H31B32D3,1.0
バンギラス,H32A32,19.6
バンギラス,H32A32D2,9.5
バンギラス,H32A32B2,5.1
バンギラス,H32A32S2,3.9
バンギラス,H32A32B1D1,1.1
バンギラス,H32D32,15.1
バンギラス,H32A2D32,7.5
バンギラス,H32B2D32,5.3
バンギラス,H32D32S2,2.3
バンギラス,A32S32,14.4
ニンフィア,H32B32D2,11.6
ニンフィア,H32B32C2,5.0
ニンフィア,H32B32S2,2.6
ニンフィア,H31B32D3,1.6
ニンフィア,H32B32D1S1,1.5
ニンフィア,H31B32C8,1.1
ニンフィア,H32C32S2,8.8
ニンフィア,H32B2C32,3.9
ニンフィア,H32C32D2,2.5
ニンフィア,H31C32S3,1.1
ペリッパー,H32B30D4,21.3
ペリッパー,C32S32,17.5
ペリッパー,H2C32S32,11.2
ペリッパー,B2C32S32,2.2
ペリッパー,C32D2S32,1.4
ペリッパー,B1C32D1S32,1.4
ペリッパー,A2C32S32,1.3
ペリッパー,H32B32,16.5
ペリッパー,H32B32D2,9.2
ペリッパー,H32B32C2,6.2
オニシズクモ,H32A32,33.4
オニシズクモ,H32A32B2,24.5
オニシズクモ,H32A32D2,6.1
オニシズクモ,H32A32S2,1.9
オニシズクモ,H32A32,0.9
オニシズクモ,H32B32,9.0
オニシズクモ,H32B32D2,5.9
オニシズクモ,H32A2B32,3.1
オニシズクモ,H32A30B4,3.9
オニシズクモ,H28A32S9,2.9
ゾロアーク(ヒスイ),C32S32,89.0
ゾロアーク(ヒスイ),H1B1C32S32,35.2
ゾロアーク(ヒスイ),H2C32S32,30.0
ゾロアーク(ヒスイ),A2C32S32,5.6
ゾロアーク(ヒスイ),B2C32S32,5.2
ゾロアーク(ヒスイ),H1C32D1S32,4.7
ゾロアーク(ヒスイ),C32D2S32,3.3
ゾロアーク(ヒスイ),C32S32,1.8
ゾロアーク(ヒスイ),B1C32D1S32,1.3
ゾロアーク(ヒスイ),H1C32S32,1.1
エアームド,A32S32,15.9
エアームド,H2A32S32,9.4
エアームド,H1A32B1S32,2.9
エアームド,H1A32D1S32,1.8
エアームド,A32B2S32,1.8
エアームド,H32B32D2,7.5
エアームド,H32B32S2,4.4
エアームド,H32A2B32,1.1
エアームド,H31B32D3,1.1
エアームド,H31A7S28,6.2
エルフーン,C32S32,56.5
エルフーン,H2C32S32,46.4
エルフーン,B2C32S32,4.3
エルフーン,C32D2S32,2.6
エルフーン,C32S32,1.9
エルフーン,B1C32D1S32,1.3
エルフーン,H32B32,14.2
エルフーン,H32B32D2,8.5
エルフーン,H32B32S2,3.3
エルフーン,H32B32C2,1.6
カビゴン,A32B32,28.6
カビゴン,A32B32D2,13.0
カビゴン,H2A32B32,9.1
カビゴン,A32B32D1S1,6.5
カビゴン,H32D32,14.4
カビゴン,H32B2D32,10.1
カビゴン,H32A2D32,4.3
カビゴン,H32B32,8.1
カビゴン,H32B32D2,6.5
カビゴン,H32A2B32,1.6
エルレイド,A32S32,65.2
エルレイド,H2A32S32,47.9
エルレイド,A32B2S32,8.7
エルレイド,A32D2S32,5.0
エルレイド,A32S32,1.9
エルレイド,A32B1D1S32,1.1
エルレイド,H1A32B1S32,0.6
エルレイド,H32A32,4.1
エルレイド,H32A32S2,2.2
エルレイド,H32A32B2,1.2
マンムー,A32S32,76.0
マンムー,H2A32S32,47.2
マンムー,A32B2S32,14.2
マンムー,A32D2S32,7.0
マンムー,A32B1D1S32,3.0
マンムー,A32S32,2.2
マンムー,H1A32S32,0.8
マンムー,A32B1S32,0.6
マンムー,H1A32B1S32,0.5
マンムー,A32D1S32,0.5
ヒートロトム,C32S32,25.2
ヒートロトム,H2C32S32,21.0
ヒートロトム,B2C32S32,2.1
ヒートロトム,C32D2S32,2.1
ヒートロトム,H32C32,15.9
ヒートロトム,H32C32S2,7.1
ヒートロトム,H32C32D2,3.3
ヒートロトム,H32B2C32,3.1
ヒートロトム,H32B1C32D1,2.4
ヒートロトム,H32B32,10.5
スコヴィラン,H32B32D2,19.9
スコヴィラン,H32B32C2,6.3
スコヴィラン,H32B32S2,3.9
スコヴィラン,H31B32D3,3.4
スコヴィラン,H31B32S3,1.1
スコヴィラン,H31B32C8,0.9
スコヴィラン,H32B32,0.8
スコヴィラン,H32B2D32,7.7
スコヴィラン,H31A2D32S1,7.2
スコヴィラン,H31B8D32,2.9
ドラパルト,A32S32,44.4
ドラパルト,H2A32S32,31.2
ドラパルト,A32B2S32,4.1
ドラパルト,A32C2S32,3.1
ドラパルト,A32D2S32,2.6
ドラパルト,A32B1D1S32,1.8
ドラパルト,A32S32,1.6
ドラパルト,C32S32,20.2
ドラパルト,H2C32S32,13.4
ドラパルト,A2C32S32,2.0
ミロカロス,H32B32D2,25.6
ミロカロス,H31B32D3,4.3
ミロカロス,H32B32C2,3.8
ミロカロス,H32B32S2,3.4
ミロカロス,H32B32,1.1
ミロカロス,H31B32C3,0.7
ミロカロス,H32B27S7,14.5
ミロカロス,H32B2D32,4.6
ミロカロス,H32C2D32,2.0
ミロカロス,H31B8D32,0.8
アローラキュウコン,C32S32,44.7
アローラキュウコン,H2C32S32,23.0
アローラキュウコン,H1B1C32S32,8.5
アローラキュウコン,B2C32S32,5.4
アローラキュウコン,C32D2S32,2.9
アローラキュウコン,H1C32D1S32,2.1
アローラキュウコン,C32S32,1.5
アローラキュウコン,H1C32S32,1.3
アローラキュウコン,H7B1C29S29,17.4
アローラキュウコン,H32S32,2.4
ドリュウズ,A32S32,66.3
ドリュウズ,H2A32S32,41.3
ドリュウズ,A32B2S32,12.7
ドリュウズ,A32D2S32,3.9
ドリュウズ,A32B1D1S32,3.9
ドリュウズ,A32S32,2.1
ドリュウズ,H1A32S32,1.0
ドリュウズ,H1A32B1S32,0.8
ドリュウズ,A32B1S32,0.6
ドリュウズ,A32B8D1S25,6.1
バイバニラ,H25C32D2S7,18.9
バイバニラ,H32B2C32,3.9
バイバニラ,H31B8C32,3.2
バイバニラ,H32C32S2,2.6
バイバニラ,H32C32D2,1.4
バイバニラ,H25C32S9,6.4
バイバニラ,C32S32,5.8
バイバニラ,H2C32S32,3.5
バイバニラ,H1B1C32S32,1.3
バイバニラ,B2C32S32,1.0
サーナイト,C32S32,27.4
サーナイト,H2C32S32,22.0
サーナイト,B2C32S32,3.1
サーナイト,C32D2S32,2.3
サーナイト,H32B11C5S18,6.2
サーナイト,H32C32,6.0
サーナイト,H32C32S2,3.6
サーナイト,H32B2C32,1.4
サーナイト,H32C32D2,1.0
サーナイト,H32B18C15S1,5.8
ドヒドイデ,H32D32,40.1
ドヒドイデ,H32B2D32,37.2
ドヒドイデ,H32D32,1.6
ドヒドイデ,H32A2D32,1.3
ドヒドイデ,H32B32,19.3
ドヒドイデ,H32B32D2,18.3
ドヒドイデ,H32B32,1.0
ドヒドイデ,H32B6D28,3.6
ドヒドイデ,B32D32,2.9
ドヒドイデ,H32B18D16,1.9
ガラルヤドキング,H32B2D32,17.6
ガラルヤドキング,H32C2D32,9.1
ガラルヤドキング,H31B3D32,6.0
ガラルヤドキング,H31C8D32,3.6
ガラルヤドキング,H31B1C2D32,1.2
ガラルヤドキング,H31B5D30,12.0
ガラルヤドキング,H31B8C32,2.1
ガラルヤドキング,H32C32D2,1.9
ガラルヤドキング,H32B2C32,1.7
ガラルヤドキング,H31C32D3,0.9
ジュペッタ,H32A32B2,32.0
ジュペッタ,H32A32D2,13.2
ジュペッタ,H32A32S2,11.2
ジュペッタ,H32A32B1D1,3.0
ジュペッタ,H31A32S3,1.7
ジュペッタ,H32A32,1.4
ジュペッタ,H32A32B1S1,1.1
ジュペッタ,H32A25D8S1,8.4
ジュペッタ,A32S32,4.1
ジュペッタ,H2A32S32,2.8
ローブシン,H32A32B2,12.5
ローブシン,H32A32D2,8.0
ローブシン,H32A32S2,2.5
ローブシン,H31A32D3,1.7
ローブシン,H31A32B8,1.4
ローブシン,H32A32B1D1,1.1
ローブシン,A32S32,15.8
ローブシン,H2A32S32,13.7
ローブシン,H1A32B1S32,2.1
ローブシン,A32D32,12.5
エンペルト,H32D32,15.6
エンペルト,H32B2D32,12.8
エンペルト,H32C2D32,2.8
エンペルト,H32C32,12.4
エンペルト,H32B2C32,5.9
エンペルト,H32C32S2,3.7
エンペルト,H32C32D2,2.8
エンペルト,H28B1C27D9S1,11.3
エンペルト,H32B32,7.1
エンペルト,H32B32D2,5.2
ユキメノコ,C32S32,53.8
ユキメノコ,H2C32S32,38.8
ユキメノコ,B2C32S32,6.3
ユキメノコ,C32D2S32,3.7
ユキメノコ,B1C32D1S32,3.7
ユキメノコ,C32S32,1.3
ユキメノコ,H14C20S32,4.6
ユキメノコ,B22C14S30,2.3
ユキメノコ,H30B8C3S27,2.2
ユキメノコ,H30B6C8S27,2.2
バサギリ,A32S32,81.4
バサギリ,H2A32S32,56.5
バサギリ,A32B2S32,12.1
バサギリ,A32D2S32,5.9
バサギリ,A32S32,2.6
バサギリ,A32B1D1S32,1.6
バサギリ,H1A32S32,1.6
バサギリ,H1A32B1S32,0.7
バサギリ,A32B1S32,0.4
バサギリ,H32A32,3.7
ポットデス,H24B24S18,32.6
ポットデス,H32B32,9.7
ポットデス,H32B32D2,6.1
ポットデス,H32B32S2,2.9
ポットデス,H32B32,0.7
ポットデス,H32B16S18,6.7
ポットデス,C32S32,5.3
ポットデス,H2C32S32,3.9
ポットデス,B2C32S32,0.7
ポットデス,C32D2S32,0.7
ヘラクロス,A32S32,37.5
ヘラクロス,H2A32S32,28.8
ヘラクロス,A32B2S32,4.9
ヘラクロス,A32D2S32,1.8
ヘラクロス,A32S32,1.3
ヘラクロス,A32B1D1S32,0.7
ヘラクロス,H32A32,24.2
ヘラクロス,H32A32B2,13.9
ヘラクロス,H32A32S2,4.5
ヘラクロス,H32A32D2,3.1
ホルード,A32S32,85.4
ホルード,H1A32B1S32,39.2
ホルード,H2A32S32,26.4
ホルード,A32B2S32,8.1
ホルード,H1A32D1S32,6.3
ホルード,A32B1D1S32,2.2
ホルード,A32D2S32,2.1
ホルード,H1A32S32,1.1
ホルード,H32A32S2,1.2
ホルード,H32A32B2,0.9
ヌメルゴン(ヒスイ),H32C32,23.8
ヌメルゴン(ヒスイ),H32B2C32,10.3
ヌメルゴン(ヒスイ),H32C32D2,9.3
ヌメルゴン(ヒスイ),H32C32S2,3.1
ヌメルゴン(ヒスイ),H32B1C32D1,1.1
ヌメルゴン(ヒスイ),H32B32,19.1
ヌメルゴン(ヒスイ),H32B32D2,11.9
ヌメルゴン(ヒスイ),H32B32C2,3.2
ヌメルゴン(ヒスイ),H32B32S2,2.8
ヌメルゴン(ヒスイ),H32B32D1S1,1.2
メタモン,H32B32,26.7
メタモン,H32A2B32,15.9
メタモン,H32B32D2,7.5
メタモン,H32B32,1.7
メタモン,H32B32C2,1.6
メタモン,H32,21.6
メタモン,H32S32,15.8
メタモン,H32B2S32,4.9
メタモン,H32S32,4.3
メタモン,H32D2S32,2.7
マリルリ,H32A32S2,16.1
マリルリ,H31A32S3,8.7
マリルリ,H32A32B2,4.8
マリルリ,H31A32B3,3.3
マリルリ,H32A32D2,3.3
マリルリ,H32A32B1D1,2.9
マリルリ,H31A32D3,1.6
マリルリ,H31A32B2D1,1.5
マリルリ,H32B32,2.8
マリルリ,H29A32B8D2,2.3
ヤドラン,H32B32D2,25.6
ヤドラン,H32B32C2,8.5
ヤドラン,H31B32D3,7.0
ヤドラン,H31B32C1D2,3.6
ヤドラン,H31B32C8,2.7
ヤドラン,H32B32,1.2
ヤドラン,H32B2D32,7.1
ヤドラン,H31B8D32,2.0
ヤドラン,H32C2D32,1.1
ヤドラン,H32B2C32,2.0
ウツボット,H32C32,29.1
ウツボット,H32C32S2,13.4
ウツボット,H32A2C32,9.2
ウツボット,H32B2C32,5.2
ウツボット,H32C32D2,1.3
ウツボット,H32B32,25.0
ウツボット,H32B32S2,15.3
ウツボット,H32B32D2,6.2
ウツボット,H32B32C2,2.0
ウツボット,H32A2B32,1.5
ブリムオン,H32B2C32,18.3
ブリムオン,H32C32D2,6.4
ブリムオン,H31B8C32,2.5
ブリムオン,H32C32,1.4
ブリムオン,H32B1C32D1,1.0
ブリムオン,H32B32D2,11.0
ブリムオン,H32B32C2,5.1
ブリムオン,H31B32D3,2.5
ブリムオン,H32D32,3.8
ブリムオン,H32B2D32,2.6
ビビヨン,C32S32,65.8
ビビヨン,H2C32S32,53.9
ビビヨン,B2C32S32,3.5
ビビヨン,C32D2S32,3.0
ビビヨン,B1C32D1S32,2.3
ビビヨン,C32S32,2.1
ビビヨン,H1B1C32S32,1.0
ビビヨン,H6C28S32,12.3
ビビヨン,H32S32,5.5
ビビヨン,H32C2S32,2.6
ジャローダ,C32S32,45.9
ジャローダ,H2C32S32,26.9
ジャローダ,B2C32S32,5.0
ジャローダ,H1B1C32S32,4.5
ジャローダ,C32D2S32,3.8
ジャローダ,H1C32D1S32,2.4
ジャローダ,C32S32,1.3
ジャローダ,H1C32S32,1.0
ジャローダ,B1C32D1S32,1.0
ジャローダ,H32C2S32,4.1
ドデカバシ,H32B32,34.2
ドデカバシ,H32A2B32,20.5
ドデカバシ,H32B32D2,9.0
ドデカバシ,H32B32S2,4.7
ドデカバシ,H32A32,13.9
ドデカバシ,H32A32S2,5.9
ドデカバシ,H32A32B2,5.0
ドデカバシ,H32A32D2,1.7
ドデカバシ,H32A32B1D1,1.3
ドデカバシ,A32S32,6.1
エレザード,C32S32,64.8
エレザード,H2C32S32,44.1
エレザード,C32D2S32,7.0
エレザード,B2C32S32,5.9
エレザード,H1C32D1S32,2.6
エレザード,C32S32,2.2
エレザード,H1B1C32S32,2.0
エレザード,B1C32D1S32,1.0
エレザード,H32C2S32,2.7
エレザード,H31D3S32,2.2
ヤミラミ,H32B32,40.6
ヤミラミ,H32B32D2,35.8
ヤミラミ,H32B32,1.9
ヤミラミ,H32B32S2,1.5
ヤミラミ,H32A2B32,1.4
ヤミラミ,H32B25D9,15.4
ヤミラミ,H32D32,8.8
ヤミラミ,H32B2D32,8.2
ヤミラミ,H32D32,0.6
ヤミラミ,H32B15D19,5.4
ウインディ(ヒスイ),A32S32,67.4
ウインディ(ヒスイ),H2A32S32,36.0
ウインディ(ヒスイ),H1A32B1S32,11.5
ウインディ(ヒスイ),A32D2S32,5.7
ウインディ(ヒスイ),A32B2S32,5.2
ウインディ(ヒスイ),H1A32D1S32,3.7
ウインディ(ヒスイ),A32S32,2.5
ウインディ(ヒスイ),A32B1D1S32,1.8
ウインディ(ヒスイ),H1A32S32,1.0
ウインディ(ヒスイ),H32A32,4.1
グレンアルマ,C32S32,70.8
グレンアルマ,H2C32S32,37.0
グレンアルマ,H1B1C32S32,14.1
グレンアルマ,H1C32D1S32,8.1
グレンアルマ,C32D2S32,3.9
グレンアルマ,B2C32S32,3.8
グレンアルマ,C32S32,2.0
グレンアルマ,H1C32S32,1.1
グレンアルマ,B1C32D1S32,0.8
グレンアルマ,H32B2C32,2.0
デカヌチャン,A32S32,24.4
デカヌチャン,H2A32S32,11.0
デカヌチャン,H1A32B1S32,7.5
デカヌチャン,A32B2S32,2.2
デカヌチャン,H1A32D1S32,2.0
デカヌチャン,A32D2S32,1.7
デカヌチャン,H13A23B1S29,14.6
デカヌチャン,H31A32B3,2.8
デカヌチャン,H32A32B2,2.5
デカヌチャン,H31A32D3,2.4
ヤバソチャ,H32B32D2,25.0
ヤバソチャ,H32B32C2,11.3
ヤバソチャ,H31B32D3,5.1
ヤバソチャ,H32B32S2,4.6
ヤバソチャ,H31B32C8,3.3
ヤバソチャ,H31B32S3,1.7
ヤバソチャ,H32B32,1.5
ヤバソチャ,H32D32,4.3
ヤバソチャ,H32C32,3.7
ヤバソチャ,H32B2C32,1.5
ガオガエン,H32B32D2,10.8
ガオガエン,H32A2B32,3.3
ガオガエン,H31B32D3,1.5
ガオガエン,H32B32S2,1.5
ガオガエン,H32B2D32,6.5
ガオガエン,H32A2D32,1.4
ガオガエン,H31B8D32,1.1
ガオガエン,H32A32,8.2
ガオガエン,H32A32B2,3.1
ガオガエン,H32A32D2,2.1
ウェーニバル,A32S32,68.9
ウェーニバル,H2A32S32,34.8
ウェーニバル,H1A32B1S32,13.1
ウェーニバル,A32D2S32,5.4
ウェーニバル,A32B2S32,5.4
ウェーニバル,H1A32D1S32,5.3
ウェーニバル,A32S32,2.2
ウェーニバル,H1A32S32,1.6
ウェーニバル,A32B1D1S32,1.1
ウェーニバル,H32A5S29,1.6
シャンデラ,C32S32,59.9
シャンデラ,H2C32S32,45.3
シャンデラ,B2C32S32,5.9
シャンデラ,C32D2S32,4.0
シャンデラ,C32S32,2.2
シャンデラ,B1C32D1S32,1.7
シャンデラ,H1C32S32,0.8
シャンデラ,H32C32,9.1
シャンデラ,H32B2C32,2.6
シャンデラ,H32C32S2,2.4
ルチャブル,A32S32,53.5
ルチャブル,H2A32S32,41.5
ルチャブル,A32B2S32,4.5
ルチャブル,A32D2S32,3.7
ルチャブル,A32S32,1.9
ルチャブル,A32B1D1S32,1.2
ルチャブル,H1A32B1S32,0.7
ルチャブル,H27A18B8S13,7.5
ルチャブル,H32S32,3.6
ルチャブル,H32B2S32,1.8
サメハダー,A32S32,78.6
サメハダー,H2A32S32,55.1
サメハダー,A32B2S32,8.1
サメハダー,A32C2S32,4.3
サメハダー,A32S32,3.9
サメハダー,A32B1D1S32,3.6
サメハダー,A32D2S32,3.1
サメハダー,H1A32B1S32,0.5
サメハダー,C32S32,4.6
サメハダー,H2C32S32,2.7
エーフィ,C32S32,55.7
エーフィ,H2C32S32,27.5
エーフィ,H1B1C32S32,9.4
エーフィ,H1C32D1S32,6.0
エーフィ,C32D2S32,6.0
エーフィ,B2C32S32,3.7
エーフィ,C32S32,1.6
エーフィ,H1C32S32,1.5
エーフィ,H14C27S25,2.1
エーフィ,H32S32,2.0
プテラ,A32S32,70.8
プテラ,H2A32S32,49.8
プテラ,A32B2S32,9.4
プテラ,A32D2S32,5.0
プテラ,A32S32,2.9
プテラ,A32B1D1S32,1.3
プテラ,A32C2S32,1.0
プテラ,H1A32B1S32,0.9
プテラ,H1A32S32,0.5
プテラ,H8A32S26,5.2
ジュナイパー(ヒスイ),A32S32,55.7
ジュナイパー(ヒスイ),H2A32S32,41.7
ジュナイパー(ヒスイ),A32B2S32,7.3
ジュナイパー(ヒスイ),A32D2S32,2.0
ジュナイパー(ヒスイ),A32B1S32,1.5
ジュナイパー(ヒスイ),A32S32,1.3
ジュナイパー(ヒスイ),A32B1D1S32,1.3
ジュナイパー(ヒスイ),H1A32B1S32,0.6
ジュナイパー(ヒスイ),H32A32,11.2
ジュナイパー(ヒスイ),H32A32B2,4.7
シャワーズ,H32B32,53.4
シャワーズ,H32B32D2,46.2
シャワーズ,H32B32S2,3.0
シャワーズ,H32B32C2,2.9
シャワーズ,H32B32,1.3
シャワーズ,H32B30D4,5.0
シャワーズ,H32D32,4.7
シャワーズ,H32B2D32,3.9
シャワーズ,H32C2D32,0.8
シャワーズ,B32C32,2.6
イッカネズミ(3匹),A32S32,50.5
イッカネズミ(3匹),H2A32S32,35.8
イッカネズミ(3匹),A32B2S32,6.5
イッカネズミ(3匹),A32D2S32,4.3
イッカネズミ(3匹),A32S32,1.9
イッカネズミ(3匹),A32B1D1S32,0.8
イッカネズミ(3匹),A32B1S32,0.7
イッカネズミ(3匹),H1A32B1S32,0.5
イッカネズミ(3匹),H32B32,11.2
イッカネズミ(3匹),H32B32D2,5.1
カイロス,A32S32,80.0
カイロス,H1A32B1S32,36.8
カイロス,H2A32S32,23.7
カイロス,H1A32D1S32,8.8
カイロス,A32B2S32,5.2
カイロス,A32D2S32,2.9
カイロス,A32S32,1.3
カイロス,H1A32S32,0.7
カイロス,A32B1D1S32,0.6
カイロス,H4A32S30,1.4
ブリガロン,H32B32,56.6
ブリガロン,H32B32D2,44.5
ブリガロン,H32A2B32,5.9
ブリガロン,H32B32S2,4.3
ブリガロン,H32B32,1.1
ブリガロン,H32B32D1S1,0.8
ブリガロン,H30A11B25,5.2
ブリガロン,H32D32,3.0
ブリガロン,H32A32,2.2
ブリガロン,H32A32B2,1.1
ミミズズ,H32B32D2,34.4
ミミズズ,H31B32D3,5.9
ミミズズ,H32A2B32,3.6
ミミズズ,H32B32S2,3.3
ミミズズ,H32B32,2.6
ミミズズ,H32B32D1,1.0
ミミズズ,H31B32S3,0.6
ミミズズ,H32B2D32,10.6
ミミズズ,H31B3D32,4.1
ミミズズ,H32D32,1.5
ゴウカザル,A32S32,47.8
ゴウカザル,H2A32S32,30.9
ゴウカザル,A32B2S32,6.0
ゴウカザル,A32D2S32,3.3
ゴウカザル,A32C2S32,3.2
ゴウカザル,A32B1D1S32,2.5
ゴウカザル,A32S32,1.9
ゴウカザル,C32S32,12.6
ゴウカザル,H2C32S32,8.7
ゴウカザル,A2C32S32,1.6
ガラルヤドラン,H32B2C32,28.0
ガラルヤドラン,H32C32D2,14.9
ガラルヤドラン,H31C32D3,2.0
ガラルヤドラン,H32B1C32D1,2.0
ガラルヤドラン,H31B8C32,1.8
ガラルヤドラン,H32C32,1.4
ガラルヤドラン,H32C32S2,0.9
ガラルヤドラン,B32C32,6.5
ガラルヤドラン,H2B32C32,4.6
ガラルヤドラン,B32C32D2,1.9
ボスゴドラ,H32D32,33.7
ボスゴドラ,H32B2D32,26.6
ボスゴドラ,H32A2D32,3.8
ボスゴドラ,H32D32S2,1.9
ボスゴドラ,H32D32,1.4
ボスゴドラ,H32B32,26.2
ボスゴドラ,H32B32D2,15.8
ボスゴドラ,H32A2B32,7.3
ボスゴドラ,H32B32S2,2.0
ボスゴドラ,H32B32,1.1
チリーン,H32B32D2,11.6
チリーン,H32B32S2,3.8
チリーン,H32B32C2,3.3
チリーン,H31B32D1S4,2.2
チリーン,H31B32D3,2.2
チリーン,H31B32D2S1,1.3
チリーン,H31B32S3,1.3
チリーン,H31B32C1D2,1.0
チリーン,H32B32,0.9
チリーン,H31B32C3,0.9
フーディン,C32S32,70.2
フーディン,H2C32S32,34.5
フーディン,C32D2S32,12.5
フーディン,B2C32S32,7.1
フーディン,H1B1C32S32,6.0
フーディン,H1C32D1S32,5.8
フーディン,C32S32,3.2
フーディン,H1C32S32,1.1
フーディン,H5B1C30S30,1.8
フーディン,B19C21S26,0.9
スピアー,A32S32,81.9
スピアー,H2A32S32,44.4
スピアー,H1A32B1S32,14.2
スピアー,H1A32D1S32,8.3
スピアー,A32B2S32,5.2
スピアー,A32D2S32,5.1
スピアー,H1A32S32,2.5
スピアー,A32S32,2.2
スピアー,H2A18D14S32,2.3
スピアー,A31B4S31,2.1
ケケンカニ,H32A32B2,32.7
ケケンカニ,H32A32D2,17.9
ケケンカニ,H32A32B1D1,8.2
ケケンカニ,H31A32B3,5.4
ケケンカニ,H31A32D3,4.2
ケケンカニ,H31A32B2D1,2.2
ケケンカニ,H31A32B1D2,1.4
ケケンカニ,H32A32,1.1
ケケンカニ,H32A32S2,1.0
ケケンカニ,A32B32,2.2
オーダイル,A32S32,50.9
オーダイル,H2A32S32,28.8
オーダイル,H1A32B1S32,6.7
オーダイル,A32D2S32,6.4
オーダイル,H1A32D1S32,4.5
オーダイル,A32B2S32,3.3
オーダイル,A32S32,1.2
オーダイル,H32A32S2,4.3
オーダイル,H32A32B2,3.0
オーダイル,H32A32D2,1.9
イダイトウ♀,C32S32,35.5
イダイトウ♀,H2C32S32,15.6
イダイトウ♀,B2C32S32,5.6
イダイトウ♀,A2C32S32,5.5
イダイトウ♀,B1C32D1S32,4.3
イダイトウ♀,C32D2S32,3.0
イダイトウ♀,C32S32,1.5
イダイトウ♀,A32S32,20.2
イダイトウ♀,H2A32S32,13.4
イダイトウ♀,A32B2S32,2.9
グライオン,A32S32,23.3
グライオン,H2A32S32,11.2
グライオン,H1A32B1S32,3.8
グライオン,A32B2S32,3.1
グライオン,H1A32D1S32,2.8
グライオン,A32D2S32,2.4
グライオン,H32B32,10.2
グライオン,H32B32D2,5.0
グライオン,H32B32S2,2.9
グライオン,H32A2B32,2.3
バクフーン(ヒスイ),C32S32,84.3
バクフーン(ヒスイ),H2C32S32,37.7
バクフーン(ヒスイ),H1B1C32S32,15.9
バクフーン(ヒスイ),B2C32S32,9.8
バクフーン(ヒスイ),C32D2S32,6.4
バクフーン(ヒスイ),H1C32D1S32,4.3
バクフーン(ヒスイ),H1C32S32,3.7
バクフーン(ヒスイ),A2C32S32,3.2
バクフーン(ヒスイ),C32S32,2.4
バクフーン(ヒスイ),B1C32D1S32,0.5
ユキノオー,H32C32,44.1
ユキノオー,H32B2C32,22.7
ユキノオー,H32A2C32,6.7
ユキノオー,H32C32D2,6.3
ユキノオー,H32C32S2,5.7
ユキノオー,H32B1C32D1,2.7
ユキノオー,H32B32,9.0
ユキノオー,H32B32C2,4.8
ユキノオー,H32B32D2,2.8
ユキノオー,H32B32S2,1.4
イルカマン(ナイーブ),A32S32,46.9
イルカマン(ナイーブ),H2A32S32,32.6
イルカマン(ナイーブ),A32B2S32,5.4
イルカマン(ナイーブ),A32D2S32,3.7
イルカマン(ナイーブ),A32B1D1S32,2.2
イルカマン(ナイーブ),A32S32,2.0
イルカマン(ナイーブ),H1A32S32,1.0
イルカマン(ナイーブ),H32A32,19.9
イルカマン(ナイーブ),H32A32S2,12.7
イルカマン(ナイーブ),H32A32B2,3.5
ウインディ,H32B32,34.4
ウインディ,H32B32D2,17.9
ウインディ,H32B32S2,8.1
ウインディ,H32B32C2,4.2
ウインディ,H32A2B32,3.3
ウインディ,H32B32,0.9
ウインディ,H32A32,15.6
ウインディ,H32A32S2,12.0
ウインディ,H32A32B2,2.4
ウインディ,H32A32D2,1.2
ファイアロー,A32S32,51.9
ファイアロー,H2A32S32,36.4
ファイアロー,A32B2S32,5.4
ファイアロー,A32D2S32,5.0
ファイアロー,H1A32S32,2.8
ファイアロー,A32S32,1.4
ファイアロー,A32B1D1S32,0.9
ファイアロー,H32B32,6.8
ファイアロー,H32B32S2,3.4
ファイアロー,H32B32D2,1.8
ピジョット,C32S32,61.6
ピジョット,H2C32S32,28.8
ピジョット,H1B1C32S32,16.7
ピジョット,B2C32S32,5.8
ピジョット,C32D2S32,5.0
ピジョット,H1C32D1S32,3.8
ピジョット,C32S32,1.0
ピジョット,H1C32S32,0.5
ピジョット,H32B2C32,8.0
ピジョット,H32C32S2,3.0
マニューラ,A32S32,89.0
マニューラ,H2A32S32,59.4
マニューラ,A32B2S32,11.0
マニューラ,A32D2S32,9.9
マニューラ,A32S32,3.7
マニューラ,A32B1D1S32,1.5
マニューラ,H1A32S32,1.1
マニューラ,H1A32B1S32,0.7
マニューラ,A32D1S32,0.7
マニューラ,H1A32D1S32,0.6
エンニュート,C32S32,56.1
エンニュート,H2C32S32,40.3
エンニュート,B2C32S32,5.7
エンニュート,C32D2S32,4.3
エンニュート,C32S32,3.2
エンニュート,B1C32D1S32,2.0
エンニュート,H1C32S32,0.6
エンニュート,H32S32,18.5
エンニュート,H32B2S32,6.3
エンニュート,H32C2S32,4.4
バンバドロ,H32B32,50.1
バンバドロ,H32B32D2,36.9
バンバドロ,H32A2B32,8.2
バンバドロ,H32B32S2,2.3
バンバドロ,H32B32,1.8
バンバドロ,H32B32D1,0.9
バンバドロ,H32D32,8.4
バンバドロ,H32B2D32,5.7
バンバドロ,H32A2D32,1.9
バンバドロ,H32D32,0.8
チャーレム,A32S32,68.0
チャーレム,H2A32S32,50.1
チャーレム,A32B2S32,7.4
チャーレム,A32D2S32,4.4
チャーレム,A32B1D1S32,3.2
チャーレム,A32S32,2.3
チャーレム,H1A32B1S32,0.6
チャーレム,H32A32,5.2
チャーレム,H32A32S2,1.9
チャーレム,H32A32B2,1.3
ケンタロス(パルデア炎),A32S32,38.3
ケンタロス(パルデア炎),H2A32S32,19.4
ケンタロス(パルデア炎),H1A32B1S32,9.7
ケンタロス(パルデア炎),A32B2S32,4.6
ケンタロス(パルデア炎),H1A32D1S32,2.7
ケンタロス(パルデア炎),A32D2S32,1.9
ケンタロス(パルデア炎),H32A32B2,11.8
ケンタロス(パルデア炎),H31A32B3,8.2
ケンタロス(パルデア炎),H32A32S2,1.8
ケンタロス(パルデア炎),H32A32D2,1.6
ルガルガン(たそがれ),A32S32,92.4
ルガルガン(たそがれ),H2A32S32,49.7
ルガルガン(たそがれ),H1A32B1S32,12.8
ルガルガン(たそがれ),H1A32D1S32,7.2
ルガルガン(たそがれ),A32B2S32,6.5
ルガルガン(たそがれ),A32S32,5.6
ルガルガン(たそがれ),A32D2S32,3.6
ルガルガン(たそがれ),H1A32S32,3.2
ルガルガン(たそがれ),A32B1D1S32,2.3
ルガルガン(たそがれ),A32B1S32,0.6
アリアドス,A32S32,46.6
アリアドス,H2A32S32,35.3
アリアドス,A32B2S32,4.4
アリアドス,A32S32,2.8
アリアドス,A32B1D1S32,2.2
アリアドス,A32D2S32,1.9
アリアドス,H32A32,13.2
アリアドス,H32A32B2,5.6
アリアドス,H32A32S2,3.4
アリアドス,H32A32D2,2.1
デンリュウ,H32C32,50.7
デンリュウ,H32B2C32,34.0
デンリュウ,H32C32D2,9.1
デンリュウ,H32B1C32D1,3.4
デンリュウ,H32C32S2,2.6
デンリュウ,H32C32,1.6
デンリュウ,C32S32,4.5
デンリュウ,H2C32S32,2.7
デンリュウ,B2C32S32,1.2
デンリュウ,C32D2S32,0.6
ワルビアル,A32S32,67.2
ワルビアル,H2A32S32,30.7
ワルビアル,H1A32B1S32,18.0
ワルビアル,H1A32D1S32,6.7
ワルビアル,A32B2S32,4.5
ワルビアル,A32D2S32,3.3
ワルビアル,A32S32,1.9
ワルビアル,H1A32S32,1.4
ワルビアル,A32B1D1S32,0.7
ワルビアル,H32S32,2.4
チルタリス,H32B2D32,11.7
チルタリス,H32D32S2,1.6
チルタリス,H31B8D32,1.0
チルタリス,H32C32S2,2.9
チルタリス,H32B2C32,1.5
チルタリス,H32C32D2,1.5
チルタリス,H31C32S3,1.2
チルタリス,A32S32,6.1
チルタリス,H2A32S32,3.4
チルタリス,H1A32B1S32,2.7
ジャラランガ,C32S32,22.1
ジャラランガ,H2C32S32,13.2
ジャラランガ,H1C32D1S32,3.0
ジャラランガ,H1B1C32S32,2.4
ジャラランガ,B2C32S32,1.8
ジャラランガ,C32D2S32,1.7
ジャラランガ,H32C32S2,3.0
ジャラランガ,H31C32S3,2.2
ジャラランガ,H32B2C32,1.2
ジャラランガ,H32C32D2,1.0
グレイシア,H29C30S7,19.6
グレイシア,H32B2C32,4.6
グレイシア,H32C32S2,4.4
グレイシア,H32C32D2,3.1
グレイシア,H31C32S3,2.3
グレイシア,H31B8C32,1.6
グレイシア,H31C32D3,1.1
グレイシア,H32B1C32D1,1.0
グレイシア,C32S32,15.1
グレイシア,H2C32S32,7.1
ドダイトス,A32S32,52.8
ドダイトス,H2A32S32,27.4
ドダイトス,H1A32B1S32,8.5
ドダイトス,H1A32D1S32,5.1
ドダイトス,A32D2S32,3.4
ドダイトス,A32B2S32,2.9
ドダイトス,A32S32,1.8
ドダイトス,A32C2S32,1.4
ドダイトス,A32B1D1S32,1.3
ドダイトス,H1A32S32,1.0
エンブオー,H32A32,31.6
エンブオー,H32A32S2,18.8
エンブオー,H32A32B2,7.4
エンブオー,H32A32D2,3.6
エンブオー,H32A32B1D1,1.3
エンブオー,H32A32,0.5
エンブオー,A32S32,13.0
エンブオー,H2A32S32,7.7
エンブオー,A32B2S32,1.8
エンブオー,A32B1D1S32,1.3
サンダース,C32S32,76.1
サンダース,H2C32S32,36.6
サンダース,H1C32D1S32,9.5
サンダース,C32D2S32,9.3
サンダース,H1B1C32S32,8.6
サンダース,B2C32S32,6.7
サンダース,C32S32,2.9
サンダース,H1C32S32,2.1
サンダース,B1C32D1S32,0.4
サンダース,H8C32S26,1.2
アマージョ,A32S32,43.0
アマージョ,H2A32S32,33.3
アマージョ,A32B2S32,4.1
アマージョ,A32D2S32,2.7
アマージョ,A32B1D1S32,1.9
アマージョ,A32S32,1.0
アマージョ,H32A32,7.1
アマージョ,H32A32B2,2.8
アマージョ,H32A32S2,2.0
アマージョ,H32A32B1D1,1.2
ライボルト,C32S32,84.8
ライボルト,H2C32S32,62.6
ライボルト,B2C32S32,8.4
ライボルト,C32D2S32,3.6
ライボルト,A2C32S32,3.0
ライボルト,B1C32D1S32,2.9
ライボルト,C32S32,2.1
ライボルト,C32D1S32,0.9
ライボルト,H1C32S32,0.8
ライボルト,H1B1C32S32,0.5
フォレトス,H32B32D2,27.4
フォレトス,H32A2B32,7.5
フォレトス,H31B32D3,6.4
フォレトス,H32B32,2.8
フォレトス,H32B32C2,2.3
フォレトス,H32A1B32D1,1.8
フォレトス,H32B32S2,1.0
フォレトス,H32B2D32,6.5
フォレトス,H31B8D32,1.1
フォレトス,H32A2D32,1.0
カイリキー,H32A32,48.7
カイリキー,H32A32S2,27.4
カイリキー,H32A32B2,14.4
カイリキー,H32A32D2,4.9
カイリキー,H32A32B1D1,1.3
カイリキー,H32A32,0.7
カイリキー,A32S32,17.5
カイリキー,H2A32S32,12.8
カイリキー,A32B2S32,2.8
カイリキー,A32D2S32,1.0
ブロスター,H32B1C32D1,14.3
ブロスター,H32B2C32,13.3
ブロスター,H32C32D2,7.3
ブロスター,H32C32S2,7.2
ブロスター,H31B2C32D1,2.6
ブロスター,H31B8C32,2.1
ブロスター,H32A2C32,1.4
ブロスター,H31C32S3,1.4
ブロスター,H32C32,0.9
ブロスター,C32S32,13.1
ペロリーム,C32S32,24.1
ペロリーム,H2C32S32,13.5
ペロリーム,C32S32,5.5
ペロリーム,C32D2S32,2.1
ペロリーム,B2C32S32,1.8
ペロリーム,A2C32S32,1.2
ペロリーム,H32D19S15,8.3
ペロリーム,H32S32,5.6
ペロリーム,H32D2S32,2.5
ペロリーム,H32C2S32,1.6
デスバーン,H32B32D2,25.5
デスバーン,H32A2B32,4.5
デスバーン,H32B32,1.8
デスバーン,H31B32D3,1.3
デスバーン,H32B2D32,17.6
デスバーン,H32D32,2.2
デスバーン,H31B8D32,1.6
デスバーン,H32A2D32,1.2
デスバーン,H32A32,4.7
デスバーン,H32A32D2,3.0
キョジオーン,H32D32,35.6
キョジオーン,H32B2D32,31.8
キョジオーン,H32A2D32,1.6
キョジオーン,H32B1D32,1.3
キョジオーン,H32D32S2,0.9
キョジオーン,H32B32,17.7
キョジオーン,H32B32D2,14.7
キョジオーン,H32B32,1.9
キョジオーン,H32A2B32,1.1
キョジオーン,H32A32,6.3
デスカーン,H32B32,52.4
デスカーン,H32B32D2,42.1
デスカーン,H32B32C2,7.1
デスカーン,H32B32,2.4
デスカーン,H32B32D1S1,0.8
デスカーン,H32D32,7.9
デスカーン,H32B2D32,7.0
デスカーン,H32C2D32,0.9
デスカーン,B32C32,3.3
デスカーン,B32C32D2,1.7
コータス,H32C32,27.5
コータス,H32B2C32,13.8
コータス,H32C32D2,10.4
コータス,H32B1C32,2.1
コータス,H32C32,1.2
コータス,H32B32,19.7
コータス,H32B32D2,14.9
コータス,H32B32C2,4.8
コータス,H32D32,10.2
コータス,H32B2D32,9.0
アブソル,A32S32,56.8
アブソル,H2A32S32,29.6
アブソル,H1A32B1S32,9.5
アブソル,A32B2S32,4.0
アブソル,A32C2S32,3.6
アブソル,A32S32,3.0
アブソル,A32D2S32,1.7
アブソル,H1A32D1S32,1.7
アブソル,A32B1D1S32,1.4
アブソル,H1A32S32,1.4
オニゴーリ,A32S32,17.4
オニゴーリ,H2A32S32,14.1
オニゴーリ,A32B2S32,2.1
オニゴーリ,A32S32,1.2
オニゴーリ,H22B8D10S26,11.4
オニゴーリ,H32S32,10.2
オニゴーリ,H32B2S32,4.1
オニゴーリ,H32C2S32,3.4
オニゴーリ,H32B1D1S32,2.7
オニゴーリ,C32S32,4.0
カットロトム,C32S32,29.1
カットロトム,H2C32S32,22.5
カットロトム,C32D2S32,3.4
カットロトム,B2C32S32,1.9
カットロトム,C32S32,1.3
カットロトム,H32C32,22.3
カットロトム,H32C32D2,9.5
カットロトム,H32C32S2,5.3
カットロトム,H32B2C32,4.9
カットロトム,H32B1C32D1,2.6
モルペコ,A32S32,90.2
モルペコ,H2A32S32,62.6
モルペコ,A32B2S32,10.1
モルペコ,A32D2S32,6.2
モルペコ,A32S32,4.2
モルペコ,A32B1D1S32,3.0
モルペコ,H1A32S32,2.1
モルペコ,A32C2S32,0.7
モルペコ,A32B1S32,0.7
モルペコ,H1A32B1S32,0.3
オンバーン,C32S32,86.1
オンバーン,H2C32S32,42.2
オンバーン,H1B1C32S32,17.5
オンバーン,H1C32D1S32,7.3
オンバーン,B2C32S32,5.2
オンバーン,C32D2S32,4.6
オンバーン,B1C32D1S32,3.0
オンバーン,C32S32,2.8
オンバーン,H1C32S32,2.0
オンバーン,A2C32S32,1.0
ヘルガー,C32S32,75.6
ヘルガー,H2C32S32,31.0
ヘルガー,H1B1C32S32,12.7
ヘルガー,H1C32D1S32,8.2
ヘルガー,B2C32S32,5.1
ヘルガー,A2C32S32,4.8
ヘルガー,C32D2S32,4.5
ヘルガー,C32S32,3.1
ヘルガー,H1C32S32,2.6
ヘルガー,H1A1C32S32,2.4
ミカルゲ,H32B32D2,23.5
ミカルゲ,H32B32,1.6
ミカルゲ,H31B32D3,1.1
ミカルゲ,H32D32,14.1
ミカルゲ,H32B2D32,13.1
ミカルゲ,H32A2D32,1.0
ミカルゲ,H32A32,6.4
ミカルゲ,H32A32D2,2.8
ミカルゲ,H32A32B2,2.6
ミカルゲ,H32A32B1D1,1.0
ピカチュウ,C32S32,42.6
ピカチュウ,H2C32S32,19.3
ピカチュウ,H1B1C32S32,8.0
ピカチュウ,H1C32S32,4.4
ピカチュウ,B2C32S32,3.0
ピカチュウ,A2C32S32,2.6
ピカチュウ,H1C32D1S32,2.2
ピカチュウ,C32D2S32,2.1
ピカチュウ,C32S32,1.0
ピカチュウ,A32S32,39.8
ニョロトノ,H32C32,24.8
ニョロトノ,H32B2C32,16.1
ニョロトノ,H32C32S2,4.7
ニョロトノ,H32C32D2,4.0
ニョロトノ,C32S32,18.1
ニョロトノ,H2C32S32,10.6
ニョロトノ,B2C32S32,4.6
ニョロトノ,C32D2S32,2.9
ニョロトノ,H32B32,5.6
ニョロトノ,H32B32D2,3.8
ゾロアーク,C32S32,80.5
ゾロアーク,H2C32S32,49.7
ゾロアーク,B2C32S32,10.8
ゾロアーク,C32D2S32,7.2
ゾロアーク,A2C32S32,6.2
ゾロアーク,C32S32,3.4
ゾロアーク,B1C32D1S32,1.7
ゾロアーク,H1B1C32S32,0.8
ゾロアーク,H1C32S32,0.7
ゾロアーク,H32C32,2.8
ロズレイド,C32S32,39.5
ロズレイド,H2C32S32,26.7
ロズレイド,B2C32S32,5.7
ロズレイド,C32D2S32,3.9
ロズレイド,C32S32,1.9
ロズレイド,B1C32D1S32,1.3
ロズレイド,H32D32,16.0
ロズレイド,H32C2D32,7.2
ロズレイド,H32B2D32,4.3
ロズレイド,H32D32S2,3.7
ドクロッグ,A32S32,62.1
ドクロッグ,H2A32S32,34.8
ドクロッグ,H1A32B1S32,12.8
ドクロッグ,A32B2S32,4.7
ドクロッグ,H1A32D1S32,4.4
ドクロッグ,A32D2S32,3.3
ドクロッグ,H1A32S32,1.2
ドクロッグ,A32B1D1S32,0.9
ドクロッグ,H32A32,5.5
ドクロッグ,H32A32S2,2.1
クレッフィ,H32B32D2,19.8
クレッフィ,H31B32D3,2.8
クレッフィ,H32B32C2,2.7
クレッフィ,H32B32,2.1
クレッフィ,H32D32,8.1
クレッフィ,H32B2D32,6.7
クレッフィ,H32D32,1.4
クレッフィ,H32C32,4.6
クレッフィ,H32C32D2,2.4
クレッフィ,H32B2C32,2.2
リキキリン,H32C32,24.2
リキキリン,H32B2C32,11.6
リキキリン,H32C32D2,6.6
リキキリン,H32B1C32D1,3.5
リキキリン,H32C32S2,2.5
リキキリン,B32C32,6.5
リキキリン,H2B32C32,5.0
リキキリン,B32C32D2,1.5
リキキリン,H32B32,5.9
リキキリン,H32B32D2,4.6
ジジーロン,H32C32,60.0
ジジーロン,H32B2C32,32.4
ジジーロン,H32C32S2,12.4
ジジーロン,H32C32D2,9.7
ジジーロン,H32B1C32D1,4.2
ジジーロン,H32C32,1.3
ジジーロン,H32B32,7.5
ジジーロン,H32B32D2,5.1
ジジーロン,H32B32C2,2.4
ジジーロン,H32D32,2.8
カミツオロチ,H32C32,36.4
カミツオロチ,H32B2C32,18.1
カミツオロチ,H32C32D2,14.2
カミツオロチ,H32C32S2,2.4
カミツオロチ,H32A2C32,0.9
カミツオロチ,H32B1C32D1,0.8
カミツオロチ,H32B32,10.5
カミツオロチ,H32B32C2,6.1
カミツオロチ,H32B32D2,4.4
カミツオロチ,B32C32,5.8
ドサイドン,H32A32B2,18.8
ドサイドン,H32A32D2,8.4
ドサイドン,H32A32S2,1.6
ドサイドン,H31A32B8,1.5
ドサイドン,H32A32,1.1
ドサイドン,A32D32,8.7
ドサイドン,H2A32D32,3.9
ドサイドン,H1A32B1D32,2.7
ドサイドン,A32B2D32,2.1
ドサイドン,A32B32,7.4
ヤドキング,H32B32D2,20.4
ヤドキング,H31B32D3,5.0
ヤドキング,H32B32C2,3.1
ヤドキング,H32B32C1D1,2.4
ヤドキング,H32B32,1.2
ヤドキング,H32B2D32,11.1
ヤドキング,H32C2D32,4.2
ヤドキング,H31B8D32,2.2
ヤドキング,H32B2C32,3.6
ヤドキング,H32C32D2,3.3
ハガネール,H32A32S2,16.9
ハガネール,H32A32B2,8.4
ハガネール,H32A32D2,6.3
ハガネール,H31A32D3,1.2
ハガネール,H31A32B8,1.2
ハガネール,H32B32D2,11.9
ハガネール,H32A2B32,6.8
ハガネール,H31B32D3,1.6
ハガネール,H32B32,1.5
ハガネール,H32B32S2,1.2
ゴロンダ,H32A32B2,13.6
ゴロンダ,H32A32D2,10.6
ゴロンダ,H32A32S2,3.6
ゴロンダ,H31A32D3,1.7
ゴロンダ,H32A32,1.6
ゴロンダ,A32S32,20.8
ゴロンダ,H2A32S32,8.2
ゴロンダ,H1A32B1S32,5.3
ゴロンダ,H1A32S32,2.8
ゴロンダ,H1A32D1S32,2.6
キュウコン,C32S32,46.2
キュウコン,H2C32S32,23.2
キュウコン,H1B1C32S32,5.8
キュウコン,B2C32S32,4.1
キュウコン,C32D2S32,3.9
キュウコン,H1C32D1S32,3.9
キュウコン,C32D1S32,2.3
キュウコン,C32S32,2.0
キュウコン,H1C32S32,1.0
キュウコン,H32S32,9.9
ヌメルゴン,H32C32,23.6
ヌメルゴン,H32C32D2,11.5
ヌメルゴン,H32B2C32,7.4
ヌメルゴン,H32C32S2,4.7
ヌメルゴン,H32D32,13.1
ヌメルゴン,H32B2D32,6.6
ヌメルゴン,H32C2D32,5.4
ヌメルゴン,H32D32,1.1
ヌメルゴン,C32D32,5.6
ヌメルゴン,H2C32D32,2.6
ランクルス,H32B32,20.4
ランクルス,H32B32D2,15.6
ランクルス,H32B32C2,3.8
ランクルス,H32B32,1.0
ランクルス,H32C32,14.0
ランクルス,H32B2C32,7.6
ランクルス,H32C32D2,5.1
ランクルス,H32B1C32D1,1.3
ランクルス,H32D32,12.6
ランクルス,H32B2D32,6.9
ゴルーグ,H32A32B2,24.5
ゴルーグ,H32A32B1D1,8.0
ゴルーグ,H32A32D2,6.8
ゴルーグ,H31A32B8,2.7
ゴルーグ,H31A32B2D1,2.5
ゴルーグ,H32A32S2,2.4
ゴルーグ,H31A32D3,1.1
ゴルーグ,A32S32,9.2
ゴルーグ,H2A32S32,5.0
ゴルーグ,H1A32B1S32,2.0
オーロット,H32B32D2,30.3
オーロット,H32A2B32,4.7
オーロット,H31B32D3,2.8
オーロット,H32B32,2.2
オーロット,H32B32S2,0.9
オーロット,H32D32,6.2
オーロット,H32A32,5.0
オーロット,H32A32B2,3.4
オーロット,H32A32D2,1.6
オーロット,B32D32,3.7
マホイップ,H32B32D2,21.5
マホイップ,H32B32C2,3.9
マホイップ,H31B32D3,3.8
マホイップ,H32B32,2.5
マホイップ,H32B32S2,1.9
マホイップ,H32D32,9.5
マホイップ,H32B2D32,6.4
マホイップ,H32C2D32,3.1
マホイップ,H32B2C32,1.9
マホイップ,H31B8C32,1.6
ケンタロス(パルデア水),A32S32,48.5
ケンタロス(パルデア水),H2A32S32,24.9
ケンタロス(パルデア水),H1A32B1S32,6.3
ケンタロス(パルデア水),A32D2S32,5.9
ケンタロス(パルデア水),A32B2S32,5.9
ケンタロス(パルデア水),H1A32D1S32,4.2
ケンタロス(パルデア水),A32S32,1.3
ケンタロス(パルデア水),H31A32B8,5.0
ケンタロス(パルデア水),H32A32B2,4.6
ケンタロス(パルデア水),H32A32S2,4.0
サダイジャ,A32S32,30.6
サダイジャ,H2A32S32,15.0
サダイジャ,A32B2S32,10.8
サダイジャ,A32D2S32,3.3
サダイジャ,A32S32,1.5
サダイジャ,H32B32,17.0
サダイジャ,H32B32D2,9.0
サダイジャ,H32A2B32,3.8
サダイジャ,H32B32S2,2.3
サダイジャ,H32B32,1.9
バクフーン,C32S32,84.8
バクフーン,H2C32S32,43.5
バクフーン,B2C32S32,16.4
バクフーン,A2C32S32,14.9
バクフーン,C32D2S32,5.8
バクフーン,C32S32,1.9
バクフーン,H1C32S32,1.3
バクフーン,B1C32D1S32,1.0
バクフーン,A32S32,1.7
バクフーン,H32C32,0.9
バクーダ,H32C32,63.7
バクーダ,H32B2C32,39.9
バクーダ,H32C32D2,13.3
バクーダ,H32B1C32D1,3.6
バクーダ,H32A2C32,3.3
バクーダ,H32C32,2.8
バクーダ,H32C32S2,0.8
バクーダ,C32D32,2.7
バクーダ,H2C32D32,1.6
バクーダ,B2C32D32,1.1
ニャオニクス♂,C32S32,39.3
ニャオニクス♂,H2C32S32,26.1
ニャオニクス♂,B2C32S32,8.6
ニャオニクス♂,C32D2S32,3.4
ニャオニクス♂,C32S32,1.2
ニャオニクス♂,H32B32,7.8
ニャオニクス♂,B32D32,3.6
ニャオニクス♂,H32C32,3.3
ニャオニクス♂,H32C32S2,2.4
ニャオニクス♂,H32B2C32,0.9
ガチゴラス,A32S32,71.9
ガチゴラス,H2A32S32,48.5
ガチゴラス,A32B2S32,10.4
ガチゴラス,A32D2S32,5.5
ガチゴラス,A32S32,2.8
ガチゴラス,A32B1D1S32,2.1
ガチゴラス,H1A32S32,1.5
ガチゴラス,H1A32B1S32,1.1
ガチゴラス,H32A32,5.3
ガチゴラス,H32A32B2,2.2
リーフィア,A32S32,25.9
リーフィア,H1A32B1S32,11.9
リーフィア,H2A32S32,10.0
リーフィア,A32B2S32,2.0
リーフィア,A32D2S32,2.0
リーフィア,H32A2B32,7.4
リーフィア,H32B32D2,3.6
リーフィア,H32B32S2,3.0
リーフィア,H31B32D3,1.8
リーフィア,H31A8B32,1.6
レントラー,A32S32,20.6
レントラー,H2A32S32,16.6
レントラー,A32B1D1S32,2.5
レントラー,A32B2S32,1.5
レントラー,H32A32,18.2
レントラー,H32A32B2,7.4
レントラー,H32A32B1D1,5.1
レントラー,H32A32S2,3.3
レントラー,H32A32D2,2.4
レントラー,H32B32,15.2
クレベース,H32A2B32,26.9
クレベース,H32B32D2,16.3
クレベース,H31A8B32,6.0
クレベース,H32B32,4.2
クレベース,H32A1B32,2.3
クレベース,H32B32S2,2.1
クレベース,H32B32D1,2.0
クレベース,H31B32D3,1.9
クレベース,H32B32S1,0.7
クレベース,A32B32,9.6
アヤシシ,H32A32,11.3
アヤシシ,H32A32B2,5.8
アヤシシ,H32A32S2,2.8
アヤシシ,H32A32D2,2.7
アヤシシ,B29C30S7,10.5
アヤシシ,A32B32,6.9
アヤシシ,H2A32B32,5.8
アヤシシ,A32B32D2,1.1
アヤシシ,H32B32,6.5
アヤシシ,H32B32D2,2.9
トリデプス,H32D32,45.6
トリデプス,H32B2D32,38.1
トリデプス,H32A2D32,5.2
トリデプス,H32D32,2.3
トリデプス,H32B32,23.8
トリデプス,H32B32D2,21.1
トリデプス,H32B32S2,1.5
トリデプス,H32B32,1.2
トリデプス,B32D32,3.1
トリデプス,H32A32,2.0
フラージェス,H32D32,22.8
フラージェス,H32C2D32,11.1
フラージェス,H32B2D32,5.8
フラージェス,H32D32S2,3.7
フラージェス,H32D32,2.2
フラージェス,H32B32,13.8
フラージェス,H32B32D2,8.3
フラージェス,H32B32C2,3.8
フラージェス,H32B32S2,1.7
フラージェス,H32C32,11.3
マッギョ,H32B2D32,8.6
マッギョ,H32C2D32,4.1
マッギョ,H31B8D32,3.1
マッギョ,H32D32,1.3
マッギョ,H32B32D2,10.1
マッギョ,H31B32D3,3.9
マッギョ,H32B32C2,1.6
マッギョ,H32C32,10.3
マッギョ,H32C32D2,5.6
マッギョ,H32B2C32,3.5
エモンガ,C32S32,42.6
エモンガ,H2C32S32,26.1
エモンガ,H1B1C32S32,8.8
エモンガ,C32S32,3.2
エモンガ,H1C32D1S32,2.4
エモンガ,H1C32S32,2.1
エモンガ,H32B2S32,6.0
エモンガ,H32B1D1S32,4.0
エモンガ,H32D2S32,2.3
エモンガ,H31B8S32,2.0
アマルルガ,C32S32,25.1
アマルルガ,H1B1C32S32,10.7
アマルルガ,H2C32S32,7.8
アマルルガ,B2C32S32,3.3
アマルルガ,H1C32D1S32,1.9
アマルルガ,H1C32S32,1.4
アマルルガ,H32C32,12.7
アマルルガ,H32C32S2,4.5
アマルルガ,H32C32D2,3.5
アマルルガ,H32B2C32,3.5
クレベース(ヒスイ),A32S32,25.8
クレベース(ヒスイ),H2A32S32,12.2
クレベース(ヒスイ),H1A32B1S32,7.4
クレベース(ヒスイ),A32B2S32,3.5
クレベース(ヒスイ),A32S32,1.4
クレベース(ヒスイ),H1A32D1S32,1.3
クレベース(ヒスイ),H32A32B2,18.4
クレベース(ヒスイ),H32A32D2,1.9
クレベース(ヒスイ),H31A32B8,1.8
クレベース(ヒスイ),H32A32S2,1.7
ブースター,A32S32,24.7
ブースター,H2A32S32,16.4
ブースター,H1A32B1S32,2.9
ブースター,H1A32D1S32,2.8
ブースター,A32D2S32,2.6
ブースター,H32A32,7.1
ブースター,H32A32S2,3.5
ブースター,H32A32B2,1.9
ブースター,H32A32D2,1.7
ブースター,H31D30S5,5.6
アーボック,H32B32,22.6
アーボック,H32B32D2,12.6
アーボック,H32B32S2,7.3
アーボック,H32A2B32,2.7
アーボック,A32S32,12.2
アーボック,H2A32S32,7.4
アーボック,A32B2S32,3.2
アーボック,A32S32,1.6
アーボック,H32A32,7.2
アーボック,H32A32B1,2.7
アローラライチュウ,C32S32,74.4
アローラライチュウ,H2C32S32,40.1
アローラライチュウ,C32D2S32,11.0
アローラライチュウ,H1C32S32,9.8
アローラライチュウ,B2C32S32,7.4
アローラライチュウ,A2C32S32,2.8
アローラライチュウ,C32S32,2.5
アローラライチュウ,C32D1S32,0.8
アローラライチュウ,C32D32,4.0
アローラライチュウ,C32D32S2,2.2
フロストロトム,C32S32,40.8
フロストロトム,H2C32S32,31.3
フロストロトム,B2C32S32,5.0
フロストロトム,C32D2S32,3.3
フロストロトム,C32S32,1.2
フロストロトム,H32C32,10.6
フロストロトム,H32C32S2,4.5
フロストロトム,H32B2C32,2.7
フロストロトム,H32C32D2,2.1
フロストロトム,H32B1C32D1,1.3
ライチュウ,C32S32,67.8
ライチュウ,H2C32S32,40.0
ライチュウ,B2C32S32,12.9
ライチュウ,C32D2S32,4.6
ライチュウ,C32S32,3.5
ライチュウ,A2C32S32,2.5
ライチュウ,H1C32S32,2.3
ライチュウ,B1C32D1S32,2.0
ライチュウ,A32S32,10.0
ライチュウ,H2A32S32,6.4
パンプジン(特大),H32B32D2,20.8
パンプジン(特大),H31B32D3,5.7
パンプジン(特大),H32A2B32,3.5
パンプジン(特大),H32B32S2,2.4
パンプジン(特大),H32B32,1.0
パンプジン(特大),H32A32B2,9.1
パンプジン(特大),H32A32D2,8.5
パンプジン(特大),H31A32B8,2.9
パンプジン(特大),H31A32D3,1.1
パンプジン(特大),H32B2D32,2.0
タブンネ,H32B32D2,21.9
タブンネ,H31B32D3,2.9
タブンネ,H32B32C2,1.8
タブンネ,H32B32,1.1
タブンネ,H32B2C32,3.9
タブンネ,H32B1C32D1,3.0
タブンネ,H32C32D2,2.0
タブンネ,H31B8C32,1.8
タブンネ,H31B2C32D1,1.2
タブンネ,H32D32,7.3
ジュナイパー,A32S32,20.2
ジュナイパー,H2A32S32,13.4
ジュナイパー,A32B2S32,4.0
ジュナイパー,A32D2S32,2.8
ジュナイパー,H32A32,13.9
ジュナイパー,H32A32D2,5.3
ジュナイパー,H32A32S2,4.9
ジュナイパー,H32A32B2,3.7
ジュナイパー,A32D32,5.2
ジュナイパー,H2A32D32,2.8
レパルダス,H32B32,25.5
レパルダス,H32B32D2,18.7
レパルダス,H32B32S2,2.7
レパルダス,H32B32,2.2
レパルダス,H32A2B32,1.9
レパルダス,A32S32,19.7
レパルダス,H2A32S32,14.1
レパルダス,A32S32,2.3
レパルダス,A32D2S32,2.0
レパルダス,A32B1D1S32,1.3
スピンロトム,C32S32,25.2
スピンロトム,H2C32S32,19.2
スピンロトム,C32D2S32,3.4
スピンロトム,B2C32S32,2.6
スピンロトム,H32B32C2,4.0
スピンロトム,H32B32S2,3.8
スピンロトム,H31B32C3,2.9
スピンロトム,H32B32D2,2.6
スピンロトム,H32C32,12.2
スピンロトム,H32C32S2,6.7
ガラルマッギョ,H32B32D2,26.7
ガラルマッギョ,H31B32D3,3.7
ガラルマッギョ,H32B32,1.6
ガラルマッギョ,H32B32S2,1.2
ガラルマッギョ,H32B2D32,12.5
ガラルマッギョ,H31B8D32,2.0
ガラルマッギョ,A32B32,11.9
ガラルマッギョ,A32B32S2,10.8
ガラルマッギョ,H2A32B32,1.1
ガラルマッギョ,B32D32,3.2
デデンネ,C32S32,37.6
デデンネ,H2C32S32,19.3
デデンネ,H1B1C32S32,8.9
デデンネ,H1C32D1S32,3.6
デデンネ,B2C32S32,2.8
デデンネ,C32D2S32,1.8
デデンネ,H1A1C32S32,1.2
デデンネ,H32B32,9.0
デデンネ,H32B32D2,5.4
デデンネ,H32B32S2,3.6
バリコオル,C32S32,32.5
バリコオル,H2C32S32,18.2
バリコオル,B2C32S32,5.9
バリコオル,A2C32S32,5.0
バリコオル,C32D2S32,3.4
バリコオル,H32C32,11.7
バリコオル,H32B2C32,4.9
バリコオル,H32C32S2,4.8
バリコオル,H32C32D2,2.0
バリコオル,H32D32,4.4
ラムパルド,A32S32,62.6
ラムパルド,H2A32S32,36.3
ラムパルド,H1A32B1S32,6.6
ラムパルド,A32B2S32,6.0
ラムパルド,A32D2S32,4.7
ラムパルド,A32S32,3.6
ラムパルド,H1A32D1S32,2.8
ラムパルド,H1A32S32,1.3
ラムパルド,A32B1D1S32,1.3
ラムパルド,H32A32B2,12.9
ニャオニクス♀,C32S32,67.6
ニャオニクス♀,H2C32S32,48.6
ニャオニクス♀,B2C32S32,6.3
ニャオニクス♀,C32D2S32,6.2
ニャオニクス♀,C32S32,2.9
ニャオニクス♀,B1C32D1S32,2.1
ニャオニクス♀,H1B1C32S32,1.5
ニャオニクス♀,H32D13S21,7.4
ニャオニクス♀,H32B23S11,1.9
ニャオニクス♀,H8C32S26,0.8
ダストダス,A32S32,17.3
ダストダス,H2A32S32,13.7
ダストダス,A32D2S32,2.0
ダストダス,A32B2S32,1.6
ダストダス,H30B28S8,12.7
ダストダス,H32B32,11.9
ダストダス,H32B32D2,8.0
ダストダス,H32A2B32,2.1
ダストダス,H32B32S2,1.8
ダストダス,H32A32,10.8
トリミアン,H32B32D2,20.8
トリミアン,H32A2B32,5.5
トリミアン,H32B32S2,3.6
トリミアン,H31B32D3,2.0
トリミアン,H32B32,1.2
トリミアン,A32S32,8.1
トリミアン,H2A32S32,3.0
トリミアン,A32D2S32,2.7
トリミアン,A32B2S32,2.4
トリミアン,A32B32,3.3
ツンベアー,A32S32,65.5
ツンベアー,H2A32S32,30.6
ツンベアー,H1A32B1S32,11.1
ツンベアー,A32B2S32,7.9
ツンベアー,H1A32D1S32,4.5
ツンベアー,H1A32S32,3.3
ツンベアー,A32B1D1S32,3.3
ツンベアー,A32S32,3.0
ツンベアー,A32D2S32,1.8
ツンベアー,H32A32,4.7
ルガルガン(まひる),A32S32,87.9
ルガルガン(まひる),H2A32S32,40.9
ルガルガン(まひる),H1A32B1S32,13.4
ルガルガン(まひる),A32B2S32,9.6
ルガルガン(まひる),A32S32,6.9
ルガルガン(まひる),A32D2S32,6.8
ルガルガン(まひる),H1A32D1S32,4.3
ルガルガン(まひる),H1A32S32,3.4
ルガルガン(まひる),A32B1S32,1.5
ルガルガン(まひる),A32B1D1S32,1.1
タルップル,H32B32,28.6
タルップル,H32B32D2,24.0
タルップル,H32B32C2,2.9
タルップル,H32B32,1.7
タルップル,H32D32,14.9
タルップル,H32B2D32,10.3
タルップル,H32C2D32,3.2
タルップル,H32D32,1.4
タルップル,H32C32,6.5
タルップル,H32B2C32,4.7
ルガルガン(まよなか),A32S32,70.4
ルガルガン(まよなか),H2A32S32,40.6
ルガルガン(まよなか),H1A32B1S32,11.9
ルガルガン(まよなか),H1A32D1S32,5.8
ルガルガン(まよなか),A32B2S32,4.1
ルガルガン(まよなか),A32D2S32,3.4
ルガルガン(まよなか),A32B1D1S32,2.1
ルガルガン(まよなか),A32S32,1.5
ルガルガン(まよなか),H1A32S32,1.0
ルガルガン(まよなか),A32B9D15S10,10.7
ヒヤッキー,C32S32,56.8
ヒヤッキー,H2C32S32,19.7
ヒヤッキー,B2C32S32,14.9
ヒヤッキー,H1B1C32S32,7.0
ヒヤッキー,C32D2S32,4.7
ヒヤッキー,H1C32D1S32,3.4
ヒヤッキー,C32S32,3.0
ヒヤッキー,A2C32S32,2.4
ヒヤッキー,H1A1C32S32,1.7
ヒヤッキー,A32S32,19.5
ケンタロス,A32S32,45.6
ケンタロス,H2A32S32,27.1
ケンタロス,H1A32B1S32,6.2
ケンタロス,A32B2S32,5.9
ケンタロス,A32D2S32,3.0
ケンタロス,H1A32D1S32,1.7
ケンタロス,A32S32,0.9
ケンタロス,A32B1D1S32,0.8
ケンタロス,H1A2B8C20D4S5,33.4
ケンタロス,A32B32,2.6
ポワルン,C32S32,38.4
ポワルン,H2C32S32,27.6
ポワルン,C32D2S32,5.1
ポワルン,B2C32S32,4.6
ポワルン,B1C32D1S32,1.1
ポワルン,H32C32,8.3
ポワルン,H32B1C32D1,4.1
ポワルン,H32C32S2,2.5
ポワルン,H32B2C32,1.7
ポワルン,B32C32,4.5
パンプジン(普通),H32A32S2,42.6
パンプジン(普通),H32A32B2,1.8
パンプジン(普通),H31A32D3,1.4
パンプジン(普通),H31A32S3,1.1
パンプジン(普通),A32S32,11.4
パンプジン(普通),H2A32S32,6.1
パンプジン(普通),H1A32B1S32,4.3
パンプジン(普通),A32B2S32,1.0
パンプジン(普通),H32B32,6.6
パンプジン(普通),H32B32D2,3.7
アップリュー,A32S32,74.8
アップリュー,H2A32S32,46.6
アップリュー,A32B2S32,16.6
アップリュー,A32D2S32,8.7
アップリュー,A32S32,2.0
アップリュー,A32B1D1S32,0.9
アップリュー,H32A32,9.5
アップリュー,H32A32B2,4.9
アップリュー,H32A32S2,2.0
アップリュー,H32A32D2,1.5
ナゲツケサル,A32S32,48.3
ナゲツケサル,H2A32S32,32.9
ナゲツケサル,A32D2S32,7.2
ナゲツケサル,A32B2S32,6.2
ナゲツケサル,A32B1D1S32,1.0
ナゲツケサル,A32S32,1.0
ナゲツケサル,H32A32,8.7
ナゲツケサル,H32A32S2,5.2
ナゲツケサル,H32A32D2,3.5
ナゲツケサル,A32B32,7.0
バオッキー,C32S32,37.4
バオッキー,H2C32S32,15.6
バオッキー,H1A1C32S32,7.0
バオッキー,B2C32S32,4.1
バオッキー,A2C32S32,3.4
バオッキー,H1B1C32S32,2.7
バオッキー,C32D2S32,2.4
バオッキー,H1C32D1S32,2.2
バオッキー,A32S32,32.3
バオッキー,H2A32S32,15.2
ヤナッキー,A32S32,52.7
ヤナッキー,H2A32S32,25.7
ヤナッキー,A32C2S32,9.0
ヤナッキー,A32B2S32,6.1
ヤナッキー,H1A32B1S32,5.5
ヤナッキー,H1A32D1S32,3.0
ヤナッキー,A32S32,2.4
ヤナッキー,H1A32C1S32,1.0
ヤナッキー,C32S32,20.3
ヤナッキー,H2C32S32,13.3
ダイケンキ,H32B2C32,6.2
ダイケンキ,H32C32D2,4.9
ダイケンキ,H32B1C32D1,4.5
ダイケンキ,H32C32S2,3.8
ダイケンキ,H31C32S3,1.5
ダイケンキ,H32B32,11.0
ダイケンキ,H32B32S2,5.8
ダイケンキ,H32A2B32,1.9
ダイケンキ,H32B32C2,1.8
ダイケンキ,H32B32D2,1.5
ヤレユータン,H32C32,35.8
ヤレユータン,H32B2C32,21.4
ヤレユータン,H32C32S2,8.3
ヤレユータン,H32C32D2,6.1
ヤレユータン,H32B32,16.5
ヤレユータン,H32B32D2,12.1
ヤレユータン,H32B32C2,2.8
ヤレユータン,H32B32S2,1.6
ヤレユータン,C32D32,6.0
ヤレユータン,H32D32,5.7
フレフワン,H32B2C32,10.7
フレフワン,H32C32D2,4.3
フレフワン,H32B1C32D1,3.8
フレフワン,H32C32S2,1.8
フレフワン,H31B8C32,1.3
フレフワン,H31B30D5,16.8
フレフワン,H32B32D2,7.0
フレフワン,H31B32D3,2.5
フレフワン,B32C32,3.2
フレフワン,H3B32C5D26,3.2
ロトム,H1A32B2C8D4S5,51.1
ロトム,C32S32,26.8
ロトム,H2C32S32,14.5
ロトム,B2C32S32,4.8
ロトム,C32D2S32,4.0
ロトム,B1C32D1S32,2.5
ロトム,C32S32,1.0
ロトム,H32B32,2.1
ロトム,H32B32C2,1.3
ロトム,H32B32D2,0.8
ミルホッグ,H32A32,44.7
ミルホッグ,H32A32S2,10.8
ミルホッグ,H32A32B2,10.4
ミルホッグ,H32A32B1D1,10.1
ミルホッグ,H32A32D2,8.5
ミルホッグ,H32A32B1S1,4.9
ミルホッグ,A32S32,12.5
ミルホッグ,H2A32S32,7.3
ミルホッグ,A32D2S32,3.3
ミルホッグ,A32B2S32,1.9
パンプジン(小),A32S32,35.8
パンプジン(小),H1A32B1S32,10.5
パンプジン(小),H2A32S32,9.2
パンプジン(小),H1A32D1S32,7.7
パンプジン(小),A32B2S32,3.7
パンプジン(小),H1A32S32,2.8
パンプジン(小),A32D2S32,1.9
パンプジン(小),H31B32D3,6.1
パンプジン(小),H32B32D2,2.9
パンプジン(小),H32B32,1.6
パンプジン(大),H32B32D2,21.9
パンプジン(大),H32A2B32,7.9
パンプジン(大),H32B32S2,3.8
パンプジン(大),H31B32D3,2.8
パンプジン(大),H32B32,2.5
パンプジン(大),H32A32,23.5
パンプジン(大),H32A32B2,9.8
パンプジン(大),H32A32,9.7
パンプジン(大),H32A32D2,4.0
パンプジン(大),A32B32,5.3
ケンタロス(パルデア単),A32S32,56.4
ケンタロス(パルデア単),H2A32S32,19.6
ケンタロス(パルデア単),A32B1D1S32,14.0
ケンタロス(パルデア単),A32D2S32,10.9
ケンタロス(パルデア単),A32B2S32,5.0
ケンタロス(パルデア単),H1A32D1S32,3.0
ケンタロス(パルデア単),H1A32B1S32,2.3
ケンタロス(パルデア単),A32S32,1.6
ケンタロス(パルデア単),A32B32,5.4
ケンタロス(パルデア単),A32B32S2,4.1
