ガブリアス,A32S32,73.6
ガブリアス,H2A32S32,52.5
ガブリアス,A32B2S32,11.1
ガブリアス,A32B1D1S32,4.4
ガブリアス,A32D2S32,3.0
ガブリアス,A32S32,1.2
ガブリアス,H1A32B1S32,0.6
ガブリアス,H1A32S32,0.4
ガブリアス,A32B1S32,0.4
ガブリアス,H32B32,7.9
ブリジュラス,C32S32,22.0
ブリジュラス,H2C32S32,17.8
ブリジュラス,C32D2S32,2.1
ブリジュラス,B2C32S32,2.1
ブリジュラス,H32D32,14.6
ブリジュラス,H32B2D32,8.0
ブリジュラス,H32D32S2,4.8
ブリジュラス,H32C2D32,1.8
ブリジュラス,H32C32,5.9
ブリジュラス,H32C32S2,2.3
マスカーニャ,A32S32,67.0
マスカーニャ,H2A32S32,45.9
マスカーニャ,A32B2S32,10.6
マスカーニャ,A32B1D1S32,4.9
マスカーニャ,A32D2S32,2.7
マスカーニャ,A32S32,1.4
マスカーニャ,H1A32B1S32,0.8
マスカーニャ,H1A32S32,0.7
マスカーニャ,H4A30B20S12,5.1
マスカーニャ,C32S32,4.4
リザードン,C32S32,36.8
リザードン,H2C32S32,28.6
リザードン,B2C32S32,4.6
リザードン,C32D2S32,1.7
リザードン,C32S32,0.8
リザードン,B1C32D1S32,0.6
リザードン,H1C32S32,0.5
リザードン,A32S32,17.7
リザードン,H2A32S32,15.9
リザードン,A32B2S32,1.8
アシレーヌ,H32C32,22.1
アシレーヌ,H32C32S2,10.1
アシレーヌ,H32C32D2,6.4
アシレーヌ,H32B2C32,5.6
アシレーヌ,H32B32,8.0
アシレーヌ,H32B32C2,2.7
アシレーヌ,H32B32D2,2.3
アシレーヌ,H32B32C1D1,1.6
アシレーヌ,H32B32S2,1.4
アシレーヌ,H32B10C24,3.9
イダイトウ♂,A32S32,85.5
イダイトウ♂,H2A32S32,47.9
イダイトウ♂,A32B2S32,20.4
イダイトウ♂,A32B1D1S32,10.4
イダイトウ♂,A32D2S32,3.2
イダイトウ♂,A32S32,1.4
イダイトウ♂,H1A32B1S32,1.4
イダイトウ♂,H1A32S32,0.5
イダイトウ♂,A32B1S32,0.3
イダイトウ♂,H2A32B14S18,1.4
アーマーガア,H32B32,55.4
アーマーガア,H32B32D2,43.2
アーマーガア,H32B32S2,6.4
アーマーガア,H32A2B32,2.3
アーマーガア,H32B32D1S1,1.2
アーマーガア,H32B32,1.1
アーマーガア,H32B32D1,0.7
アーマーガア,H32A1B32S1,0.5
アーマーガア,H32D32,8.2
アーマーガア,H32B2D32,6.7
カバルドン,H32D32,25.5
カバルドン,H32B2D32,23.7
カバルドン,H32B1D32S1,1.8
カバルドン,H32B32,22.0
カバルドン,H32B32D2,18.8
カバルドン,H32A2B32,1.4
カバルドン,H32B32S2,1.0
カバルドン,H32B32,0.8
カバルドン,H32B18D16,8.7
カバルドン,H32B22D12,6.5
ミミロップ,A32S32,72.2
ミミロップ,H1A32B1S32,33.3
ミミロップ,H2A32S32,25.2
ミミロップ,H1A32D1S32,5.5
ミミロップ,A32B2S32,4.3
ミミロップ,A32D2S32,2.0
ミミロップ,A32S32,1.1
ミミロップ,A32B1D1S32,0.8
ミミロップ,H1A32B5S28,3.2
ミミロップ,H11A27S28,2.9
ルカリオ,A32S32,58.8
ルカリオ,H2A32S32,50.3
ルカリオ,A32B2S32,3.6
ルカリオ,A32B1D1S32,2.1
ルカリオ,A32D2S32,1.3
ルカリオ,A32S32,0.8
ルカリオ,H1A32S32,0.4
ルカリオ,H1A32B1S32,0.3
ルカリオ,C32S32,24.9
ルカリオ,H2C32S32,19.3
ゲンガー,C32S32,61.3
ゲンガー,H2C32S32,52.6
ゲンガー,B2C32S32,5.1
ゲンガー,C32D2S32,1.9
ゲンガー,B1C32D1S32,0.9
ゲンガー,C32S32,0.8
ゲンガー,H30C12D1S23,5.3
ゲンガー,H32S32,2.8
ゲンガー,H32C2S32,1.9
ゲンガー,H32B2S32,0.9
ギルガルド(シールド),H32A32,33.1
ギルガルド(シールド),H32A32B1D1,14.0
ギルガルド(シールド),H32A32S2,7.3
ギルガルド(シールド),H32A32B2,7.1
ギルガルド(シールド),H32A32D2,4.7
ギルガルド(シールド),H32A30B1D1S2,7.9
ギルガルド(シールド),H32C32,5.9
ギルガルド(シールド),H32A2C32,3.4
ギルガルド(シールド),H32B1C32D1,1.5
ギルガルド(シールド),H32B2C32,1.0
ギャラドス,A32S32,38.4
ギャラドス,H1A32B1S32,18.4
ギャラドス,H2A32S32,15.1
ギャラドス,H1A32D1S32,2.9
ギャラドス,A32B2S32,2.0
ギャラドス,H31B32S3,2.0
ギャラドス,H31A8B32,1.9
ギャラドス,H32B32S2,1.8
ギャラドス,H32A2B32,1.2
ギャラドス,H32B32D2,1.1
ハッサム,H32A32,38.2
ハッサム,H32A32B2,14.8
ハッサム,H32A32S2,12.2
ハッサム,H32A32D2,7.7
ハッサム,H32A32B1D1,2.4
ハッサム,H32A32B1S1,1.1
ハッサム,H30A32S4,5.0
ハッサム,H30A32B1D1S2,3.6
ハッサム,H26A32S8,3.0
ハッサム,H30A30B1S5,2.9
カイリュー,C32S32,37.1
カイリュー,H2C32S32,23.5
カイリュー,H1B1C32S32,11.9
カイリュー,H1C32D1S32,1.7
カイリュー,A32S32,9.6
カイリュー,H2A32S32,6.1
カイリュー,H1A32B1S32,3.5
カイリュー,H31B1C15D1S18,7.0
カイリュー,H32C32S2,2.7
カイリュー,H31C32S3,1.8
キラフロル,C32S32,73.9
キラフロル,H1B1C32S32,36.8
キラフロル,H2C32S32,18.8
キラフロル,H1C32D1S32,9.3
キラフロル,B2C32S32,2.9
キラフロル,C32D2S32,2.5
キラフロル,C32S32,1.5
キラフロル,B1C32D1S32,1.1
キラフロル,H1C32S32,1.0
キラフロル,H31D3S32,2.4
フラエッテ(永遠),C32S32,23.9
フラエッテ(永遠),H2C32S32,21.1
フラエッテ(永遠),B2C32S32,2.8
フラエッテ(永遠),B10C24S32,8.5
フラエッテ(永遠),H26C8S32,4.0
フラエッテ(永遠),H26B6C16S18,3.6
フラエッテ(永遠),H32B29C5,3.3
フラエッテ(永遠),H2B11C21S32,3.2
フラエッテ(永遠),H32B13D1S20,3.0
フラエッテ(永遠),H26B28C6S9,2.8
ウルガモス,H32B32S2,12.0
ウルガモス,H32B32D2,3.3
ウルガモス,H32B32C2,2.4
ウルガモス,H31B32S3,1.7
ウルガモス,H32B32C1D1,1.0
ウルガモス,C32S32,16.6
ウルガモス,H2C32S32,6.1
ウルガモス,H1C32D1S32,4.1
ウルガモス,H1B1C32S32,3.8
ウルガモス,B2C32S32,1.4
ミミッキュ,A32S32,34.0
ミミッキュ,H1A32B1S32,14.6
ミミッキュ,H2A32S32,12.8
ミミッキュ,A32B2S32,2.8
ミミッキュ,H1A32D1S32,2.2
ミミッキュ,A32D2S32,1.6
ミミッキュ,H28A30B7S1,5.7
ミミッキュ,H32A32,4.6
ミミッキュ,H32A32B2,3.0
ミミッキュ,H32A32S2,1.6
スターミー,A32S32,60.6
スターミー,H2A32S32,53.9
スターミー,A32B2S32,3.5
スターミー,A32B1D1S32,1.9
スターミー,A32D2S32,1.3
スターミー,H32A14D20,5.7
スターミー,H4A32S30,3.0
スターミー,H2A32B1D1S30,1.9
スターミー,H7A30B1S28,1.6
スターミー,H24A24D18,1.5
ウォッシュロトム,H32B10D24,18.3
ウォッシュロトム,H32B32,16.4
ウォッシュロトム,H32B32C2,5.4
ウォッシュロトム,H32B32D2,5.0
ウォッシュロトム,H32B32C1D1,3.2
ウォッシュロトム,H32B32S2,2.8
ウォッシュロトム,C32S32,10.2
ウォッシュロトム,H2C32S32,9.2
ウォッシュロトム,B2C32S32,1.0
ウォッシュロトム,H32C32,8.8
サザンドラ,C32S32,82.8
サザンドラ,H2C32S32,62.9
サザンドラ,B1C32D1S32,5.7
サザンドラ,B2C32S32,5.1
サザンドラ,C32D2S32,3.6
サザンドラ,C32S32,1.3
サザンドラ,H1C32S32,1.2
サザンドラ,H1B1C32S32,1.0
サザンドラ,C32D1S32,0.6
サザンドラ,B1C32S32,0.5
ダイケンキ(ヒスイ),A32S32,44.6
ダイケンキ(ヒスイ),H2A32S32,33.1
ダイケンキ(ヒスイ),A32B2S32,5.0
ダイケンキ(ヒスイ),A32D2S32,3.2
ダイケンキ(ヒスイ),A32B1D1S32,2.4
ダイケンキ(ヒスイ),A32S32,0.9
ダイケンキ(ヒスイ),H20A32B2D2S10,14.0
ダイケンキ(ヒスイ),A31B1C11S23,4.1
ダイケンキ(ヒスイ),H24A32S10,3.1
ダイケンキ(ヒスイ),H32B25S9,2.9
ドドゲザン,H32A32,48.7
ドドゲザン,H32A32S2,26.0
ドドゲザン,H32A32B2,9.8
ドドゲザン,H32A32D2,9.2
ドドゲザン,H32A32B1D1,1.7
ドドゲザン,H32A32,1.1
ドドゲザン,H32A32B1S1,0.9
ドドゲザン,A32S32,15.5
ドドゲザン,H2A32S32,10.5
ドドゲザン,A32B2S32,2.3
ソウブレイズ,A32S32,83.8
ソウブレイズ,H1A32B1S32,40.5
ソウブレイズ,H2A32S32,20.6
ソウブレイズ,H1A32D1S32,11.2
ソウブレイズ,A32B2S32,4.2
ソウブレイズ,A32D2S32,3.7
ソウブレイズ,A32S32,1.6
ソウブレイズ,H1A32S32,1.2
ソウブレイズ,A32B1D1S32,0.8
ソウブレイズ,H32A32S2,0.9
カメックス,C32S32,12.8
カメックス,H2C32S32,7.8
カメックス,H1B1C32S32,3.9
カメックス,B2C32S32,1.1
カメックス,H19B5C25S17,12.0
カメックス,H11B1C32S22,11.8
カメックス,H5C32S29,7.4
カメックス,H32C32,5.6
カメックス,H32B2C32,2.9
カメックス,H32C32S2,2.7
ハラバリー,H32B2D32,11.4
ハラバリー,H31B3D32,10.8
ハラバリー,H32C2D32,4.2
ハラバリー,H31D32S3,3.9
ハラバリー,H31C8D32,1.6
ハラバリー,H32D32,0.8
ハラバリー,H31B4D31,20.9
ハラバリー,H32B32,3.9
ハラバリー,H32B32D2,2.7
ハラバリー,H32B32C2,1.2
フシギバナ,H32D32,18.9
フシギバナ,H32B2D32,13.6
フシギバナ,H32C2D32,3.4
フシギバナ,H32D32S2,1.9
フシギバナ,H32B32,12.8
フシギバナ,H32B32D2,9.4
フシギバナ,H32B32S2,1.7
フシギバナ,H32B32C2,1.7
フシギバナ,H32C32,8.8
フシギバナ,H32C32S2,3.8
ラウドボーン,H32B32,39.8
ラウドボーン,H32B32D2,24.4
ラウドボーン,H32B32C2,9.3
ラウドボーン,H32B32S2,5.1
ラウドボーン,H32B32,1.0
ラウドボーン,H32D32,11.1
ラウドボーン,H32B2D32,7.6
ラウドボーン,H32D32S2,1.9
ラウドボーン,H32C2D32,1.6
ラウドボーン,H32B9D25,3.7
マフォクシー,C32S32,40.0
マフォクシー,H2C32S32,19.2
マフォクシー,H1B1C32S32,10.6
マフォクシー,H1C32D1S32,4.3
マフォクシー,B2C32S32,2.9
マフォクシー,C32D2S32,2.1
マフォクシー,C32S32,0.9
マフォクシー,H32B30S4,5.3
マフォクシー,H5C32S29,4.0
マフォクシー,H31B24S11,3.5
ブラッキー,H32B32D2,45.8
ブラッキー,H31B32D3,5.0
ブラッキー,H32B32D1S1,4.3
ブラッキー,H32B32S2,4.0
ブラッキー,H32B32D1,1.5
ブラッキー,H32B32,1.4
ブラッキー,H31B32S3,1.0
ブラッキー,H32B2D32,6.1
ブラッキー,H31B8D32,0.9
ブラッキー,H32B30D4,1.6
オオニューラ,A32S32,67.3
オオニューラ,H2A32S32,47.3
オオニューラ,A32B2S32,9.7
オオニューラ,A32D2S32,5.4
オオニューラ,A32S32,2.4
オオニューラ,A32B1D1S32,1.5
オオニューラ,H1A32B1S32,0.6
オオニューラ,H1A32S32,0.4
オオニューラ,H31A10B20D1S4,3.2
オオニューラ,H32A32,2.0
ゲッコウガ,C32S32,68.3
ゲッコウガ,H2C32S32,51.3
ゲッコウガ,B2C32S32,6.6
ゲッコウガ,C32D2S32,3.2
ゲッコウガ,B1C32D1S32,2.4
ゲッコウガ,A2C32S32,2.1
ゲッコウガ,C32S32,1.5
ゲッコウガ,H1C32S32,0.7
ゲッコウガ,H1B1C32S32,0.5
ゲッコウガ,H4B4C30S28,3.4
メガニウム,H32C32S2,28.2
メガニウム,H32B2C32,3.5
メガニウム,H32C32D2,2.0
メガニウム,H32B1C32D1,1.9
メガニウム,H31C32S3,0.7
メガニウム,C32S32,6.4
メガニウム,H32B3C17S14,6.1
メガニウム,H21C32S13,6.0
メガニウム,H20C32S14,2.2
メガニウム,H32B20D14,1.8
ピクシー,H32B32D2,21.3
ピクシー,H31B32S3,6.9
ピクシー,H32B32S2,4.0
ピクシー,H31B32D3,3.1
ピクシー,H32B32C2,3.0
ピクシー,H31B32C3,1.1
ピクシー,H32B32,0.9
ピクシー,H32D32,3.7
ピクシー,H31B11D11S13,3.1
ピクシー,H32C32,2.0
クエスパトラ,C32S32,15.3
クエスパトラ,H2C32S32,7.2
クエスパトラ,H1B1C32S32,4.1
クエスパトラ,H1C32D1S32,1.5
クエスパトラ,B2C32S32,1.5
クエスパトラ,C32D2S32,1.0
クエスパトラ,H32B32D2,5.6
クエスパトラ,H32B32S2,4.9
クエスパトラ,H32B32C1S1,1.9
クエスパトラ,H31B32D3,0.9
ガルーラ,A32S32,37.9
ガルーラ,H1A32B1S32,19.0
ガルーラ,H2A32S32,14.0
ガルーラ,H1A32D1S32,2.3
ガルーラ,A32B2S32,1.6
ガルーラ,A32D2S32,1.0
ガルーラ,H32A32S2,8.4
ガルーラ,H32A32B2,3.0
ガルーラ,H31A32S3,2.0
ガルーラ,H32A32B1D1,1.8
バンギラス,H32A32,19.7
バンギラス,H32A32D2,9.6
バンギラス,H32A32B2,5.1
バンギラス,H32A32S2,3.9
バンギラス,H32A32B1D1,1.1
バンギラス,A32S32,14.8
バンギラス,H2A32S32,12.1
バンギラス,A32D2S32,1.4
バンギラス,A32B2S32,1.3
バンギラス,H32D32,14.8
ペリッパー,H32B30D4,21.6
ペリッパー,C32S32,18.1
ペリッパー,H2C32S32,11.1
ペリッパー,B2C32S32,2.1
ペリッパー,C32D2S32,1.4
ペリッパー,B1C32D1S32,1.4
ペリッパー,A2C32S32,1.3
ペリッパー,C32S32,0.8
ペリッパー,H32B32,16.7
ペリッパー,H32B32D2,9.3
ニンフィア,H32B32D2,11.6
ニンフィア,H32B32C2,5.0
ニンフィア,H32B32S2,2.6
ニンフィア,H31B32D3,1.6
ニンフィア,H32B32D1S1,1.5
ニンフィア,H31B32C8,1.0
ニンフィア,H32C32,15.5
ニンフィア,H32C32S2,9.1
ニンフィア,H32B2C32,3.9
ニンフィア,H32C32D2,2.5
ゾロアーク(ヒスイ),C32S32,88.8
ゾロアーク(ヒスイ),H1B1C32S32,33.9
ゾロアーク(ヒスイ),H2C32S32,30.7
ゾロアーク(ヒスイ),A2C32S32,5.6
ゾロアーク(ヒスイ),B2C32S32,5.5
ゾロアーク(ヒスイ),H1C32D1S32,4.7
ゾロアーク(ヒスイ),C32D2S32,3.5
ゾロアーク(ヒスイ),C32S32,1.8
ゾロアーク(ヒスイ),B1C32D1S32,1.3
ゾロアーク(ヒスイ),H1C32S32,1.1
オニシズクモ,H32A32,33.4
オニシズクモ,H32A32B2,24.6
オニシズクモ,H32A32D2,6.0
オニシズクモ,H32A32S2,1.9
オニシズクモ,H32A32,0.9
オニシズクモ,H32B32,9.1
オニシズクモ,H32B32D2,6.0
オニシズクモ,H32A2B32,3.1
オニシズクモ,H32A30B4,3.7
オニシズクモ,H28A32S6,2.9
エルフーン,C32S32,56.3
エルフーン,H2C32S32,46.3
エルフーン,B2C32S32,4.4
エルフーン,C32D2S32,2.6
エルフーン,C32S32,1.8
エルフーン,B1C32D1S32,1.2
エルフーン,H32B32,14.4
エルフーン,H32B32D2,8.5
エルフーン,H32B32S2,3.4
エルフーン,H32B32C2,1.7
エアームド,A32S32,16.1
エアームド,H2A32S32,9.6
エアームド,H1A32B1S32,2.9
エアームド,A32B2S32,1.8
エアームド,H1A32D1S32,1.8
エアームド,H32B32D2,8.0
エアームド,H32B32S2,4.5
エアームド,H31B32D3,1.2
エアームド,H32A2B32,1.1
エアームド,H31B32S3,1.0
カビゴン,A32B32,28.8
カビゴン,A32B32D2,12.9
カビゴン,H2A32B32,9.3
カビゴン,A32B32D1S1,5.8
カビゴン,A32B32,0.8
カビゴン,H32D32,14.0
カビゴン,H32B2D32,9.8
カビゴン,H32A2D32,4.2
カビゴン,H32B32,8.2
カビゴン,H32B32D2,6.6
エルレイド,A32S32,64.6
エルレイド,H2A32S32,48.0
エルレイド,A32B2S32,8.3
エルレイド,A32D2S32,4.9
エルレイド,A32S32,1.8
エルレイド,A32B1D1S32,1.0
エルレイド,H1A32B1S32,0.6
エルレイド,H32A32,4.0
エルレイド,H32A32S2,2.1
エルレイド,H32A32B2,1.2
マンムー,A32S32,75.5
マンムー,H2A32S32,47.1
マンムー,A32B2S32,14.0
マンムー,A32D2S32,7.0
マンムー,A32B1D1S32,2.9
マンムー,A32S32,2.2
マンムー,H1A32S32,0.8
マンムー,A32B1S32,0.6
マンムー,H1A32B1S32,0.5
マンムー,A32D1S32,0.4
スコヴィラン,H32B32D2,19.9
スコヴィラン,H32B32C2,6.2
スコヴィラン,H32B32S2,3.9
スコヴィラン,H31B32D3,3.4
スコヴィラン,H31B32S3,1.1
スコヴィラン,H31B32C8,0.8
スコヴィラン,H32B32,0.8
スコヴィラン,H32B2D32,7.8
スコヴィラン,H31A2D32S1,6.6
スコヴィラン,H31B3D32,2.8
ヒートロトム,C32S32,25.2
ヒートロトム,H2C32S32,20.9
ヒートロトム,C32D2S32,2.2
ヒートロトム,B2C32S32,2.1
ヒートロトム,H32C32,15.8
ヒートロトム,H32C32S2,7.1
ヒートロトム,H32C32D2,3.3
ヒートロトム,H32B2C32,3.1
ヒートロトム,H32B1C32D1,2.3
ヒートロトム,H32B32,10.4
ドラパルト,A32S32,44.8
ドラパルト,H2A32S32,31.4
ドラパルト,A32B2S32,4.3
ドラパルト,A32C2S32,3.1
ドラパルト,A32D2S32,2.7
ドラパルト,A32B1D1S32,1.7
ドラパルト,A32S32,1.6
ドラパルト,C32S32,19.6
ドラパルト,H2C32S32,13.1
ドラパルト,A2C32S32,1.8
ミロカロス,H32B32D2,25.6
ミロカロス,H31B32D3,4.3
ミロカロス,H32B32C2,3.7
ミロカロス,H32B32S2,3.3
ミロカロス,H32B32,1.1
ミロカロス,H32B27S7,13.9
ミロカロス,H32B2D32,4.8
ミロカロス,H32C2D32,2.1
ミロカロス,H31B8D32,0.8
ミロカロス,H32D32S2,0.8
アローラキュウコン,C32S32,45.4
アローラキュウコン,H2C32S32,23.7
アローラキュウコン,H1B1C32S32,8.4
アローラキュウコン,B2C32S32,5.5
アローラキュウコン,C32D2S32,3.0
アローラキュウコン,H1C32D1S32,2.0
アローラキュウコン,C32S32,1.6
アローラキュウコン,H1C32S32,1.2
アローラキュウコン,H7B1C29S29,16.0
アローラキュウコン,H32S32,2.4
ドリュウズ,A32S32,66.6
ドリュウズ,H2A32S32,41.8
ドリュウズ,A32B2S32,12.5
ドリュウズ,A32D2S32,4.1
ドリュウズ,A32B1D1S32,3.8
ドリュウズ,A32S32,2.1
ドリュウズ,H1A32S32,0.9
ドリュウズ,H1A32B1S32,0.8
ドリュウズ,A32B1S32,0.6
ドリュウズ,A32B8D1S25,5.9
サーナイト,C32S32,28.6
サーナイト,H2C32S32,23.1
サーナイト,B2C32S32,3.1
サーナイト,C32D2S32,2.4
サーナイト,H32C32,6.4
サーナイト,H32C32S2,3.9
サーナイト,H32B2C32,1.4
サーナイト,H32C32D2,1.1
サーナイト,H32B11C5S18,5.8
サーナイト,H32B18C15S1,5.5
ドヒドイデ,H32D32,40.0
ドヒドイデ,H32B2D32,37.2
ドヒドイデ,H32D32,1.5
ドヒドイデ,H32A2D32,1.3
ドヒドイデ,H32B32,19.0
ドヒドイデ,H32B32D2,18.0
ドヒドイデ,H32B32,1.0
ドヒドイデ,H32B6D28,3.5
ドヒドイデ,B32D32,3.1
ドヒドイデ,H32B18D18,1.9
バイバニラ,H25C32D2S7,18.6
バイバニラ,H32B2C32,3.9
バイバニラ,H31B8C32,3.2
バイバニラ,H32C32S2,2.6
バイバニラ,H32C32D2,1.5
バイバニラ,H25C32S9,6.2
バイバニラ,C32S32,5.8
バイバニラ,H2C32S32,3.5
バイバニラ,H1B1C32S32,1.3
バイバニラ,B2C32S32,1.0
ガラルヤドキング,H32B2D32,17.7
ガラルヤドキング,H32C2D32,9.0
ガラルヤドキング,H31B3D32,5.9
ガラルヤドキング,H31C3D32,3.5
ガラルヤドキング,H31B1C2D32,1.1
ガラルヤドキング,H31B5D30,12.3
ガラルヤドキング,H31B8C32,2.2
ガラルヤドキング,H32C32D2,1.9
ガラルヤドキング,H32B2C32,1.7
ガラルヤドキング,H31C32D3,0.9
ローブシン,H32A32B2,12.8
ローブシン,H32A32D2,8.2
ローブシン,H32A32S2,2.6
ローブシン,H31A32D3,1.7
ローブシン,H31A32B8,1.4
ローブシン,H31A32S3,1.1
ローブシン,A32S32,14.7
ローブシン,H2A32S32,12.8
ローブシン,H1A32B1S32,1.9
ローブシン,A32D32,12.4
バサギリ,A32S32,81.3
バサギリ,H2A32S32,56.6
バサギリ,A32B2S32,12.0
バサギリ,A32D2S32,6.0
バサギリ,A32S32,2.6
バサギリ,A32B1D1S32,1.6
バサギリ,H1A32S32,1.5
バサギリ,H1A32B1S32,0.6
バサギリ,A32B1S32,0.4
バサギリ,H32A32,3.7
ユキメノコ,C32S32,54.6
ユキメノコ,H2C32S32,39.5
ユキメノコ,B2C32S32,6.1
ユキメノコ,B1C32D1S32,3.9
ユキメノコ,C32D2S32,3.8
ユキメノコ,C32S32,1.3
ユキメノコ,H14C20S32,4.3
ユキメノコ,B22C14S30,2.6
ユキメノコ,H30B6C8S27,2.1
ユキメノコ,H26C24S16,1.7
ジュペッタ,H32A32B2,32.1
ジュペッタ,H32A32D2,13.2
ジュペッタ,H32A32S2,11.3
ジュペッタ,H32A32B1D1,2.9
ジュペッタ,H31A32S3,1.7
ジュペッタ,H32A32,1.4
ジュペッタ,H32A32B1S1,1.0
ジュペッタ,H32A25D8S1,8.1
ジュペッタ,A32S32,4.3
ジュペッタ,H2A32S32,2.9
エンペルト,H32D32,15.8
エンペルト,H32B2D32,13.0
エンペルト,H32C2D32,2.8
エンペルト,H32C32,12.5
エンペルト,H32B2C32,6.1
エンペルト,H32C32S2,3.6
エンペルト,H32C32D2,2.8
エンペルト,H28B1C27D9S1,11.0
エンペルト,H32B32,7.1
エンペルト,H32B32D2,5.2
ヘラクロス,A32S32,37.6
ヘラクロス,H2A32S32,29.2
ヘラクロス,A32B2S32,4.7
ヘラクロス,A32D2S32,1.7
ヘラクロス,A32S32,1.3
ヘラクロス,A32B1D1S32,0.7
ヘラクロス,H32A32,23.7
ヘラクロス,H32A32B2,13.6
ヘラクロス,H32A32S2,4.5
ヘラクロス,H32A32D2,3.0
ポットデス,H24B24S18,31.3
ポットデス,H32B32,9.9
ポットデス,H32B32D2,6.1
ポットデス,H32B32S2,3.1
ポットデス,H32B32,0.7
ポットデス,H32B16S18,6.5
ポットデス,C32S32,5.7
ポットデス,H2C32S32,4.2
ポットデス,C32D2S32,0.8
ポットデス,B2C32S32,0.7
ヌメルゴン(ヒスイ),H32C32,23.7
ヌメルゴン(ヒスイ),H32B2C32,10.2
ヌメルゴン(ヒスイ),H32C32D2,9.3
ヌメルゴン(ヒスイ),H32C32S2,3.1
ヌメルゴン(ヒスイ),H32B1C32D1,1.1
ヌメルゴン(ヒスイ),H32B32,19.4
ヌメルゴン(ヒスイ),H32B32D2,11.9
ヌメルゴン(ヒスイ),H32B32C2,3.3
ヌメルゴン(ヒスイ),H32B32S2,3.1
ヌメルゴン(ヒスイ),H32B32D1S1,1.1
メタモン,H32B32,27.6
メタモン,H32A2B32,16.7
メタモン,H32B32D2,7.6
メタモン,H32B32C2,1.7
メタモン,H32B32,1.6
メタモン,H32,20.3
メタモン,H32S32,15.9
メタモン,H32B2S32,5.0
メタモン,H32S32,4.1
メタモン,H32D2S32,2.7
ホルード,A32S32,85.2
ホルード,H1A32B1S32,38.8
ホルード,H2A32S32,26.9
ホルード,A32B2S32,8.0
ホルード,H1A32D1S32,6.0
ホルード,A32B1D1S32,2.2
ホルード,A32D2S32,2.2
ホルード,H1A32S32,1.1
ホルード,H32A32S2,1.2
ホルード,H32A32B2,0.9
マリルリ,H32A32S2,17.0
マリルリ,H31A32S3,8.5
マリルリ,H32A32B2,4.8
マリルリ,H32A32D2,3.4
マリルリ,H31A32B8,3.3
マリルリ,H32A32B1D1,2.9
マリルリ,H31A32B2D1,1.5
マリルリ,H31A32D3,1.5
マリルリ,H32B32,2.6
マリルリ,H29A32B8D2,2.4
ヤドラン,H32B32D2,25.7
ヤドラン,H32B32C2,8.4
ヤドラン,H31B32D3,7.0
ヤドラン,H31B32C1D2,3.6
ヤドラン,H31B32C3,2.5
ヤドラン,H32B32,1.2
ヤドラン,H32B2D32,7.2
ヤドラン,H31B8D32,2.0
ヤドラン,H32C2D32,1.1
ヤドラン,H32B2C32,2.1
ウツボット,H32C32,28.4
ウツボット,H32C32S2,13.2
ウツボット,H32A2C32,8.8
ウツボット,H32B2C32,5.0
ウツボット,H32C32D2,1.4
ウツボット,H32B32,25.7
ウツボット,H32B32S2,15.9
ウツボット,H32B32D2,6.2
ウツボット,H32B32C2,2.0
ウツボット,H32A2B32,1.6
ブリムオン,H32B2C32,18.5
ブリムオン,H32C32D2,6.4
ブリムオン,H31B8C32,2.5
ブリムオン,H32C32,1.3
ブリムオン,H32B1C32D1,1.1
ブリムオン,H32B32D2,10.9
ブリムオン,H32B32C2,4.9
ブリムオン,H31B32D3,2.4
ブリムオン,H32D32,3.6
ブリムオン,H32B2D32,2.5
ジャローダ,C32S32,46.3
ジャローダ,H2C32S32,27.2
ジャローダ,B2C32S32,5.0
ジャローダ,H1B1C32S32,4.3
ジャローダ,C32D2S32,3.8
ジャローダ,H1C32D1S32,2.6
ジャローダ,C32S32,1.4
ジャローダ,B1C32D1S32,1.0
ジャローダ,H1C32S32,1.0
ジャローダ,H32C2S32,3.9
ビビヨン,C32S32,65.6
ビビヨン,H2C32S32,53.8
ビビヨン,B2C32S32,3.6
ビビヨン,C32D2S32,3.0
ビビヨン,B1C32D1S32,2.2
ビビヨン,C32S32,2.1
ビビヨン,H1B1C32S32,0.9
ビビヨン,H6C28S32,12.3
ビビヨン,H32S32,4.7
ビビヨン,H32C2S32,2.5
エレザード,C32S32,65.1
エレザード,H2C32S32,44.7
エレザード,C32D2S32,7.2
エレザード,B2C32S32,5.7
エレザード,H1C32D1S32,2.6
エレザード,C32S32,2.1
エレザード,H1B1C32S32,1.9
エレザード,B1C32D1S32,0.9
エレザード,H32C2S32,2.7
エレザード,H31D3S32,2.0
ドデカバシ,H32B32,33.5
ドデカバシ,H32A2B32,20.2
ドデカバシ,H32B32D2,8.8
ドデカバシ,H32B32S2,4.5
ドデカバシ,H32A32,14.2
ドデカバシ,H32A32S2,6.0
ドデカバシ,H32A32B2,5.0
ドデカバシ,H32A32D2,1.9
ドデカバシ,H32A32B1D1,1.3
ドデカバシ,A32S32,6.3
ヤミラミ,H32B32,40.1
ヤミラミ,H32B32D2,35.5
ヤミラミ,H32B32,1.9
ヤミラミ,H32B32S2,1.4
ヤミラミ,H32A2B32,1.3
ヤミラミ,H32B25D9,14.4
ヤミラミ,H32D32,9.0
ヤミラミ,H32B2D32,8.3
ヤミラミ,H32D32,0.7
ヤミラミ,H32B15D19,5.3
ウインディ(ヒスイ),A32S32,67.1
ウインディ(ヒスイ),H2A32S32,36.0
ウインディ(ヒスイ),H1A32B1S32,11.4
ウインディ(ヒスイ),A32D2S32,5.8
ウインディ(ヒスイ),A32B2S32,5.3
ウインディ(ヒスイ),H1A32D1S32,3.5
ウインディ(ヒスイ),A32S32,2.3
ウインディ(ヒスイ),A32B1D1S32,1.8
ウインディ(ヒスイ),H1A32S32,1.0
ウインディ(ヒスイ),H32A32,3.5
グレンアルマ,C32S32,71.4
グレンアルマ,H2C32S32,36.7
グレンアルマ,H1B1C32S32,15.3
グレンアルマ,H1C32D1S32,8.0
グレンアルマ,B2C32S32,3.8
グレンアルマ,C32D2S32,3.8
グレンアルマ,C32S32,2.0
グレンアルマ,H1C32S32,1.0
グレンアルマ,B1C32D1S32,0.8
グレンアルマ,H32B2C32,2.1
デカヌチャン,A32S32,24.8
デカヌチャン,H2A32S32,11.5
デカヌチャン,H1A32B1S32,7.2
デカヌチャン,A32B2S32,2.3
デカヌチャン,H1A32D1S32,2.0
デカヌチャン,A32D2S32,1.8
デカヌチャン,H13A23B1S29,13.8
デカヌチャン,H31A32B3,2.8
デカヌチャン,H32A32B2,2.5
デカヌチャン,H31A32D3,2.3
ヤバソチャ,H32B32D2,24.9
ヤバソチャ,H32B32C2,11.2
ヤバソチャ,H31B32D3,5.3
ヤバソチャ,H32B32S2,4.4
ヤバソチャ,H31B32C3,3.4
ヤバソチャ,H32B32,1.5
ヤバソチャ,H31B32S3,1.5
ヤバソチャ,H32D32,4.3
ヤバソチャ,H32C32,3.9
ヤバソチャ,H32C32D2,1.4
ガオガエン,H32B32D2,10.7
ガオガエン,H32A2B32,3.2
ガオガエン,H32B32S2,1.5
ガオガエン,H31B32D3,1.5
ガオガエン,H32B2D32,6.2
ガオガエン,H32A2D32,1.4
ガオガエン,H31B8D32,1.1
ガオガエン,H32A32,8.5
ガオガエン,H32A32B2,3.2
ガオガエン,H32A32D2,2.2
ウェーニバル,A32S32,69.1
ウェーニバル,H2A32S32,35.3
ウェーニバル,H1A32B1S32,12.8
ウェーニバル,A32D2S32,5.6
ウェーニバル,A32B2S32,5.5
ウェーニバル,H1A32D1S32,5.1
ウェーニバル,A32S32,2.1
ウェーニバル,H1A32S32,1.6
ウェーニバル,A32B1D1S32,1.1
ウェーニバル,H32A32,1.5
シャンデラ,C32S32,60.0
シャンデラ,H2C32S32,44.8
シャンデラ,B2C32S32,5.8
シャンデラ,C32D2S32,4.4
シャンデラ,C32S32,2.2
シャンデラ,B1C32D1S32,1.9
シャンデラ,H1C32S32,0.9
シャンデラ,H32C32,8.7
シャンデラ,H32B2C32,2.5
シャンデラ,H32C32S2,2.4
サメハダー,A32S32,79.4
サメハダー,H2A32S32,56.0
サメハダー,A32B2S32,7.9
サメハダー,A32C2S32,4.1
サメハダー,A32S32,4.0
サメハダー,A32B1D1S32,3.6
サメハダー,A32D2S32,3.3
サメハダー,H1A32B1S32,0.5
サメハダー,C32S32,4.4
サメハダー,H2C32S32,2.6
ルチャブル,A32S32,54.6
ルチャブル,H2A32S32,42.4
ルチャブル,A32B2S32,4.7
ルチャブル,A32D2S32,3.6
ルチャブル,A32S32,2.0
ルチャブル,A32B1D1S32,1.2
ルチャブル,H1A32B1S32,0.7
ルチャブル,H27A18B8S13,6.8
ルチャブル,H32S32,3.7
ルチャブル,H32B2S32,1.8
プテラ,A32S32,70.6
プテラ,H2A32S32,49.4
プテラ,A32B2S32,9.5
プテラ,A32D2S32,5.2
プテラ,A32S32,3.0
プテラ,A32B1D1S32,1.2
プテラ,A32C2S32,1.0
プテラ,H1A32B1S32,0.8
プテラ,H1A32S32,0.5
プテラ,H8A32S26,5.0
エーフィ,C32S32,55.4
エーフィ,H2C32S32,27.5
エーフィ,H1B1C32S32,9.1
エーフィ,C32D2S32,6.1
エーフィ,H1C32D1S32,5.7
エーフィ,B2C32S32,3.9
エーフィ,C32S32,1.6
エーフィ,H1C32S32,1.5
エーフィ,H14C27S25,2.1
エーフィ,H8B6C32S25,1.8
ジュナイパー(ヒスイ),A32S32,57.2
ジュナイパー(ヒスイ),H2A32S32,42.8
ジュナイパー(ヒスイ),A32B2S32,7.4
ジュナイパー(ヒスイ),A32D2S32,2.2
ジュナイパー(ヒスイ),A32B1S32,1.5
ジュナイパー(ヒスイ),A32S32,1.4
ジュナイパー(ヒスイ),A32B1D1S32,1.3
ジュナイパー(ヒスイ),H1A32B1S32,0.6
ジュナイパー(ヒスイ),H32A32,10.2
ジュナイパー(ヒスイ),H32A32B2,4.7
シャワーズ,H32B32,52.1
シャワーズ,H32B32D2,44.5
シャワーズ,H32B32S2,3.1
シャワーズ,H32B32C2,3.1
シャワーズ,H32B32,1.4
シャワーズ,H32D32,5.1
シャワーズ,H32B2D32,4.2
シャワーズ,H32C2D32,0.9
シャワーズ,H32B30D4,4.8
シャワーズ,B32C32,2.7
イッカネズミ(3匹),A32S32,52.6
イッカネズミ(3匹),H2A32S32,37.1
イッカネズミ(3匹),A32B2S32,7.2
イッカネズミ(3匹),A32D2S32,4.8
イッカネズミ(3匹),A32S32,2.0
イッカネズミ(3匹),A32B1D1S32,0.8
イッカネズミ(3匹),A32B1S32,0.7
イッカネズミ(3匹),H32B32,10.3
イッカネズミ(3匹),H32B32S2,4.7
イッカネズミ(3匹),H32B32D2,4.6
ブリガロン,H32B32,56.0
ブリガロン,H32B32D2,43.7
ブリガロン,H32A2B32,5.9
ブリガロン,H32B32S2,4.4
ブリガロン,H32B32,1.1
ブリガロン,H32B32D1S1,0.9
ブリガロン,H30A11B25,4.7
ブリガロン,H32D32,3.8
ブリガロン,H32B2D32,3.1
ブリガロン,H32A2D32,0.7
カイロス,A32S32,79.9
カイロス,H1A32B1S32,37.1
カイロス,H2A32S32,23.1
カイロス,H1A32D1S32,8.7
カイロス,A32B2S32,5.5
カイロス,A32D2S32,2.9
カイロス,A32S32,1.3
カイロス,H1A32S32,0.7
カイロス,A32B1D1S32,0.6
カイロス,H4A32S30,1.5
ミミズズ,H32B32D2,33.4
ミミズズ,H31B32D3,6.0
ミミズズ,H32A2B32,3.5
ミミズズ,H32B32S2,3.4
ミミズズ,H32B32,2.5
ミミズズ,H32B32D1,1.0
ミミズズ,H32B2D32,10.7
ミミズズ,H31B3D32,4.2
ミミズズ,H32D32,1.4
ミミズズ,H31B5D30,4.0
ゴウカザル,A32S32,49.3
ゴウカザル,H2A32S32,31.9
ゴウカザル,A32B2S32,5.9
ゴウカザル,A32D2S32,3.5
ゴウカザル,A32C2S32,3.2
ゴウカザル,A32B1D1S32,2.8
ゴウカザル,A32S32,2.0
ゴウカザル,C32S32,12.8
ゴウカザル,H2C32S32,8.9
ゴウカザル,A2C32S32,1.5
ボスゴドラ,H32D32,33.9
ボスゴドラ,H32B2D32,26.7
ボスゴドラ,H32A2D32,4.0
ボスゴドラ,H32D32S2,1.8
ボスゴドラ,H32D32,1.4
ボスゴドラ,H32B32,25.0
ボスゴドラ,H32B32D2,15.0
ボスゴドラ,H32A2B32,7.1
ボスゴドラ,H32B32S2,1.9
ボスゴドラ,H32B32,1.0
ガラルヤドラン,H32B2C32,28.6
ガラルヤドラン,H32C32D2,15.6
ガラルヤドラン,H31C32D3,2.0
ガラルヤドラン,H32B1C32D1,1.8
ガラルヤドラン,H31B8C32,1.7
ガラルヤドラン,H32C32,1.3
ガラルヤドラン,H32C32S2,0.9
ガラルヤドラン,B32C32,6.5
ガラルヤドラン,H2B32C32,4.4
ガラルヤドラン,B32C32D2,2.1
チリーン,H32B32D2,12.3
チリーン,H32B32S2,3.6
チリーン,H32B32C2,3.4
チリーン,H31B32D3,2.1
チリーン,H31B32D2S1,1.4
チリーン,H31B32S3,1.1
チリーン,H32B32,1.0
チリーン,H32B9C16D4S5,9.4
チリーン,H32B2C32,4.1
チリーン,H32C32S2,2.0
ケケンカニ,H32A32B2,32.2
ケケンカニ,H32A32D2,17.7
ケケンカニ,H32A32B1D1,8.2
ケケンカニ,H31A32B3,5.4
ケケンカニ,H31A32D3,4.1
ケケンカニ,H31A32B2D1,2.2
ケケンカニ,H31A32B1D2,1.9
ケケンカニ,H32A32,1.2
ケケンカニ,H32A32S2,1.1
ケケンカニ,A32B32,2.8
フーディン,C32S32,71.0
フーディン,H2C32S32,34.4
フーディン,C32D2S32,13.1
フーディン,B2C32S32,7.1
フーディン,H1B1C32S32,5.8
フーディン,H1C32D1S32,5.6
フーディン,C32S32,3.4
フーディン,H1C32S32,1.1
フーディン,B1C32D1S32,0.5
フーディン,H5B1C30S30,1.7
オーダイル,A32S32,51.6
オーダイル,H2A32S32,29.0
オーダイル,H1A32B1S32,6.7
オーダイル,A32D2S32,6.0
オーダイル,H1A32D1S32,4.4
オーダイル,A32B2S32,3.5
オーダイル,A32S32,1.3
オーダイル,H1A32S32,0.7
オーダイル,H32A32S2,3.9
オーダイル,H32A32B2,2.9
スピアー,A32S32,82.2
スピアー,H2A32S32,45.2
スピアー,H1A32B1S32,13.6
スピアー,H1A32D1S32,7.8
スピアー,A32B2S32,5.6
スピアー,A32D2S32,5.3
スピアー,H1A32S32,2.6
スピアー,A32S32,2.1
スピアー,H2A18D14S32,2.2
スピアー,A31B4S31,1.9
バクフーン(ヒスイ),C32S32,84.4
バクフーン(ヒスイ),H2C32S32,37.6
バクフーン(ヒスイ),H1B1C32S32,15.9
バクフーン(ヒスイ),B2C32S32,9.1
バクフーン(ヒスイ),C32D2S32,6.7
バクフーン(ヒスイ),A2C32S32,4.3
バクフーン(ヒスイ),H1C32D1S32,4.1
バクフーン(ヒスイ),H1C32S32,3.4
バクフーン(ヒスイ),C32S32,2.4
バクフーン(ヒスイ),B1C32D1S32,0.5
イダイトウ♀,C32S32,36.0
イダイトウ♀,H2C32S32,15.8
イダイトウ♀,B2C32S32,6.7
イダイトウ♀,A2C32S32,4.9
イダイトウ♀,B1C32D1S32,4.1
イダイトウ♀,C32D2S32,2.9
イダイトウ♀,C32S32,1.6
イダイトウ♀,A32S32,20.0
イダイトウ♀,H2A32S32,14.4
イダイトウ♀,A32B2S32,3.0
グライオン,A32S32,24.5
グライオン,H2A32S32,11.6
グライオン,H1A32B1S32,3.9
グライオン,H1A32D1S32,3.4
グライオン,A32B2S32,3.2
グライオン,A32D2S32,2.4
グライオン,H32B32,10.0
グライオン,H32B32D2,4.8
グライオン,H32B32S2,2.9
グライオン,H32A2B32,2.3
イルカマン(ナイーブ),A32S32,47.1
イルカマン(ナイーブ),H2A32S32,32.7
イルカマン(ナイーブ),A32B2S32,5.6
イルカマン(ナイーブ),A32D2S32,3.8
イルカマン(ナイーブ),A32B1D1S32,2.1
イルカマン(ナイーブ),A32S32,2.0
イルカマン(ナイーブ),H1A32S32,0.9
イルカマン(ナイーブ),H32A32,19.5
イルカマン(ナイーブ),H32A32S2,12.7
イルカマン(ナイーブ),H32A32B2,3.3
ユキノオー,H32C32,45.4
ユキノオー,H32B2C32,23.4
ユキノオー,H32A2C32,6.7
ユキノオー,H32C32D2,6.4
ユキノオー,H32C32S2,5.4
ユキノオー,H32B1C32D1,2.7
ユキノオー,H32C32,0.8
ユキノオー,H32B32,8.4
ユキノオー,H32B32C2,4.4
ユキノオー,H32B32D2,2.8
ウインディ,H32B32,33.8
ウインディ,H32B32D2,17.5
ウインディ,H32B32S2,7.7
ウインディ,H32B32C2,4.3
ウインディ,H32A2B32,3.3
ウインディ,H32B32,1.0
ウインディ,H32A32,17.0
ウインディ,H32A32S2,12.7
ウインディ,H32A32B2,2.2
ウインディ,H32A32D2,1.3
マニューラ,A32S32,88.4
マニューラ,H2A32S32,59.2
マニューラ,A32B2S32,11.3
マニューラ,A32D2S32,9.3
マニューラ,A32S32,3.6
マニューラ,A32B1D1S32,1.5
マニューラ,H1A32S32,1.0
マニューラ,H1A32B1S32,0.9
マニューラ,A32D1S32,0.7
マニューラ,H1A32D1S32,0.5
ファイアロー,A32S32,51.1
ファイアロー,H2A32S32,35.6
ファイアロー,A32D2S32,5.5
ファイアロー,A32B2S32,5.5
ファイアロー,H1A32S32,2.8
ファイアロー,A32S32,1.7
ファイアロー,H32B32,6.4
ファイアロー,H32B32S2,3.1
ファイアロー,H32B32D2,1.8
ファイアロー,H32A2B32,1.5
ピジョット,C32S32,62.9
ピジョット,H2C32S32,28.9
ピジョット,H1B1C32S32,17.4
ピジョット,B2C32S32,5.5
ピジョット,C32D2S32,5.1
ピジョット,H1C32D1S32,4.0
ピジョット,C32S32,1.3
ピジョット,H1C32S32,0.7
ピジョット,H32B2C32,7.6
ピジョット,H32C32S2,3.0
エンニュート,C32S32,56.3
エンニュート,H2C32S32,40.9
エンニュート,B2C32S32,5.3
エンニュート,C32D2S32,4.5
エンニュート,C32S32,3.1
エンニュート,B1C32D1S32,1.8
エンニュート,H1C32S32,0.7
エンニュート,H32S32,18.1
エンニュート,H32B2S32,6.2
エンニュート,H32C2S32,4.4
ケンタロス(パルデア炎),A32S32,37.6
ケンタロス(パルデア炎),H2A32S32,18.9
ケンタロス(パルデア炎),H1A32B1S32,9.0
ケンタロス(パルデア炎),A32B2S32,4.9
ケンタロス(パルデア炎),H1A32D1S32,2.7
ケンタロス(パルデア炎),A32D2S32,2.1
ケンタロス(パルデア炎),H32A32B2,12.0
ケンタロス(パルデア炎),H31A32B3,8.2
ケンタロス(パルデア炎),H32A32S2,1.9
ケンタロス(パルデア炎),H32A32D2,1.6
バンバドロ,H32B32,49.7
バンバドロ,H32B32D2,35.8
バンバドロ,H32A2B32,8.6
バンバドロ,H32B32S2,2.5
バンバドロ,H32B32,2.0
バンバドロ,H32B32D1,0.8
バンバドロ,H32D32,8.8
バンバドロ,H32B2D32,6.0
バンバドロ,H32A2D32,2.0
バンバドロ,H32D32,0.8
ルガルガン(たそがれ),A32S32,92.4
ルガルガン(たそがれ),H2A32S32,49.2
ルガルガン(たそがれ),H1A32B1S32,12.6
ルガルガン(たそがれ),A32B2S32,7.6
ルガルガン(たそがれ),H1A32D1S32,7.0
ルガルガン(たそがれ),A32S32,5.4
ルガルガン(たそがれ),A32D2S32,3.7
ルガルガン(たそがれ),H1A32S32,3.1
ルガルガン(たそがれ),A32B1D1S32,2.4
ルガルガン(たそがれ),A32B1S32,0.6
チャーレム,A32S32,67.5
チャーレム,H2A32S32,49.3
チャーレム,A32B2S32,7.7
チャーレム,A32D2S32,4.3
チャーレム,A32B1D1S32,3.4
チャーレム,A32S32,2.2
チャーレム,H1A32S32,0.6
チャーレム,H32A32,5.2
チャーレム,H32A32S2,2.0
チャーレム,H32A32B2,1.4
ワルビアル,A32S32,69.2
ワルビアル,H2A32S32,31.5
ワルビアル,H1A32B1S32,18.7
ワルビアル,H1A32D1S32,6.7
ワルビアル,A32B2S32,4.6
ワルビアル,A32D2S32,3.6
ワルビアル,A32S32,2.0
ワルビアル,H1A32S32,1.3
ワルビアル,A32B1D1S32,0.8
ワルビアル,H32A32,2.4
アリアドス,A32S32,47.7
アリアドス,H2A32S32,36.6
アリアドス,A32B2S32,4.4
アリアドス,A32S32,2.5
アリアドス,A32B1D1S32,2.3
アリアドス,A32D2S32,1.9
アリアドス,H32A32,13.2
アリアドス,H32A32B2,5.7
アリアドス,H32A32S2,3.3
アリアドス,H32A32B1D1,2.3
デンリュウ,H32C32,50.2
デンリュウ,H32B2C32,32.8
デンリュウ,H32C32D2,9.0
デンリュウ,H32B1C32D1,3.6
デンリュウ,H32C32S2,3.3
デンリュウ,H32C32,1.5
デンリュウ,C32S32,3.8
デンリュウ,H2C32S32,2.7
デンリュウ,B2C32S32,1.1
デンリュウ,C32D32,3.3
チルタリス,H32B2D32,11.2
チルタリス,H32D32S2,1.5
チルタリス,H32C2D32,1.1
チルタリス,H31B8D32,1.0
チルタリス,H32C32S2,2.9
チルタリス,H32B2C32,1.6
チルタリス,H32C32D2,1.5
チルタリス,H31C32S3,1.2
チルタリス,A32S32,6.5
チルタリス,H2A32S32,3.5
ジャラランガ,C32S32,22.6
ジャラランガ,H2C32S32,13.5
ジャラランガ,H1B1C32S32,2.7
ジャラランガ,H1C32D1S32,2.7
ジャラランガ,C32D2S32,1.9
ジャラランガ,B2C32S32,1.8
ジャラランガ,H32C32S2,3.2
ジャラランガ,H31C32S3,2.4
ジャラランガ,H32B2C32,1.2
ジャラランガ,H32C32D2,1.0
ドダイトス,A32S32,50.2
ドダイトス,H2A32S32,26.3
ドダイトス,H1A32B1S32,8.0
ドダイトス,H1A32D1S32,4.7
ドダイトス,A32D2S32,3.5
ドダイトス,A32B2S32,3.2
ドダイトス,A32S32,1.9
ドダイトス,A32C2S32,1.3
ドダイトス,A32B1D1S32,1.3
ドダイトス,H18A3B26C7S12,5.3
グレイシア,H29C30S7,18.3
グレイシア,H32B2C32,4.5
グレイシア,H32C32S2,4.5
グレイシア,H32C32D2,3.3
グレイシア,H31C32S3,2.4
グレイシア,H31B8C32,1.4
グレイシア,H31C32D3,1.1
グレイシア,C32S32,15.9
グレイシア,H2C32S32,7.5
グレイシア,H1B1C32S32,5.2
エンブオー,H32A32,31.9
エンブオー,H32A32S2,19.0
エンブオー,H32A32B2,8.0
エンブオー,H32A32D2,3.5
エンブオー,H32A32B1D1,1.4
エンブオー,A32S32,13.1
エンブオー,H2A32S32,8.2
エンブオー,A32B2S32,1.8
エンブオー,A32B1D1S32,1.2
エンブオー,A32D2S32,1.2
サンダース,C32S32,75.9
サンダース,H2C32S32,36.0
サンダース,H1C32D1S32,9.2
サンダース,C32D2S32,9.0
サンダース,H1B1C32S32,8.4
サンダース,B2C32S32,7.5
サンダース,C32S32,2.9
サンダース,H1C32S32,1.9
サンダース,B1C32S32,0.6
サンダース,C32D1S32,0.4
カイリキー,H32A32,49.9
カイリキー,H32A32S2,28.9
カイリキー,H32A32B2,14.3
カイリキー,H32A32D2,4.8
カイリキー,H32A32B1D1,1.2
カイリキー,H32A32,0.7
カイリキー,A32S32,17.0
カイリキー,H2A32S32,12.7
カイリキー,A32B2S32,2.4
カイリキー,A32D2S32,1.0
アマージョ,A32S32,42.7
アマージョ,H2A32S32,31.9
アマージョ,A32B2S32,4.2
アマージョ,A32D2S32,2.8
アマージョ,A32B1D1S32,1.9
アマージョ,A32S32,1.0
アマージョ,A32D1S32,0.9
アマージョ,H32A10B22S2,7.6
アマージョ,H32A32,7.4
アマージョ,H32A32B2,2.9
ライボルト,C32S32,85.1
ライボルト,H2C32S32,63.2
ライボルト,B2C32S32,8.2
ライボルト,C32D2S32,3.8
ライボルト,A2C32S32,2.9
ライボルト,B1C32D1S32,2.8
ライボルト,C32S32,2.2
ライボルト,C32D1S32,0.8
ライボルト,H1C32S32,0.7
ライボルト,H1B1C32S32,0.5
ブロスター,H32B1C32D1,14.5
ブロスター,H32B2C32,13.4
ブロスター,H32C32S2,7.0
ブロスター,H32C32D2,6.8
ブロスター,H31B2C32D1,2.5
ブロスター,H31B8C32,1.9
ブロスター,H31C32S3,1.3
ブロスター,H32A2C32,1.2
ブロスター,H32C32,0.8
ブロスター,C32S32,13.4
フォレトス,H32B32D2,26.7
フォレトス,H32A2B32,8.1
フォレトス,H31B32D3,6.5
フォレトス,H32B32,2.4
フォレトス,H32B32C2,2.0
フォレトス,H32A1B32D1,1.6
フォレトス,H32B32S2,0.9
フォレトス,H32B2D32,6.4
フォレトス,H32A2D32,1.1
フォレトス,H31B8D32,1.1
ペロリーム,C32S32,23.5
ペロリーム,H2C32S32,13.2
ペロリーム,C32S32,5.6
ペロリーム,C32D2S32,1.9
ペロリーム,B2C32S32,1.6
ペロリーム,A2C32S32,1.2
ペロリーム,H32D19S15,8.0
ペロリーム,H32B32,5.8
ペロリーム,H32B32D2,3.6
ペロリーム,H32B32C2,1.1
デスカーン,H32B32,52.9
デスカーン,H32B32D2,42.1
デスカーン,H32B32C2,6.7
デスカーン,H32B32,2.4
デスカーン,H32B32D1,0.9
デスカーン,H32B32D1S1,0.8
デスカーン,H32D32,8.1
デスカーン,H32B2D32,7.3
デスカーン,H32C2D32,0.8
デスカーン,B32C32,3.0
デスバーン,H32B32D2,25.7
デスバーン,H32A2B32,4.1
デスバーン,H32B32,1.9
デスバーン,H31B32D3,1.4
デスバーン,H32B2D32,17.1
デスバーン,H32D32,2.1
デスバーン,H31B8D32,1.6
デスバーン,H32A2D32,1.1
デスバーン,H32A32,4.8
デスバーン,H32A32D2,3.1
キョジオーン,H32D32,32.7
キョジオーン,H32B2D32,29.9
キョジオーン,H32A2D32,1.5
キョジオーン,H32B1D32,1.3
キョジオーン,H32B32,17.5
キョジオーン,H32B32D2,14.3
キョジオーン,H32B32,1.9
キョジオーン,H32A2B32,1.3
キョジオーン,H32A32,7.3
キョジオーン,H32A32D2,5.0
コータス,H32C32,26.5
コータス,H32B2C32,12.9
コータス,H32C32D2,10.6
コータス,H32B1C32,1.6
コータス,H32C32,1.4
コータス,H32B32,19.2
コータス,H32B32D2,14.4
コータス,H32B32C2,4.8
コータス,H32D32,11.6
コータス,H32B2D32,9.2
アブソル,A32S32,57.2
アブソル,H2A32S32,30.0
アブソル,H1A32B1S32,9.7
アブソル,A32B2S32,4.2
アブソル,A32C2S32,3.2
アブソル,A32S32,3.0
アブソル,A32D2S32,1.8
アブソル,H1A32D1S32,1.8
アブソル,A32B1D1S32,1.4
アブソル,H1A32S32,1.2
モルペコ,A32S32,88.1
モルペコ,H2A32S32,60.7
モルペコ,A32B2S32,9.7
モルペコ,A32D2S32,6.7
モルペコ,A32S32,4.5
モルペコ,A32B1D1S32,2.7
モルペコ,H1A32S32,2.0
モルペコ,A32B1S32,0.7
モルペコ,A32C2S32,0.7
モルペコ,H1A32B1S32,0.4
オニゴーリ,A32S32,17.3
オニゴーリ,H2A32S32,14.1
オニゴーリ,A32B2S32,2.1
オニゴーリ,A32S32,1.1
オニゴーリ,H22B8D10S26,11.7
オニゴーリ,H32S32,9.9
オニゴーリ,H32B2S32,4.1
オニゴーリ,H32C2S32,3.3
オニゴーリ,H32B1D1S32,2.5
オニゴーリ,H22B6D6S32,3.1
カットロトム,C32S32,29.8
カットロトム,H2C32S32,23.1
カットロトム,C32D2S32,3.5
カットロトム,B2C32S32,2.0
カットロトム,C32S32,1.2
カットロトム,H32C32,22.1
カットロトム,H32C32D2,9.5
カットロトム,H32C32S2,5.2
カットロトム,H32B2C32,4.8
カットロトム,H32B1C32D1,2.6
オンバーン,C32S32,85.8
オンバーン,H2C32S32,42.7
オンバーン,H1B1C32S32,16.9
オンバーン,H1C32D1S32,7.0
オンバーン,C32D2S32,4.8
オンバーン,B2C32S32,4.8
オンバーン,B1C32D1S32,3.1
オンバーン,C32S32,2.9
オンバーン,H1C32S32,2.0
オンバーン,A2C32S32,1.0
ヘルガー,C32S32,75.4
ヘルガー,H2C32S32,31.2
ヘルガー,H1B1C32S32,12.2
ヘルガー,H1C32D1S32,8.3
ヘルガー,B2C32S32,5.3
ヘルガー,C32D2S32,4.9
ヘルガー,A2C32S32,4.7
ヘルガー,C32S32,2.9
ヘルガー,H1C32S32,2.7
ヘルガー,H1A1C32S32,2.2
ミカルゲ,H32B32D2,23.9
ミカルゲ,H32B32,1.3
ミカルゲ,H31B32D3,1.2
ミカルゲ,H32D32,12.6
ミカルゲ,B32D32,6.2
ミカルゲ,H2B32D32,5.3
ミカルゲ,A2B32D32,0.9
ミカルゲ,H32A32,6.0
ミカルゲ,H32A32B2,2.6
ミカルゲ,H32A32D2,2.3
ピカチュウ,C32S32,41.2
ピカチュウ,H2C32S32,20.4
ピカチュウ,H1B1C32S32,7.1
ピカチュウ,B2C32S32,3.3
ピカチュウ,H1C32S32,3.2
ピカチュウ,A2C32S32,2.8
ピカチュウ,H1C32D1S32,2.3
ピカチュウ,C32D2S32,2.1
ピカチュウ,A32S32,40.5
ピカチュウ,H2A32S32,24.5
ニョロトノ,H32C32,24.8
ニョロトノ,H32B2C32,15.2
ニョロトノ,H32C32S2,5.3
ニョロトノ,H32C32D2,4.3
ニョロトノ,C32S32,17.5
ニョロトノ,H2C32S32,11.0
ニョロトノ,B2C32S32,3.9
ニョロトノ,C32D2S32,2.6
ニョロトノ,H32B32,5.6
ニョロトノ,H32B32D2,3.9
ロズレイド,C32S32,39.8
ロズレイド,H2C32S32,27.4
ロズレイド,B2C32S32,5.6
ロズレイド,C32D2S32,4.0
ロズレイド,C32S32,1.6
ロズレイド,B1C32D1S32,1.2
ロズレイド,H32D32,16.1
ロズレイド,H32C2D32,7.0
ロズレイド,H32B2D32,4.2
ロズレイド,H32D32S2,3.9
ゾロアーク,C32S32,78.4
ゾロアーク,H2C32S32,50.1
ゾロアーク,B2C32S32,10.1
ゾロアーク,C32D2S32,6.7
ゾロアーク,A2C32S32,6.1
ゾロアーク,C32S32,3.1
ゾロアーク,B1C32D1S32,1.6
ゾロアーク,H1B1C32S32,0.7
ゾロアーク,H32C32,2.3
ゾロアーク,H32C32S2,1.9
クレッフィ,H32B32D2,20.6
クレッフィ,H31B32D3,3.0
クレッフィ,H32B32C2,2.5
クレッフィ,H32B32,1.9
クレッフィ,H32D32,8.7
クレッフィ,H32B2D32,7.3
クレッフィ,H32D32,1.4
クレッフィ,H32C32,4.8
クレッフィ,H32C32D2,2.5
クレッフィ,H32B2C32,2.3
ドサイドン,H32A32B2,17.6
ドサイドン,H32A32D2,9.0
ドサイドン,H32A32S2,1.7
ドサイドン,H31A32B8,1.5
ドサイドン,H31A32D3,1.3
ドサイドン,A32D32,8.6
ドサイドン,H2A32D32,4.2
ドサイドン,H1A32B1D32,2.5
ドサイドン,A32B2D32,1.9
ドサイドン,A32B32,8.1
ハガネール,H32A32S2,15.6
ハガネール,H32A32B2,8.9
ハガネール,H32A32D2,6.4
ハガネール,H31A32B8,1.1
ハガネール,H31A32D3,1.0
ハガネール,H32B32D2,11.3
ハガネール,H32A2B32,6.5
ハガネール,H32B32,1.7
ハガネール,H32B32S2,1.6
ハガネール,H31B32D3,1.5
ドクロッグ,A32S32,62.6
ドクロッグ,H2A32S32,34.4
ドクロッグ,H1A32B1S32,12.3
ドクロッグ,A32B2S32,4.7
ドクロッグ,H1A32D1S32,3.7
ドクロッグ,A32D2S32,3.7
ドクロッグ,A32S32,1.6
ドクロッグ,H1A32S32,1.3
ドクロッグ,A32B1D1S32,0.9
ドクロッグ,H32A32,5.9
ジジーロン,H32C32,59.5
ジジーロン,H32B2C32,32.7
ジジーロン,H32C32S2,12.0
ジジーロン,H32C32D2,9.7
ジジーロン,H32B1C32D1,3.7
ジジーロン,H32C32,1.4
ジジーロン,H32B32,8.0
ジジーロン,H32B32D2,5.0
ジジーロン,H32B32C2,2.4
ジジーロン,H32B32,0.6
カミツオロチ,H32C32,36.8
カミツオロチ,H32B2C32,18.5
カミツオロチ,H32C32D2,13.6
カミツオロチ,H32C32S2,2.2
カミツオロチ,H32B1C32D1,1.0
カミツオロチ,H32A2C32,0.8
カミツオロチ,H32C32,0.7
カミツオロチ,H32B32,10.1
カミツオロチ,H32B32C2,5.8
カミツオロチ,H32B32D2,4.3
リキキリン,H32C32,25.5
リキキリン,H32B2C32,11.3
リキキリン,H32C32D2,6.1
リキキリン,H32B1C32D1,3.3
リキキリン,H32C32S2,2.6
リキキリン,H32B1C32,2.2
リキキリン,H32B32,6.2
リキキリン,H32B32D2,4.8
リキキリン,H32B32C2,1.4
リキキリン,B32C32,6.0
ヤドキング,H32B32D2,20.0
ヤドキング,H31B32D3,4.8
ヤドキング,H32B32C2,3.1
ヤドキング,H32B32C1D1,2.4
ヤドキング,H32B32,1.2
ヤドキング,H32B2D32,10.8
ヤドキング,H32C2D32,3.8
ヤドキング,H31B8D32,2.4
ヤドキング,H32C32,6.6
ヤドキング,H32B2C32,3.4
ゴロンダ,H32A32B2,14.6
ゴロンダ,H32A32D2,9.2
ゴロンダ,H32A32S2,4.9
ゴロンダ,H31A32D3,1.6
ゴロンダ,H32A32,1.5
ゴロンダ,A32S32,21.5
ゴロンダ,H2A32S32,9.2
ゴロンダ,H1A32B1S32,5.3
ゴロンダ,H1A32D1S32,2.8
ゴロンダ,H1A32S32,2.4
キュウコン,C32S32,46.8
キュウコン,H2C32S32,24.1
キュウコン,H1B1C32S32,5.7
キュウコン,C32D2S32,4.2
キュウコン,B2C32S32,3.9
キュウコン,H1C32D1S32,3.8
キュウコン,C32D1S32,2.2
キュウコン,C32S32,1.9
キュウコン,H1C32S32,1.0
キュウコン,H32S32,9.3
ゴルーグ,H32A32B2,24.2
ゴルーグ,H32A32B1D1,7.7
ゴルーグ,H32A32D2,7.3
ゴルーグ,H31A32B8,2.8
ゴルーグ,H32A32S2,2.5
ゴルーグ,H31A32B2D1,2.1
ゴルーグ,H32A32,1.2
ゴルーグ,H31A32D3,1.2
ゴルーグ,A32S32,8.6
ゴルーグ,H2A32S32,5.3
ヌメルゴン,H32C32,22.0
ヌメルゴン,H32C32D2,10.4
ヌメルゴン,H32B2C32,7.3
ヌメルゴン,H32C32S2,4.3
ヌメルゴン,H32D32,13.8
ヌメルゴン,H32B2D32,7.0
ヌメルゴン,H32C2D32,5.7
ヌメルゴン,H32D32,1.1
ヌメルゴン,C32D32,5.8
ヌメルゴン,H2C32D32,2.9
ランクルス,H32B32,19.4
ランクルス,H32B32D2,15.6
ランクルス,H32B32C2,3.8
ランクルス,H32C32,15.4
ランクルス,H32B2C32,7.6
ランクルス,H32C32D2,5.3
ランクルス,H32C32S2,1.3
ランクルス,H32B1C32D1,1.2
ランクルス,H32D32,11.8
ランクルス,H32B2D32,6.4
オーロット,H32B32D2,30.4
オーロット,H32A2B32,4.5
オーロット,H31B32D3,3.0
オーロット,H32B32,2.1
オーロット,H32D32,6.8
オーロット,H32B2D32,5.9
オーロット,H32D32,0.9
オーロット,H32A32,4.8
オーロット,H32A32B2,2.9
オーロット,H32A32D2,1.9
ケンタロス(パルデア水),A32S32,45.1
ケンタロス(パルデア水),H2A32S32,24.5
ケンタロス(パルデア水),A32D2S32,5.7
ケンタロス(パルデア水),H1A32B1S32,5.2
ケンタロス(パルデア水),A32B2S32,5.1
ケンタロス(パルデア水),H1A32D1S32,3.5
ケンタロス(パルデア水),A32S32,1.1
ケンタロス(パルデア水),H32A32B2,7.7
ケンタロス(パルデア水),H31A32B8,4.9
ケンタロス(パルデア水),H32A32S2,3.9
マホイップ,H32B32D2,21.8
マホイップ,H32B32C2,4.1
マホイップ,H31B32D3,3.4
マホイップ,H32B32,2.5
マホイップ,H32B32S2,1.8
マホイップ,H32B32D1,1.1
マホイップ,H32D32,9.2
マホイップ,H32B2D32,6.5
マホイップ,H32C2D32,2.7
マホイップ,H32B2C32,2.4
サダイジャ,A32S32,31.1
サダイジャ,H2A32S32,15.4
サダイジャ,A32B2S32,10.8
サダイジャ,A32D2S32,3.0
サダイジャ,A32S32,1.9
サダイジャ,H32B32,17.4
サダイジャ,H32B32D2,9.6
サダイジャ,H32A2B32,3.7
サダイジャ,H32B32S2,2.4
サダイジャ,H32B32,1.7
バクーダ,H32C32,63.7
バクーダ,H32B2C32,39.3
バクーダ,H32C32D2,12.8
バクーダ,H32B1C32D1,4.3
バクーダ,H32C32,3.4
バクーダ,H32A2C32,3.2
バクーダ,H32C32S2,0.7
バクーダ,C32D32,3.1
バクーダ,H2C32D32,1.9
バクーダ,B2C32D32,1.2
ガチゴラス,A32S32,71.9
ガチゴラス,H2A32S32,48.2
ガチゴラス,A32B2S32,10.7
ガチゴラス,A32D2S32,5.4
ガチゴラス,A32S32,2.3
ガチゴラス,A32B1D1S32,2.2
ガチゴラス,H1A32S32,2.0
ガチゴラス,H1A32B1S32,1.1
ガチゴラス,H32A32,5.1
ガチゴラス,H32A32B2,2.1
レントラー,A32S32,22.1
レントラー,H2A32S32,16.7
レントラー,A32B1D1S32,2.5
レントラー,A32B2S32,2.0
レントラー,A32S32,0.9
レントラー,H32A32,17.5
レントラー,H32A32B2,7.0
レントラー,H32A32B1D1,5.5
レントラー,H32A32S2,3.0
レントラー,H32A32D2,2.0
リーフィア,A32S32,24.7
リーフィア,H1A32B1S32,10.7
リーフィア,H2A32S32,9.5
リーフィア,A32B2S32,2.6
リーフィア,A32D2S32,1.9
リーフィア,H32A2B32,7.8
リーフィア,H32B32D2,3.7
リーフィア,H32B32S2,3.3
リーフィア,H31B32D3,1.6
リーフィア,H31A8B32,1.6
バクフーン,C32S32,84.4
バクフーン,H2C32S32,43.1
バクフーン,B2C32S32,16.8
バクフーン,A2C32S32,13.9
バクフーン,C32D2S32,5.7
バクフーン,C32S32,2.1
バクフーン,H1C32S32,1.5
バクフーン,B1C32D1S32,0.9
バクフーン,H1B1C32S32,0.4
バクフーン,A32S32,1.3
ニャオニクス♂,C32S32,38.6
ニャオニクス♂,H2C32S32,25.9
ニャオニクス♂,B2C32S32,7.6
ニャオニクス♂,C32D2S32,3.8
ニャオニクス♂,C32S32,1.3
ニャオニクス♂,H32B32,8.1
ニャオニクス♂,B32D32,3.4
ニャオニクス♂,H32C32,3.4
ニャオニクス♂,H32C32S2,2.5
ニャオニクス♂,H32B2C32,0.9
クレベース,H32A2B32,26.9
クレベース,H32B32D2,16.4
クレベース,H31A8B32,5.7
クレベース,H32B32,3.7
クレベース,H32B32S2,2.1
クレベース,H32A1B32,2.0
クレベース,H31B32D3,1.6
クレベース,H32B32D1,1.6
クレベース,A32B32,10.6
クレベース,H2A32B32,8.1
アヤシシ,H32A32,11.1
アヤシシ,H32A32B2,5.9
アヤシシ,H32A32S2,2.7
アヤシシ,H32A32D2,2.5
アヤシシ,B29C30S7,9.4
アヤシシ,A32B32,7.3
アヤシシ,H2A32B32,6.2
アヤシシ,A32B32D2,1.1
アヤシシ,H32B32,6.7
アヤシシ,H32B32D2,2.8
マッギョ,H32B32D2,10.7
マッギョ,H31B32D3,3.6
マッギョ,H32B32C2,1.7
マッギョ,H32B2D32,8.4
マッギョ,H32C2D32,3.6
マッギョ,H31B8D32,3.2
マッギョ,H32C32,9.7
マッギョ,H32C32D2,5.8
マッギョ,H32B2C32,3.9
マッギョ,B32D32,3.9
フラージェス,H32D32,22.7
フラージェス,H32C2D32,11.9
フラージェス,H32B2D32,5.2
フラージェス,H32D32S2,3.6
フラージェス,H32D32,2.0
フラージェス,H32C32,13.9
フラージェス,H32B2C32,9.0
フラージェス,H32C32D2,3.8
フラージェス,H32C32S2,1.1
フラージェス,H32B32,12.4
エモンガ,C32S32,45.9
エモンガ,H2C32S32,25.0
エモンガ,H1B1C32S32,8.7
エモンガ,C32S32,2.8
エモンガ,H1C32D1S32,2.5
エモンガ,C32D2S32,2.0
エモンガ,B2C32S32,1.8
エモンガ,A2C32S32,1.6
エモンガ,H1C32S32,1.5
エモンガ,H32B2S32,5.9
アマルルガ,C32S32,25.6
アマルルガ,H1B1C32S32,9.6
アマルルガ,H2C32S32,8.2
アマルルガ,B2C32S32,3.0
アマルルガ,H1C32D1S32,1.9
アマルルガ,C32D2S32,1.7
アマルルガ,H1C32S32,1.2
アマルルガ,H32C32,13.3
アマルルガ,H32B2C32,4.5
アマルルガ,H32C32S2,4.3
トリデプス,H32D32,42.1
トリデプス,H32B2D32,35.5
トリデプス,H32A2D32,4.7
トリデプス,H32D32,1.9
トリデプス,H32B32,24.7
トリデプス,H32B32D2,21.7
トリデプス,H32B32,1.7
トリデプス,H32B32S2,1.3
トリデプス,A32B32,4.4
トリデプス,H2A32B32,2.9
クレベース(ヒスイ),A32S32,24.9
クレベース(ヒスイ),H2A32S32,11.9
クレベース(ヒスイ),H1A32B1S32,7.5
クレベース(ヒスイ),A32B2S32,3.2
クレベース(ヒスイ),A32S32,1.2
クレベース(ヒスイ),H1A32D1S32,1.1
クレベース(ヒスイ),H32A32B2,18.0
クレベース(ヒスイ),H32A32D2,2.0
クレベース(ヒスイ),H31A32B8,1.9
クレベース(ヒスイ),H32A32S2,1.8
ブースター,A32S32,26.9
ブースター,H2A32S32,16.7
ブースター,H1A32D1S32,3.1
ブースター,H1A32B1S32,3.0
ブースター,A32D2S32,2.7
ブースター,A32B2S32,1.4
ブースター,H32A32,9.7
ブースター,H32A32S2,3.0
ブースター,H32A32D2,2.8
ブースター,H32A32B1,2.1
アーボック,H32B32,22.2
アーボック,H32B32D2,12.5
アーボック,H32B32S2,7.3
アーボック,H32A2B32,2.4
アーボック,A32S32,13.3
アーボック,H2A32S32,7.6
アーボック,A32B2S32,4.2
アーボック,A32S32,1.5
アーボック,H32A32,6.2
アーボック,H32A32D2,2.5
レパルダス,H32B32,33.6
レパルダス,H32B32D2,26.5
レパルダス,H32B32S2,3.5
レパルダス,H32B32,2.3
レパルダス,H32A2B32,1.3
レパルダス,A32S32,17.2
レパルダス,H2A32S32,12.8
レパルダス,A32S32,1.7
レパルダス,A32D2S32,1.6
レパルダス,A32B2S32,1.1
ライチュウ,C32S32,65.7
ライチュウ,H2C32S32,40.4
ライチュウ,B2C32S32,11.8
ライチュウ,C32D2S32,5.2
ライチュウ,C32S32,3.1
ライチュウ,A2C32S32,2.1
ライチュウ,H1C32S32,1.7
ライチュウ,B1C32D1S32,1.4
ライチュウ,A32S32,11.4
ライチュウ,H2A32S32,7.0
アローラライチュウ,C32S32,73.4
アローラライチュウ,H2C32S32,41.4
アローラライチュウ,C32D2S32,10.9
アローラライチュウ,B2C32S32,7.8
アローラライチュウ,H1C32S32,7.4
アローラライチュウ,C32S32,2.6
アローラライチュウ,A2C32S32,2.3
アローラライチュウ,C32D1S32,1.0
アローラライチュウ,H32C32,4.1
アローラライチュウ,H32C32S2,2.4
フロストロトム,C32S32,39.7
フロストロトム,H2C32S32,29.7
フロストロトム,B2C32S32,5.6
フロストロトム,C32D2S32,3.3
フロストロトム,C32S32,1.1
フロストロトム,H32C32,10.2
フロストロトム,H32C32S2,4.1
フロストロトム,H32B2C32,2.7
フロストロトム,H32C32D2,2.0
フロストロトム,H32B1C32D1,1.4
タブンネ,H32B32D2,24.3
タブンネ,H31B32D3,2.5
タブンネ,H32B32C2,1.8
タブンネ,H32B32,1.2
タブンネ,H32B2C32,3.9
タブンネ,H32B1C32D1,2.5
タブンネ,H32C32D2,2.4
タブンネ,H31B8C32,1.2
タブンネ,H32D32,6.5
タブンネ,H29B32D5,2.2
パンプジン(特大),H32B32D2,19.8
パンプジン(特大),H31B32D3,5.2
パンプジン(特大),H32A2B32,4.7
パンプジン(特大),H32B32S2,2.2
パンプジン(特大),H32B32,1.0
パンプジン(特大),H32A32D2,8.5
パンプジン(特大),H32A32B2,8.3
パンプジン(特大),H31A32B8,3.7
パンプジン(特大),H32B2D32,2.1
パンプジン(特大),H31B8D32,1.9
ジュナイパー,A32S32,23.2
ジュナイパー,H2A32S32,15.1
ジュナイパー,A32D2S32,4.5
ジュナイパー,A32B2S32,3.6
ジュナイパー,H32A32,13.3
ジュナイパー,H32A32S2,4.8
ジュナイパー,H32A32D2,4.7
ジュナイパー,H32A32B2,3.8
ジュナイパー,H32B32,4.9
ジュナイパー,H32B32D2,2.9
バリコオル,C32S32,32.3
バリコオル,H2C32S32,19.4
バリコオル,B2C32S32,5.1
バリコオル,A2C32S32,4.3
バリコオル,C32D2S32,3.5
バリコオル,H32C32,12.2
バリコオル,H32C32S2,5.0
バリコオル,H32B2C32,4.9
バリコオル,H32C32D2,2.3
バリコオル,H32B32,5.4
スピンロトム,C32S32,26.5
スピンロトム,H2C32S32,20.2
スピンロトム,C32D2S32,3.3
スピンロトム,B2C32S32,3.0
スピンロトム,H32B32C2,3.6
スピンロトム,H32B32S2,3.4
スピンロトム,H31B32S4,2.4
スピンロトム,H31B32C8,2.4
スピンロトム,H32B32D2,2.4
スピンロトム,H32C32,12.0
デデンネ,C32S32,35.7
デデンネ,H2C32S32,17.4
デデンネ,H1B1C32S32,9.1
デデンネ,H1C32D1S32,3.2
デデンネ,B2C32S32,2.9
デデンネ,C32D2S32,2.0
デデンネ,H1A1C32S32,1.1
デデンネ,H32B32,9.9
デデンネ,H32B32D2,6.3
デデンネ,H32B32S2,3.6
ガラルマッギョ,H32B32D2,26.2
ガラルマッギョ,H31B32D3,4.2
ガラルマッギョ,H32B32S2,1.8
ガラルマッギョ,H32B32,1.7
ガラルマッギョ,H32B2D32,12.0
ガラルマッギョ,H31B8D32,2.2
ガラルマッギョ,A32B32,10.2
ガラルマッギョ,A32B32S2,8.7
ガラルマッギョ,H2A32B32,1.5
ガラルマッギョ,B32D32,4.2
ラムパルド,A32S32,63.6
ラムパルド,H2A32S32,36.2
ラムパルド,H1A32B1S32,6.9
ラムパルド,A32B2S32,6.6
ラムパルド,A32D2S32,5.1
ラムパルド,A32S32,3.8
ラムパルド,H1A32D1S32,2.4
ラムパルド,A32B1D1S32,1.4
ラムパルド,H1A32S32,1.2
ラムパルド,H32A32B2,11.6
ニャオニクス♀,C32S32,63.8
ニャオニクス♀,H2C32S32,47.1
ニャオニクス♀,B2C32S32,6.0
ニャオニクス♀,C32D2S32,5.3
ニャオニクス♀,C32S32,2.2
ニャオニクス♀,H1B1C32S32,1.6
ニャオニクス♀,B1C32D1S32,1.6
ニャオニクス♀,H32D13S21,8.5
ニャオニクス♀,H32B23S11,2.1
ニャオニクス♀,H32S32,1.2
ダストダス,A32S32,19.1
ダストダス,H2A32S32,15.5
ダストダス,A32B2S32,1.9
ダストダス,A32D2S32,1.7
ダストダス,H32B32,10.7
ダストダス,H32B32D2,7.2
ダストダス,H32A2B32,2.0
ダストダス,H32B32S2,1.5
ダストダス,H30B28S8,10.3
ダストダス,H32A32,9.9
トリミアン,H32B32D2,19.0
トリミアン,H32A2B32,6.5
トリミアン,H32B32S2,3.9
トリミアン,H31B32D3,1.7
トリミアン,H32B32,1.6
トリミアン,A32S32,8.0
トリミアン,H2A32S32,3.1
トリミアン,A32D2S32,2.8
トリミアン,A32B2S32,2.1
トリミアン,A32B32,3.4
ツンベアー,A32S32,65.1
ツンベアー,H2A32S32,30.8
ツンベアー,H1A32B1S32,10.8
ツンベアー,A32B2S32,7.5
ツンベアー,H1A32D1S32,4.4
ツンベアー,A32S32,3.6
ツンベアー,H1A32S32,3.1
ツンベアー,A32B1D1S32,2.9
ツンベアー,A32D2S32,2.0
ツンベアー,H32A32,4.8
タルップル,H32B32,28.1
タルップル,H32B32D2,23.2
タルップル,H32B32C2,3.3
タルップル,H32B32,1.6
タルップル,H32D32,14.4
タルップル,H32B2D32,10.0
タルップル,H32C2D32,3.0
タルップル,H32D32,1.4
タルップル,H32C32,7.8
タルップル,H32B2C32,6.3
ルガルガン(まひる),A32S32,88.7
ルガルガン(まひる),H2A32S32,43.2
ルガルガン(まひる),H1A32B1S32,13.4
ルガルガン(まひる),A32B2S32,9.4
ルガルガン(まひる),A32D2S32,6.7
ルガルガン(まひる),A32S32,6.0
ルガルガン(まひる),H1A32D1S32,4.2
ルガルガン(まひる),H1A32S32,3.5
ルガルガン(まひる),A32B1S32,1.2
ルガルガン(まひる),A32B1D1S32,1.1
ルガルガン(まよなか),A32S32,68.8
ルガルガン(まよなか),H2A32S32,39.7
ルガルガン(まよなか),H1A32B1S32,12.7
ルガルガン(まよなか),H1A32D1S32,4.5
ルガルガン(まよなか),A32B2S32,3.7
ルガルガン(まよなか),A32D2S32,2.8
ルガルガン(まよなか),A32S32,2.7
ルガルガン(まよなか),A32B1D1S32,1.6
ルガルガン(まよなか),H1A32S32,1.1
ルガルガン(まよなか),A32B9D15S10,12.4
ケンタロス,A32S32,46.2
ケンタロス,H2A32S32,26.4
ケンタロス,A32B2S32,6.8
ケンタロス,H1A32B1S32,6.2
ケンタロス,A32D2S32,3.3
ケンタロス,H1A32D1S32,1.6
ケンタロス,A32S32,1.1
ケンタロス,A32B1D1S32,0.8
ケンタロス,H1A2B8C20D4S5,32.7
ケンタロス,A32B32,2.3
ポワルン,C32S32,38.6
ポワルン,H2C32S32,23.5
ポワルン,B2C32S32,9.8
ポワルン,C32D2S32,3.7
ポワルン,B1C32D1S32,1.6
ポワルン,H32C32,6.8
ポワルン,H32B1C32D1,3.2
ポワルン,H32C32S2,2.2
ポワルン,H32B2C32,1.4
ポワルン,B32C32,4.9
ヒヤッキー,C32S32,57.3
ヒヤッキー,H2C32S32,20.8
ヒヤッキー,B2C32S32,14.1
ヒヤッキー,H1B1C32S32,7.3
ヒヤッキー,C32D2S32,4.5
ヒヤッキー,A2C32S32,3.2
ヒヤッキー,H1C32D1S32,3.1
ヒヤッキー,C32S32,2.9
ヒヤッキー,H1A1C32S32,1.4
ヒヤッキー,A32S32,18.1
パンプジン(普通),H32A32S2,40.9
パンプジン(普通),H32A32B2,1.7
パンプジン(普通),H31A32D3,1.0
パンプジン(普通),H31A32S3,0.8
パンプジン(普通),A32S32,13.5
パンプジン(普通),H2A32S32,6.8
パンプジン(普通),H1A32B1S32,4.5
パンプジン(普通),A32B2S32,1.2
パンプジン(普通),H1A32D1S32,1.0
パンプジン(普通),H32B32,8.1
ナゲツケサル,A32S32,50.3
ナゲツケサル,H2A32S32,33.6
ナゲツケサル,A32D2S32,7.1
ナゲツケサル,A32B2S32,6.5
ナゲツケサル,A32S32,1.8
ナゲツケサル,A32B1D1S32,1.3
ナゲツケサル,A32B32,7.4
ナゲツケサル,A32B32S2,4.5
ナゲツケサル,H2A32B32,2.9
ナゲツケサル,H32A32,6.7
アップリュー,A32S32,74.2
アップリュー,H2A32S32,46.9
アップリュー,A32B2S32,14.5
アップリュー,A32D2S32,7.9
アップリュー,A32S32,2.8
アップリュー,A32B1D1S32,0.8
アップリュー,H1A32B1S32,0.7
アップリュー,A32B1S32,0.6
アップリュー,H32A32,8.2
アップリュー,H32A32B2,4.1
バオッキー,C32S32,41.2
バオッキー,H2C32S32,14.5
バオッキー,H1A1C32S32,6.0
バオッキー,B2C32S32,5.5
バオッキー,H1B1C32S32,4.8
バオッキー,A2C32S32,4.5
バオッキー,C32D2S32,4.2
バオッキー,H1C32D1S32,1.7
バオッキー,A32S32,30.2
バオッキー,H2A32S32,16.1
ダイケンキ,H32C32,17.9
ダイケンキ,H32B2C32,6.2
ダイケンキ,H32C32D2,4.8
ダイケンキ,H32C32S2,3.7
ダイケンキ,H32B1C32D1,3.2
ダイケンキ,H32B32,10.8
ダイケンキ,H32B32S2,5.8
ダイケンキ,H32B32C2,2.0
ダイケンキ,H32B32D2,1.6
ダイケンキ,H32A2B32,1.4
ヤレユータン,H32C32,33.7
ヤレユータン,H32B2C32,17.1
ヤレユータン,H32C32S2,8.5
ヤレユータン,H32C32D2,8.1
ヤレユータン,H32B32,15.8
ヤレユータン,H32B32D2,11.4
ヤレユータン,H32B32C2,2.9
ヤレユータン,H32B32S2,1.5
ヤレユータン,C32D32,9.4
ヤレユータン,H2C32D32,5.5
ヤナッキー,A32S32,51.8
ヤナッキー,H2A32S32,26.7
ヤナッキー,A32C2S32,8.6
ヤナッキー,H1A32B1S32,6.0
ヤナッキー,A32B2S32,4.9
ヤナッキー,H1A32D1S32,2.6
ヤナッキー,A32S32,1.9
ヤナッキー,A32B1D1S32,1.1
ヤナッキー,C32S32,19.5
ヤナッキー,H2C32S32,10.9
フレフワン,H32C32,19.1
フレフワン,H32B2C32,10.7
フレフワン,H32C32D2,3.6
フレフワン,H32B1C32D1,3.1
フレフワン,H32C32S2,1.7
フレフワン,H31B30D5,14.5
フレフワン,H32B32D2,7.9
フレフワン,H31B32D3,2.3
フレフワン,B32C32,6.3
フレフワン,H2B32C32,5.0
ロトム,H1A32B2C8D4S5,49.9
ロトム,C32S32,27.2
ロトム,H2C32S32,14.2
ロトム,B2C32S32,5.2
ロトム,C32D2S32,4.1
ロトム,B1C32D1S32,2.6
ロトム,C32S32,1.1
ロトム,H32C32,2.5
ロトム,H32B32,1.9
ロトム,H32B32C2,1.2
ミルホッグ,H32A32,41.6
ミルホッグ,H32A32B1D1,10.9
ミルホッグ,H32A32S2,9.9
ミルホッグ,H32A32B2,9.8
ミルホッグ,H32A32D2,6.8
ミルホッグ,H32A32B1S1,4.2
ミルホッグ,A32S32,14.7
ミルホッグ,H2A32S32,10.4
ミルホッグ,A32D2S32,2.7
ミルホッグ,A32B2S32,1.6
パンプジン(小),A32S32,36.0
パンプジン(小),H2A32S32,12.1
パンプジン(小),H1A32B1S32,11.2
パンプジン(小),H1A32D1S32,8.3
パンプジン(小),A32B2S32,2.6
パンプジン(小),H1A32S32,1.8
パンプジン(小),H31B32D3,5.5
パンプジン(小),H32B32S2,2.6
パンプジン(小),H32B32D2,2.1
パンプジン(小),H32D2S32,3.1
パンプジン(大),H32B32D2,18.4
パンプジン(大),H32A2B32,6.3
パンプジン(大),H32B32S2,2.7
パンプジン(大),H32B32,2.0
パンプジン(大),H31B32D3,2.0
パンプジン(大),H32A32,19.3
パンプジン(大),H32A32B2,7.5
パンプジン(大),H32A32,7.3
パンプジン(大),H32A32D2,4.5
パンプジン(大),A32S32,7.5
ケンタロス(パルデア単),A32S32,50.2
ケンタロス(パルデア単),H2A32S32,18.3
ケンタロス(パルデア単),A32B1D1S32,9.9
ケンタロス(パルデア単),A32D2S32,9.9
ケンタロス(パルデア単),A32B2S32,5.4
ケンタロス(パルデア単),H1A32D1S32,3.2
ケンタロス(パルデア単),H1A32B1S32,2.2
ケンタロス(パルデア単),A32S32,1.3
ケンタロス(パルデア単),A32B32,3.4
ケンタロス(パルデア単),H31B25D19,2.3
