ガブリアス,きあいのタスキ,38.1
ガブリアス,こだわりスカーフ,32.9
ガブリアス,オボンのみ,16.0
ガブリアス,ラムのみ,5.6
ガブリアス,ガブリアスナイト,2.0
ガブリアス,ハバンのみ,1.6
ガブリアス,ヤチェのみ,0.8
ガブリアス,たべのこし,0.6
ガブリアス,ひかりのこな,0.5
ガブリアス,やわらかいすな,0.3
ブリジュラス,オボンのみ,33.2
ブリジュラス,たべのこし,30.2
ブリジュラス,しろいハーブ,21.2
ブリジュラス,こだわりスカーフ,4.4
ブリジュラス,ピントレンズ,2.2
ブリジュラス,シュカのみ,2.1
ブリジュラス,ヨプのみ,1.4
ブリジュラス,カゴのみ,1.3
ブリジュラス,りゅうのキバ,1.1
ブリジュラス,ラムのみ,0.7
マスカーニャ,こだわりスカーフ,76.8
マスカーニャ,きあいのタスキ,18.5
マスカーニャ,ラムのみ,0.8
マスカーニャ,オボンのみ,0.6
マスカーニャ,くろいメガネ,0.4
マスカーニャ,きせきのタネ,0.4
マスカーニャ,ひかりのこな,0.4
マスカーニャ,おうじゃのしるし,0.3
マスカーニャ,せんせいのツメ,0.3
マスカーニャ,たべのこし,0.3
アシレーヌ,オボンのみ,46.3
アシレーヌ,しんぴのしずく,16.9
アシレーヌ,たべのこし,15.3
アシレーヌ,ラムのみ,5.4
アシレーヌ,カゴのみ,4.4
アシレーヌ,きあいのタスキ,4.2
アシレーヌ,ようせいのハネ,3.7
アシレーヌ,ビアーのみ,0.9
アシレーヌ,せんせいのツメ,0.8
アシレーヌ,こだわりスカーフ,0.6
リザードン,リザードナイトＹ,63.9
リザードン,リザードナイトＸ,34.6
リザードン,こだわりスカーフ,0.2
リザードン,ラムのみ,0.1
リザードン,きあいのタスキ,0.1
リザードン,スピアナイト,0.1
リザードン,ライボルトナイト,0.1
リザードン,オボンのみ,0.1
リザードン,もくたん,0.0
リザードン,バンギラスナイト,0.0
アーマーガア,たべのこし,66.7
アーマーガア,オボンのみ,25.9
アーマーガア,ひかりのこな,2.3
アーマーガア,ラムのみ,1.6
アーマーガア,するどいくちばし,0.9
アーマーガア,オッカのみ,0.4
アーマーガア,メンタルハーブ,0.3
アーマーガア,せんせいのツメ,0.3
アーマーガア,ソクノのみ,0.2
アーマーガア,メタルコート,0.2
カバルドン,オボンのみ,64.1
カバルドン,たべのこし,32.8
カバルドン,メンタルハーブ,0.7
カバルドン,ラムのみ,0.7
カバルドン,せんせいのツメ,0.4
カバルドン,イトケのみ,0.2
カバルドン,ひかりのこな,0.2
カバルドン,やわらかいすな,0.2
カバルドン,きあいのタスキ,0.1
カバルドン,リンドのみ,0.1
イダイトウ♂,こだわりスカーフ,74.2
イダイトウ♂,きあいのタスキ,10.5
イダイトウ♂,しんぴのしずく,10.1
イダイトウ♂,のろいのおふだ,3.3
イダイトウ♂,オボンのみ,0.4
イダイトウ♂,カシブのみ,0.3
イダイトウ♂,せんせいのツメ,0.3
イダイトウ♂,ラムのみ,0.2
イダイトウ♂,ナモのみ,0.1
イダイトウ♂,たべのこし,0.1
ルカリオ,ルカリオナイト,97.4
ルカリオ,きあいのタスキ,1.1
ルカリオ,こだわりスカーフ,0.8
ルカリオ,くろおび,0.1
ルカリオ,ハッサムナイト,0.0
ルカリオ,シュカのみ,0.0
ルカリオ,オボンのみ,0.0
ルカリオ,メタルコート,0.0
ルカリオ,せんせいのツメ,0.0
ルカリオ,ラムのみ,0.0
ゲンガー,ゲンガナイト,82.2
ゲンガー,きあいのタスキ,15.4
ゲンガー,こだわりスカーフ,1.3
ゲンガー,のろいのおふだ,0.2
ゲンガー,せんせいのツメ,0.1
ゲンガー,ひかりのこな,0.1
ゲンガー,オボンのみ,0.1
ゲンガー,シュカのみ,0.1
ゲンガー,きあいのハチマキ,0.0
ゲンガー,ラムのみ,0.0
ミミロップ,ミミロップナイト,97.0
ミミロップ,メンタルハーブ,1.0
ミミロップ,オボンのみ,0.6
ミミロップ,こだわりスカーフ,0.3
ミミロップ,ヨプのみ,0.2
ミミロップ,きあいのタスキ,0.2
ミミロップ,たべのこし,0.1
ミミロップ,ラムのみ,0.1
ミミロップ,ひかりのこな,0.1
ミミロップ,ルカリオナイト,0.0
ギルガルド(シールド),たべのこし,58.9
ギルガルド(シールド),のろいのおふだ,29.2
ギルガルド(シールド),きあいのタスキ,4.8
ギルガルド(シールド),オボンのみ,2.3
ギルガルド(シールド),ラムのみ,1.4
ギルガルド(シールド),シュカのみ,0.8
ギルガルド(シールド),くろおび,0.4
ギルガルド(シールド),カシブのみ,0.4
ギルガルド(シールド),メタルコート,0.3
ギルガルド(シールド),ナモのみ,0.2
ギャラドス,ギャラドスナイト,62.9
ギャラドス,たべのこし,18.0
ギャラドス,オボンのみ,7.6
ギャラドス,ラムのみ,5.7
ギャラドス,カゴのみ,3.0
ギャラドス,しんぴのしずく,0.7
ギャラドス,ソクノのみ,0.7
ギャラドス,きあいのタスキ,0.3
ギャラドス,こだわりスカーフ,0.2
ギャラドス,おうじゃのしるし,0.2
ハッサム,ハッサムナイト,78.7
ハッサム,メタルコート,10.0
ハッサム,オボンのみ,4.0
ハッサム,ラムのみ,2.6
ハッサム,たべのこし,1.4
ハッサム,きあいのタスキ,1.0
ハッサム,オッカのみ,0.8
ハッサム,しろいハーブ,0.1
ハッサム,ピントレンズ,0.1
ハッサム,ひかりのこな,0.1
キラフロル,キラフロルナイト,54.1
キラフロル,きあいのタスキ,36.2
キラフロル,たべのこし,4.9
キラフロル,こだわりスカーフ,1.5
キラフロル,シュカのみ,1.0
キラフロル,オボンのみ,1.0
キラフロル,せんせいのツメ,0.1
キラフロル,ひかりのこな,0.1
キラフロル,イトケのみ,0.1
キラフロル,メンタルハーブ,0.1
カイリュー,カイリュナイト,80.6
カイリュー,ラムのみ,11.6
カイリュー,たべのこし,1.4
カイリュー,シルクのスカーフ,0.9
カイリュー,しろいハーブ,0.8
カイリュー,オボンのみ,0.7
カイリュー,こだわりスカーフ,0.6
カイリュー,ヤチェのみ,0.6
カイリュー,りゅうのキバ,0.5
カイリュー,ひかりのこな,0.3
フラエッテ(永遠),フラエッテナイト,97.4
フラエッテ(永遠),こだわりスカーフ,1.9
フラエッテ(永遠),ラムのみ,0.1
フラエッテ(永遠),ミミロップナイト,0.1
フラエッテ(永遠),ようせいのハネ,0.1
フラエッテ(永遠),きあいのタスキ,0.0
フラエッテ(永遠),リザードナイトＹ,0.0
フラエッテ(永遠),たべのこし,0.0
フラエッテ(永遠),オボンのみ,0.0
フラエッテ(永遠),マフォクシナイト,0.0
ウルガモス,オボンのみ,44.5
ウルガモス,ラムのみ,22.1
ウルガモス,たべのこし,15.8
ウルガモス,きあいのタスキ,9.0
ウルガモス,こだわりスカーフ,1.6
ウルガモス,ヨロギのみ,1.6
ウルガモス,ひかりのこな,1.1
ウルガモス,イトケのみ,1.1
ウルガモス,もくたん,1.0
ウルガモス,かいがらのすず,0.3
ミミッキュ,のろいのおふだ,30.6
ミミッキュ,ラムのみ,23.0
ミミッキュ,ピントレンズ,16.3
ミミッキュ,ようせいのハネ,15.2
ミミッキュ,ひかりのこな,3.8
ミミッキュ,オボンのみ,2.9
ミミッキュ,たべのこし,1.9
ミミッキュ,こだわりスカーフ,1.8
ミミッキュ,メンタルハーブ,1.3
ミミッキュ,せんせいのツメ,0.6
スターミー,スターミナイト,97.8
スターミー,きあいのタスキ,0.6
スターミー,こだわりスカーフ,0.4
スターミー,たべのこし,0.3
スターミー,ひかりのこな,0.2
スターミー,しんぴのしずく,0.1
スターミー,オボンのみ,0.1
スターミー,じしゃく,0.0
スターミー,せんせいのツメ,0.0
スターミー,ラムのみ,0.0
サザンドラ,こだわりスカーフ,79.4
サザンドラ,きあいのタスキ,5.8
サザンドラ,オボンのみ,2.1
サザンドラ,しろいハーブ,2.0
サザンドラ,ラムのみ,1.9
サザンドラ,たべのこし,1.8
サザンドラ,くろいメガネ,1.8
サザンドラ,ハバンのみ,1.6
サザンドラ,ピントレンズ,0.6
サザンドラ,りゅうのキバ,0.5
ウォッシュロトム,オボンのみ,40.6
ウォッシュロトム,たべのこし,31.2
ウォッシュロトム,こだわりスカーフ,15.8
ウォッシュロトム,カゴのみ,3.1
ウォッシュロトム,ラムのみ,2.8
ウォッシュロトム,じしゃく,1.7
ウォッシュロトム,しんぴのしずく,1.0
ウォッシュロトム,ひかりのこな,0.8
ウォッシュロトム,リンドのみ,0.8
ウォッシュロトム,せんせいのツメ,0.7
ダイケンキ(ヒスイ),きあいのタスキ,37.1
ダイケンキ(ヒスイ),くろいメガネ,35.8
ダイケンキ(ヒスイ),こだわりスカーフ,16.2
ダイケンキ(ヒスイ),オボンのみ,5.6
ダイケンキ(ヒスイ),ラムのみ,1.8
ダイケンキ(ヒスイ),ヨプのみ,0.7
ダイケンキ(ヒスイ),ピントレンズ,0.7
ダイケンキ(ヒスイ),せんせいのツメ,0.4
ダイケンキ(ヒスイ),たべのこし,0.4
ダイケンキ(ヒスイ),しんぴのしずく,0.2
ドドゲザン,くろいメガネ,66.1
ドドゲザン,きあいのタスキ,12.6
ドドゲザン,ヨプのみ,7.0
ドドゲザン,ラムのみ,4.3
ドドゲザン,オボンのみ,2.9
ドドゲザン,たべのこし,1.8
ドドゲザン,せんせいのツメ,1.2
ドドゲザン,シュカのみ,0.8
ドドゲザン,ひかりのこな,0.5
ドドゲザン,オッカのみ,0.5
ソウブレイズ,きあいのタスキ,87.3
ソウブレイズ,こだわりスカーフ,2.4
ソウブレイズ,のろいのおふだ,2.1
ソウブレイズ,オボンのみ,1.8
ソウブレイズ,たべのこし,1.3
ソウブレイズ,もくたん,0.9
ソウブレイズ,シュカのみ,0.9
ソウブレイズ,しろいハーブ,0.7
ソウブレイズ,カシブのみ,0.4
ソウブレイズ,ラムのみ,0.4
マフォクシー,マフォクシナイト,96.5
マフォクシー,きあいのタスキ,0.7
マフォクシー,こだわりスカーフ,0.5
マフォクシー,オボンのみ,0.2
マフォクシー,バンギラスナイト,0.2
マフォクシー,もくたん,0.1
マフォクシー,しろいハーブ,0.1
マフォクシー,たべのこし,0.1
マフォクシー,せんせいのツメ,0.1
マフォクシー,ラムのみ,0.1
カメックス,カメックスナイト,91.6
カメックス,しろいハーブ,4.8
カメックス,オボンのみ,1.4
カメックス,ラムのみ,0.4
カメックス,たべのこし,0.4
カメックス,きあいのタスキ,0.3
カメックス,しんぴのしずく,0.3
カメックス,こだわりスカーフ,0.2
カメックス,リンドのみ,0.1
カメックス,せんせいのツメ,0.0
フシギバナ,フシギバナイト,93.3
フシギバナ,たべのこし,2.0
フシギバナ,オボンのみ,1.3
フシギバナ,きせきのタネ,0.9
フシギバナ,ラムのみ,0.4
フシギバナ,きあいのタスキ,0.3
フシギバナ,ひかりのこな,0.2
フシギバナ,どくバリ,0.2
フシギバナ,こだわりスカーフ,0.1
フシギバナ,せんせいのツメ,0.1
ラウドボーン,たべのこし,34.6
ラウドボーン,オボンのみ,25.8
ラウドボーン,カシブのみ,13.4
ラウドボーン,シュカのみ,3.0
ラウドボーン,ラムのみ,2.1
ラウドボーン,もくたん,1.2
ラウドボーン,ひかりのこな,1.1
ラウドボーン,せんせいのツメ,1.1
ラウドボーン,ナモのみ,0.5
ラウドボーン,こだわりスカーフ,0.4
ハラバリー,たべのこし,54.9
ハラバリー,オボンのみ,27.0
ハラバリー,シュカのみ,8.3
ハラバリー,じしゃく,7.0
ハラバリー,ラムのみ,0.6
ハラバリー,かいがらのすず,0.6
ハラバリー,せんせいのツメ,0.5
ハラバリー,ひかりのこな,0.4
ハラバリー,メンタルハーブ,0.1
ハラバリー,きあいのタスキ,0.1
ゲッコウガ,ゲッコウガナイト,40.9
ゲッコウガ,きあいのタスキ,35.2
ゲッコウガ,こだわりスカーフ,15.5
ゲッコウガ,くろいメガネ,4.4
ゲッコウガ,しんぴのしずく,1.0
ゲッコウガ,おうじゃのしるし,0.7
ゲッコウガ,ラムのみ,0.4
ゲッコウガ,オボンのみ,0.3
ゲッコウガ,ひかりのこな,0.2
ゲッコウガ,とけないこおり,0.2
ブラッキー,たべのこし,89.7
ブラッキー,オボンのみ,4.6
ブラッキー,ラムのみ,1.3
ブラッキー,ひかりのこな,1.1
ブラッキー,ヨプのみ,0.8
ブラッキー,くろいメガネ,0.7
ブラッキー,メンタルハーブ,0.6
ブラッキー,せんせいのツメ,0.3
ブラッキー,ロゼルのみ,0.1
ブラッキー,かいがらのすず,0.1
オオニューラ,しろいハーブ,47.7
オオニューラ,きあいのタスキ,21.6
オオニューラ,オボンのみ,16.5
オオニューラ,こだわりスカーフ,6.4
オオニューラ,おうじゃのしるし,1.1
オオニューラ,ラムのみ,0.8
オオニューラ,くろおび,0.8
オオニューラ,せんせいのツメ,0.7
オオニューラ,どくバリ,0.6
オオニューラ,でんきだま,0.6
ガルーラ,ガルーラナイト,96.6
ガルーラ,シルクのスカーフ,1.8
ガルーラ,オボンのみ,0.3
ガルーラ,ヨプのみ,0.2
ガルーラ,ラムのみ,0.1
ガルーラ,きあいのタスキ,0.1
ガルーラ,せんせいのツメ,0.1
ガルーラ,くろおび,0.1
ガルーラ,たべのこし,0.1
ガルーラ,こだわりスカーフ,0.1
ピクシー,ピクシナイト,86.4
ピクシー,たべのこし,5.6
ピクシー,オボンのみ,3.4
ピクシー,リリバのみ,1.4
ピクシー,きあいのタスキ,0.7
ピクシー,ひかりのこな,0.4
ピクシー,ラムのみ,0.3
ピクシー,メンタルハーブ,0.3
ピクシー,せんせいのツメ,0.2
ピクシー,ようせいのハネ,0.2
クエスパトラ,オボンのみ,43.1
クエスパトラ,きあいのタスキ,26.5
クエスパトラ,たべのこし,11.2
クエスパトラ,メンタルハーブ,5.1
クエスパトラ,カシブのみ,2.9
クエスパトラ,まがったスプーン,2.5
クエスパトラ,ナモのみ,2.3
クエスパトラ,ラムのみ,2.1
クエスパトラ,ひかりのこな,1.6
クエスパトラ,こだわりスカーフ,0.6
メガニウム,メガニウムナイト,98.8
メガニウム,たべのこし,0.1
メガニウム,きあいのタスキ,0.1
メガニウム,オボンのみ,0.1
メガニウム,こだわりスカーフ,0.0
メガニウム,ラムのみ,0.0
メガニウム,せんせいのツメ,0.0
メガニウム,カイリュナイト,0.0
メガニウム,ゲンガナイト,0.0
メガニウム,フシギバナイト,0.0
バンギラス,バンギラスナイト,48.1
バンギラス,オボンのみ,10.5
バンギラス,たべのこし,10.1
バンギラス,ヨプのみ,8.4
バンギラス,シュカのみ,5.9
バンギラス,ラムのみ,5.7
バンギラス,カゴのみ,3.2
バンギラス,きあいのタスキ,2.2
バンギラス,こだわりスカーフ,1.6
バンギラス,せんせいのツメ,1.1
ニンフィア,ようせいのハネ,47.2
ニンフィア,たべのこし,32.8
ニンフィア,オボンのみ,11.0
ニンフィア,リリバのみ,1.8
ニンフィア,ラムのみ,1.5
ニンフィア,せんせいのツメ,1.5
ニンフィア,ひかりのこな,1.0
ニンフィア,カゴのみ,1.0
ニンフィア,きあいのタスキ,0.6
ニンフィア,こだわりスカーフ,0.5
ゾロアーク(ヒスイ),きあいのタスキ,70.2
ゾロアーク(ヒスイ),こだわりスカーフ,19.3
ゾロアーク(ヒスイ),ひかりのこな,2.3
ゾロアーク(ヒスイ),のろいのおふだ,2.3
ゾロアーク(ヒスイ),ナモのみ,1.4
ゾロアーク(ヒスイ),オボンのみ,0.8
ゾロアーク(ヒスイ),ラムのみ,0.7
ゾロアーク(ヒスイ),せんせいのツメ,0.6
ゾロアーク(ヒスイ),シルクのスカーフ,0.5
ゾロアーク(ヒスイ),たべのこし,0.3
オニシズクモ,オボンのみ,57.7
オニシズクモ,しんぴのしずく,17.9
オニシズクモ,たべのこし,7.0
オニシズクモ,きあいのタスキ,4.4
オニシズクモ,せんせいのツメ,3.6
オニシズクモ,メンタルハーブ,3.3
オニシズクモ,ラムのみ,2.3
オニシズクモ,ヨロギのみ,0.9
オニシズクモ,ひかりのこな,0.5
オニシズクモ,ソクノのみ,0.5
ペリッパー,オボンのみ,53.6
ペリッパー,きあいのタスキ,21.1
ペリッパー,こだわりスカーフ,7.5
ペリッパー,たべのこし,2.9
ペリッパー,ソクノのみ,2.7
ペリッパー,しんぴのしずく,2.5
ペリッパー,するどいくちばし,1.6
ペリッパー,せんせいのツメ,1.6
ペリッパー,ラムのみ,1.5
ペリッパー,ピントレンズ,1.3
エルフーン,きあいのタスキ,61.3
エルフーン,たべのこし,23.9
エルフーン,オボンのみ,3.5
エルフーン,ようせいのハネ,2.8
エルフーン,メンタルハーブ,2.1
エルフーン,ひかりのこな,2.0
エルフーン,ラムのみ,1.0
エルフーン,こだわりスカーフ,0.6
エルフーン,リリバのみ,0.5
エルフーン,ビアーのみ,0.4
エアームド,エアームドナイト,67.2
エアームド,オボンのみ,12.8
エアームド,たべのこし,10.3
エアームド,メンタルハーブ,2.9
エアームド,くろおび,1.4
エアームド,ひかりのこな,1.4
エアームド,ラムのみ,1.2
エアームド,するどいくちばし,0.4
エアームド,せんせいのツメ,0.4
エアームド,オッカのみ,0.4
マンムー,きあいのタスキ,77.9
マンムー,こだわりスカーフ,5.7
マンムー,オボンのみ,4.2
マンムー,とけないこおり,3.5
マンムー,ヨプのみ,2.7
マンムー,ラムのみ,1.7
マンムー,たべのこし,0.8
マンムー,せんせいのツメ,0.8
マンムー,やわらかいすな,0.6
マンムー,ひかりのこな,0.4
エルレイド,こだわりスカーフ,27.9
エルレイド,きあいのタスキ,26.0
エルレイド,エルレイドナイト,25.9
エルレイド,ピントレンズ,9.8
エルレイド,ラムのみ,3.6
エルレイド,くろおび,2.6
エルレイド,オボンのみ,2.0
エルレイド,せんせいのツメ,0.6
エルレイド,カシブのみ,0.5
エルレイド,たべのこし,0.2
スコヴィラン,スコヴィラナイト,90.4
スコヴィラン,たべのこし,7.2
スコヴィラン,きあいのタスキ,0.4
スコヴィラン,オボンのみ,0.3
スコヴィラン,ひかりのこな,0.2
スコヴィラン,もくたん,0.2
スコヴィラン,きせきのタネ,0.1
スコヴィラン,しろいハーブ,0.1
スコヴィラン,こだわりスカーフ,0.1
スコヴィラン,かいがらのすず,0.1
ヒートロトム,オボンのみ,34.4
ヒートロトム,こだわりスカーフ,28.3
ヒートロトム,たべのこし,17.3
ヒートロトム,しろいハーブ,8.4
ヒートロトム,ラムのみ,2.3
ヒートロトム,じしゃく,1.9
ヒートロトム,イトケのみ,1.6
ヒートロトム,きあいのタスキ,1.3
ヒートロトム,もくたん,1.1
ヒートロトム,カゴのみ,0.8
カビゴン,たべのこし,36.2
カビゴン,ヨプのみ,29.7
カビゴン,オボンのみ,13.7
カビゴン,カゴのみ,10.3
カビゴン,シルクのスカーフ,3.8
カビゴン,ラムのみ,3.0
カビゴン,せんせいのツメ,1.4
カビゴン,ひかりのこな,0.3
カビゴン,しろいハーブ,0.2
カビゴン,きあいのタスキ,0.2
ミロカロス,たべのこし,46.6
ミロカロス,オボンのみ,25.6
ミロカロス,ラムのみ,19.5
ミロカロス,しんぴのしずく,2.2
ミロカロス,ひかりのこな,1.4
ミロカロス,せんせいのツメ,0.8
ミロカロス,かいがらのすず,0.7
ミロカロス,カゴのみ,0.6
ミロカロス,リンドのみ,0.4
ミロカロス,ソクノのみ,0.3
ドラパルト,きあいのタスキ,37.4
ドラパルト,こだわりスカーフ,26.6
ドラパルト,りゅうのキバ,7.9
ドラパルト,たべのこし,4.3
ドラパルト,ラムのみ,4.1
ドラパルト,オボンのみ,3.1
ドラパルト,しろいハーブ,2.9
ドラパルト,ひかりのこな,2.4
ドラパルト,のろいのおふだ,1.6
ドラパルト,おうじゃのしるし,1.3
アローラキュウコン,とけないこおり,42.9
アローラキュウコン,きあいのタスキ,24.5
アローラキュウコン,オボンのみ,10.1
アローラキュウコン,こだわりスカーフ,5.2
アローラキュウコン,たべのこし,3.6
アローラキュウコン,ラムのみ,3.5
アローラキュウコン,リリバのみ,3.5
アローラキュウコン,ひかりのこな,2.0
アローラキュウコン,メンタルハーブ,1.2
アローラキュウコン,ようせいのハネ,0.7
バイバニラ,とけないこおり,80.5
バイバニラ,きあいのタスキ,6.1
バイバニラ,オボンのみ,4.7
バイバニラ,たべのこし,2.5
バイバニラ,こだわりスカーフ,1.3
バイバニラ,せんせいのツメ,1.1
バイバニラ,ヨプのみ,0.8
バイバニラ,ラムのみ,0.6
バイバニラ,オッカのみ,0.6
バイバニラ,シルクのスカーフ,0.5
ドリュウズ,こだわりスカーフ,25.8
ドリュウズ,きあいのタスキ,24.9
ドリュウズ,やわらかいすな,24.0
ドリュウズ,ドリュウズナイト,17.5
ドリュウズ,ラムのみ,1.5
ドリュウズ,オボンのみ,1.2
ドリュウズ,シュカのみ,1.2
ドリュウズ,たべのこし,0.7
ドリュウズ,せんせいのツメ,0.6
ドリュウズ,ヨプのみ,0.4
サーナイト,サーナイトナイト,84.6
サーナイト,こだわりスカーフ,6.0
サーナイト,きあいのタスキ,4.0
サーナイト,ビアーのみ,1.3
サーナイト,オボンのみ,1.1
サーナイト,ようせいのハネ,0.6
サーナイト,たべのこし,0.5
サーナイト,せんせいのツメ,0.5
サーナイト,ラムのみ,0.4
サーナイト,リリバのみ,0.2
ガラルヤドキング,たべのこし,35.9
ガラルヤドキング,オボンのみ,27.6
ガラルヤドキング,シュカのみ,15.8
ガラルヤドキング,ひかりのこな,4.1
ガラルヤドキング,どくバリ,2.5
ガラルヤドキング,カシブのみ,2.3
ガラルヤドキング,まがったスプーン,2.1
ガラルヤドキング,せんせいのツメ,1.3
ガラルヤドキング,くろおび,1.1
ガラルヤドキング,ナモのみ,0.9
ドヒドイデ,たべのこし,54.3
ドヒドイデ,オボンのみ,12.5
ドヒドイデ,メンタルハーブ,4.9
ドヒドイデ,ひかりのこな,3.4
ドヒドイデ,シュカのみ,2.2
ドヒドイデ,ラムのみ,0.9
ドヒドイデ,せんせいのツメ,0.5
ドヒドイデ,ソクノのみ,0.2
ドヒドイデ,ヒメリのみ,0.2
ドヒドイデ,どくバリ,0.2
エンペルト,シュカのみ,48.8
エンペルト,たべのこし,20.2
エンペルト,オボンのみ,15.9
エンペルト,ヨプのみ,4.8
エンペルト,きあいのタスキ,4.5
エンペルト,ラムのみ,1.3
エンペルト,しんぴのしずく,1.1
エンペルト,せんせいのツメ,1.0
エンペルト,ひかりのこな,0.5
エンペルト,メンタルハーブ,0.4
ジュペッタ,ジュペッタナイト,99.2
ジュペッタ,きあいのタスキ,0.2
ジュペッタ,おうじゃのしるし,0.1
ジュペッタ,のろいのおふだ,0.1
ジュペッタ,こだわりスカーフ,0.0
ジュペッタ,せんせいのツメ,0.0
ジュペッタ,ゲンガナイト,0.0
ジュペッタ,ヤミラミナイト,0.0
ジュペッタ,ギャラドスナイト,0.0
ジュペッタ,ハッサムナイト,0.0
ローブシン,くろおび,38.8
ローブシン,きあいのタスキ,23.2
ローブシン,オボンのみ,22.3
ローブシン,ラムのみ,5.6
ローブシン,たべのこし,2.8
ローブシン,せんせいのツメ,2.5
ローブシン,ロゼルのみ,1.4
ローブシン,ピントレンズ,0.8
ローブシン,かいがらのすず,0.5
ローブシン,ひかりのこな,0.4
ユキメノコ,ユキメノコナイト,95.2
ユキメノコ,きあいのタスキ,2.1
ユキメノコ,こだわりスカーフ,0.8
ユキメノコ,とけないこおり,0.3
ユキメノコ,ひかりのこな,0.2
ユキメノコ,ユキノオナイト,0.2
ユキメノコ,カシブのみ,0.1
ユキメノコ,オボンのみ,0.1
ユキメノコ,せんせいのツメ,0.1
ユキメノコ,たべのこし,0.0
バサギリ,きあいのタスキ,58.8
バサギリ,こだわりスカーフ,30.2
バサギリ,オボンのみ,2.4
バサギリ,せんせいのツメ,1.6
バサギリ,かたいいし,1.5
バサギリ,ラムのみ,0.9
バサギリ,イトケのみ,0.7
バサギリ,ピントレンズ,0.7
バサギリ,ひかりのこな,0.4
バサギリ,たべのこし,0.3
ポットデス,しろいハーブ,91.7
ポットデス,きあいのタスキ,5.5
ポットデス,メンタルハーブ,0.7
ポットデス,オボンのみ,0.5
ポットデス,たべのこし,0.3
ポットデス,ひかりのこな,0.3
ポットデス,カシブのみ,0.2
ポットデス,ナモのみ,0.2
ポットデス,こだわりスカーフ,0.1
ポットデス,ラムのみ,0.1
ホルード,きあいのタスキ,77.8
ホルード,こだわりスカーフ,15.4
ホルード,ラムのみ,2.0
ホルード,オボンのみ,1.5
ホルード,やわらかいすな,0.8
ホルード,ヨプのみ,0.5
ホルード,せんせいのツメ,0.5
ホルード,シルクのスカーフ,0.4
ホルード,たべのこし,0.2
ホルード,イトケのみ,0.2
ヘラクロス,ヘラクロスナイト,96.1
ヘラクロス,こだわりスカーフ,2.2
ヘラクロス,きあいのタスキ,0.6
ヘラクロス,せんせいのツメ,0.2
ヘラクロス,しろいハーブ,0.1
ヘラクロス,くろおび,0.1
ヘラクロス,オボンのみ,0.1
ヘラクロス,ラムのみ,0.1
ヘラクロス,ピントレンズ,0.1
ヘラクロス,きせきのタネ,0.0
ヌメルゴン(ヒスイ),たべのこし,43.7
ヌメルゴン(ヒスイ),オボンのみ,16.9
ヌメルゴン(ヒスイ),シュカのみ,7.4
ヌメルゴン(ヒスイ),メタルコート,5.8
ヌメルゴン(ヒスイ),りゅうのキバ,5.4
ヌメルゴン(ヒスイ),カゴのみ,5.1
ヌメルゴン(ヒスイ),ヨプのみ,4.2
ヌメルゴン(ヒスイ),しろいハーブ,4.1
ヌメルゴン(ヒスイ),せんせいのツメ,2.3
ヌメルゴン(ヒスイ),ラムのみ,1.8
メタモン,こだわりスカーフ,82.0
メタモン,きあいのタスキ,8.0
メタモン,せんせいのツメ,6.2
メタモン,ひかりのこな,0.9
メタモン,オボンのみ,0.8
メタモン,たべのこし,0.5
メタモン,ラムのみ,0.4
メタモン,しろいハーブ,0.2
メタモン,きあいのハチマキ,0.2
メタモン,おうじゃのしるし,0.1
マリルリ,オボンのみ,66.9
マリルリ,ラムのみ,11.4
マリルリ,しんぴのしずく,7.1
マリルリ,たべのこし,6.6
マリルリ,カゴのみ,1.8
マリルリ,せんせいのツメ,1.1
マリルリ,きあいのタスキ,1.0
マリルリ,しろいハーブ,0.8
マリルリ,ようせいのハネ,0.6
マリルリ,リンドのみ,0.5
ウツボット,ウツボットナイト,98.4
ウツボット,きあいのタスキ,0.3
ウツボット,オボンのみ,0.2
ウツボット,たべのこし,0.2
ウツボット,どくバリ,0.1
ウツボット,こだわりスカーフ,0.1
ウツボット,きせきのタネ,0.1
ウツボット,せんせいのツメ,0.1
ウツボット,オッカのみ,0.0
ウツボット,ひかりのこな,0.0
ヤドラン,ヤドランナイト,71.8
ヤドラン,オボンのみ,7.7
ヤドラン,たべのこし,7.2
ヤドラン,カシブのみ,3.3
ヤドラン,ラムのみ,1.1
ヤドラン,しんぴのしずく,1.0
ヤドラン,リンドのみ,0.6
ヤドラン,せんせいのツメ,0.5
ヤドラン,ひかりのこな,0.5
ヤドラン,ナモのみ,0.3
ビビヨン,たべのこし,84.4
ビビヨン,きあいのタスキ,9.4
ビビヨン,オボンのみ,2.0
ビビヨン,ひかりのこな,1.2
ビビヨン,せんせいのツメ,0.6
ビビヨン,するどいくちばし,0.5
ビビヨン,メンタルハーブ,0.4
ビビヨン,こだわりスカーフ,0.4
ビビヨン,ラムのみ,0.3
ビビヨン,かいがらのすず,0.2
ブリムオン,オボンのみ,32.4
ブリムオン,きあいのタスキ,26.9
ブリムオン,たべのこし,19.6
ブリムオン,リリバのみ,4.3
ブリムオン,ようせいのハネ,3.8
ブリムオン,ビアーのみ,3.0
ブリムオン,せんせいのツメ,2.6
ブリムオン,カシブのみ,2.0
ブリムオン,ひかりのこな,1.6
ブリムオン,メンタルハーブ,0.7
ドデカバシ,オボンのみ,51.9
ドデカバシ,するどいくちばし,12.6
ドデカバシ,きあいのタスキ,9.6
ドデカバシ,たべのこし,8.0
ドデカバシ,おうじゃのしるし,5.4
ドデカバシ,ラムのみ,5.3
ドデカバシ,せんせいのツメ,1.5
ドデカバシ,ピントレンズ,1.0
ドデカバシ,ひかりのこな,1.0
ドデカバシ,ソクノのみ,0.7
ジャローダ,たべのこし,30.8
ジャローダ,きあいのタスキ,21.8
ジャローダ,オボンのみ,13.2
ジャローダ,こだわりスカーフ,10.5
ジャローダ,きせきのタネ,8.9
ジャローダ,ラムのみ,5.9
ジャローダ,ひかりのこな,2.3
ジャローダ,オッカのみ,1.1
ジャローダ,かいがらのすず,1.0
ジャローダ,ビアーのみ,0.9
エレザード,こだわりスカーフ,29.5
エレザード,きあいのタスキ,28.6
エレザード,オボンのみ,23.0
エレザード,じしゃく,7.1
エレザード,シュカのみ,2.4
エレザード,たべのこし,2.2
エレザード,ひかりのこな,1.7
エレザード,シルクのスカーフ,1.1
エレザード,せんせいのツメ,0.7
エレザード,ラムのみ,0.7
ヤミラミ,ヤミラミナイト,59.0
ヤミラミ,たべのこし,15.5
ヤミラミ,きあいのタスキ,9.0
ヤミラミ,オボンのみ,5.2
ヤミラミ,ひかりのこな,2.5
ヤミラミ,ロゼルのみ,2.2
ヤミラミ,メンタルハーブ,2.0
ヤミラミ,ラムのみ,1.2
ヤミラミ,くろいメガネ,0.8
ヤミラミ,きあいのハチマキ,0.4
デカヌチャン,シュカのみ,29.2
デカヌチャン,きあいのタスキ,20.6
デカヌチャン,オボンのみ,15.5
デカヌチャン,メタルコート,10.7
デカヌチャン,たべのこし,8.1
デカヌチャン,ラムのみ,3.8
デカヌチャン,オッカのみ,2.4
デカヌチャン,メンタルハーブ,1.9
デカヌチャン,せんせいのツメ,1.6
デカヌチャン,ひかりのこな,1.1
グレンアルマ,きあいのタスキ,61.3
グレンアルマ,シュカのみ,9.2
グレンアルマ,もくたん,6.5
グレンアルマ,オボンのみ,6.1
グレンアルマ,しろいハーブ,4.4
グレンアルマ,こだわりスカーフ,3.3
グレンアルマ,まがったスプーン,1.8
グレンアルマ,せんせいのツメ,1.4
グレンアルマ,たべのこし,1.2
グレンアルマ,カシブのみ,0.9
ウインディ(ヒスイ),きあいのタスキ,37.6
ウインディ(ヒスイ),こだわりスカーフ,36.0
ウインディ(ヒスイ),オボンのみ,9.5
ウインディ(ヒスイ),もくたん,3.6
ウインディ(ヒスイ),かたいいし,3.5
ウインディ(ヒスイ),せんせいのツメ,1.6
ウインディ(ヒスイ),シュカのみ,1.5
ウインディ(ヒスイ),たべのこし,1.3
ウインディ(ヒスイ),ヨプのみ,0.9
ウインディ(ヒスイ),ラムのみ,0.7
ヤバソチャ,たべのこし,48.8
ヤバソチャ,オボンのみ,21.7
ヤバソチャ,カシブのみ,6.4
ヤバソチャ,ラムのみ,5.2
ヤバソチャ,ひかりのこな,3.3
ヤバソチャ,きせきのタネ,2.7
ヤバソチャ,きあいのタスキ,2.5
ヤバソチャ,せんせいのツメ,1.4
ヤバソチャ,ナモのみ,1.3
ヤバソチャ,メンタルハーブ,1.0
ガオガエン,オボンのみ,47.8
ガオガエン,たべのこし,21.3
ガオガエン,ヨプのみ,7.0
ガオガエン,シュカのみ,3.2
ガオガエン,せんせいのツメ,2.8
ガオガエン,ラムのみ,2.2
ガオガエン,きあいのタスキ,2.0
ガオガエン,こだわりスカーフ,1.8
ガオガエン,ひかりのこな,1.8
ガオガエン,イトケのみ,1.7
ウェーニバル,きあいのタスキ,41.8
ウェーニバル,ラムのみ,22.7
ウェーニバル,しんぴのしずく,11.4
ウェーニバル,オボンのみ,7.0
ウェーニバル,こだわりスカーフ,4.3
ウェーニバル,たべのこし,2.5
ウェーニバル,しろいハーブ,1.9
ウェーニバル,せんせいのツメ,1.1
ウェーニバル,かいがらのすず,1.1
ウェーニバル,くろおび,1.0
シャンデラ,こだわりスカーフ,41.4
シャンデラ,シャンデラナイト,36.5
シャンデラ,きあいのタスキ,7.8
シャンデラ,たべのこし,3.8
シャンデラ,ひかりのこな,2.5
シャンデラ,オボンのみ,1.9
シャンデラ,もくたん,1.0
シャンデラ,カシブのみ,0.8
シャンデラ,シュカのみ,0.8
シャンデラ,しろいハーブ,0.7
ルチャブル,ルチャブルナイト,51.1
ルチャブル,オボンのみ,26.4
ルチャブル,しろいハーブ,8.2
ルチャブル,きあいのタスキ,4.1
ルチャブル,ラムのみ,3.5
ルチャブル,たべのこし,1.9
ルチャブル,こだわりスカーフ,0.7
ルチャブル,おうじゃのしるし,0.6
ルチャブル,メンタルハーブ,0.5
ルチャブル,でんきだま,0.4
サメハダー,サメハダナイト,53.0
サメハダー,きあいのタスキ,39.1
サメハダー,ラムのみ,1.5
サメハダー,しんぴのしずく,1.4
サメハダー,くろいメガネ,1.2
サメハダー,おうじゃのしるし,0.6
サメハダー,メンタルハーブ,0.4
サメハダー,たべのこし,0.4
サメハダー,せんせいのツメ,0.2
サメハダー,とけないこおり,0.2
エーフィ,こだわりスカーフ,41.0
エーフィ,きあいのタスキ,22.9
エーフィ,オボンのみ,8.1
エーフィ,まがったスプーン,7.6
エーフィ,たべのこし,6.5
エーフィ,ひかりのこな,3.6
エーフィ,ナモのみ,2.3
エーフィ,カシブのみ,1.6
エーフィ,ラムのみ,1.1
エーフィ,かいがらのすず,1.0
プテラ,プテラナイト,79.9
プテラ,きあいのタスキ,13.1
プテラ,おうじゃのしるし,1.3
プテラ,こだわりスカーフ,1.2
プテラ,かたいいし,0.6
プテラ,オボンのみ,0.6
プテラ,ひかりのこな,0.5
プテラ,くろいメガネ,0.4
プテラ,ラムのみ,0.3
プテラ,ピントレンズ,0.2
イッカネズミ(3匹),おうじゃのしるし,44.8
イッカネズミ(3匹),オボンのみ,34.3
イッカネズミ(3匹),きあいのタスキ,7.3
イッカネズミ(3匹),シルクのスカーフ,5.4
イッカネズミ(3匹),こだわりスカーフ,2.1
イッカネズミ(3匹),ヨプのみ,1.5
イッカネズミ(3匹),ピントレンズ,1.0
イッカネズミ(3匹),ラムのみ,0.9
イッカネズミ(3匹),ひかりのこな,0.5
イッカネズミ(3匹),せんせいのツメ,0.4
シャワーズ,たべのこし,68.1
シャワーズ,オボンのみ,17.2
シャワーズ,カゴのみ,4.5
シャワーズ,ラムのみ,2.3
シャワーズ,しんぴのしずく,2.2
シャワーズ,ひかりのこな,1.4
シャワーズ,せんせいのツメ,1.0
シャワーズ,メンタルハーブ,0.8
シャワーズ,こだわりスカーフ,0.6
シャワーズ,ソクノのみ,0.4
ミミズズ,オボンのみ,78.4
ミミズズ,たべのこし,8.4
ミミズズ,ヨプのみ,3.3
ミミズズ,きあいのタスキ,2.5
ミミズズ,カゴのみ,2.0
ミミズズ,オッカのみ,1.1
ミミズズ,メンタルハーブ,1.1
ミミズズ,ラムのみ,0.9
ミミズズ,せんせいのツメ,0.6
ミミズズ,ひかりのこな,0.5
カイロス,カイロスナイト,97.6
カイロス,こだわりスカーフ,0.9
カイロス,きあいのタスキ,0.5
カイロス,せんせいのツメ,0.2
カイロス,でんきだま,0.1
カイロス,オボンのみ,0.1
カイロス,オッカのみ,0.1
カイロス,ヨロギのみ,0.0
カイロス,くろおび,0.0
カイロス,ヘラクロスナイト,0.0
ブリガロン,ブリガロナイト,87.3
ブリガロン,たべのこし,7.1
ブリガロン,オボンのみ,2.1
ブリガロン,ラムのみ,0.9
ブリガロン,せんせいのツメ,0.3
ブリガロン,ひかりのこな,0.3
ブリガロン,きあいのタスキ,0.2
ブリガロン,くろおび,0.2
ブリガロン,ロゼルのみ,0.2
ブリガロン,こだわりスカーフ,0.2
ジュナイパー(ヒスイ),ピントレンズ,40.0
ジュナイパー(ヒスイ),きあいのタスキ,20.6
ジュナイパー(ヒスイ),こだわりスカーフ,15.4
ジュナイパー(ヒスイ),オボンのみ,4.8
ジュナイパー(ヒスイ),ラムのみ,4.5
ジュナイパー(ヒスイ),くろおび,2.7
ジュナイパー(ヒスイ),たべのこし,2.4
ジュナイパー(ヒスイ),せんせいのツメ,2.3
ジュナイパー(ヒスイ),おうじゃのしるし,2.3
ジュナイパー(ヒスイ),ひかりのこな,2.3
ゴウカザル,きあいのタスキ,56.6
ゴウカザル,こだわりスカーフ,11.0
ゴウカザル,オボンのみ,9.2
ゴウカザル,イトケのみ,6.1
ゴウカザル,くろおび,3.3
ゴウカザル,シュカのみ,3.1
ゴウカザル,もくたん,2.9
ゴウカザル,しろいハーブ,1.5
ゴウカザル,せんせいのツメ,1.0
ゴウカザル,ラムのみ,0.9
ボスゴドラ,ボスゴドラナイト,90.4
ボスゴドラ,たべのこし,2.0
ボスゴドラ,でんきだま,1.2
ボスゴドラ,オボンのみ,0.9
ボスゴドラ,ラムのみ,0.8
ボスゴドラ,メンタルハーブ,0.5
ボスゴドラ,せんせいのツメ,0.5
ボスゴドラ,きあいのタスキ,0.4
ボスゴドラ,こだわりスカーフ,0.4
ボスゴドラ,きあいのハチマキ,0.3
チリーン,チリーンナイト,97.9
チリーン,オボンのみ,0.6
チリーン,たべのこし,0.4
チリーン,メンタルハーブ,0.2
チリーン,カシブのみ,0.1
チリーン,きあいのタスキ,0.1
チリーン,ひかりのこな,0.1
チリーン,ラムのみ,0.1
チリーン,ナモのみ,0.0
チリーン,メタルコート,0.0
ガラルヤドラン,せんせいのツメ,83.8
ガラルヤドラン,オボンのみ,4.9
ガラルヤドラン,たべのこし,4.1
ガラルヤドラン,シュカのみ,1.5
ガラルヤドラン,ナモのみ,0.9
ガラルヤドラン,きあいのタスキ,0.8
ガラルヤドラン,ひかりのこな,0.7
ガラルヤドラン,どくバリ,0.5
ガラルヤドラン,ラムのみ,0.4
ガラルヤドラン,カシブのみ,0.4
スピアー,スピアナイト,97.0
スピアー,たべのこし,1.8
スピアー,ピントレンズ,0.3
スピアー,きあいのタスキ,0.2
スピアー,こだわりスカーフ,0.2
スピアー,しろいハーブ,0.1
スピアー,オボンのみ,0.0
スピアー,カイロスナイト,0.0
スピアー,ぎんのこな,0.0
スピアー,ゲンガナイト,0.0
イダイトウ♀,こだわりスカーフ,36.8
イダイトウ♀,きあいのタスキ,21.0
イダイトウ♀,しんぴのしずく,17.7
イダイトウ♀,オボンのみ,9.7
イダイトウ♀,のろいのおふだ,6.7
イダイトウ♀,カシブのみ,3.0
イダイトウ♀,ラムのみ,1.3
イダイトウ♀,せんせいのツメ,0.9
イダイトウ♀,ナモのみ,0.6
イダイトウ♀,たべのこし,0.4
オーダイル,オーダイルナイト,92.7
オーダイル,しんぴのしずく,1.7
オーダイル,ラムのみ,1.6
オーダイル,オボンのみ,1.3
オーダイル,こだわりスカーフ,0.6
オーダイル,きあいのタスキ,0.3
オーダイル,せんせいのツメ,0.2
オーダイル,おうじゃのしるし,0.2
オーダイル,たべのこし,0.2
オーダイル,ソクノのみ,0.2
フーディン,フーディナイト,78.6
フーディン,きあいのタスキ,16.7
フーディン,こだわりスカーフ,1.8
フーディン,まがったスプーン,1.0
フーディン,ひかりのこな,0.4
フーディン,オボンのみ,0.2
フーディン,せんせいのツメ,0.1
フーディン,ナモのみ,0.1
フーディン,ラムのみ,0.1
フーディン,たべのこし,0.1
ケケンカニ,ケケンカニナイト,94.9
ケケンカニ,きあいのタスキ,3.7
ケケンカニ,くろおび,0.3
ケケンカニ,オボンのみ,0.2
ケケンカニ,せんせいのツメ,0.2
ケケンカニ,リリバのみ,0.1
ケケンカニ,ラムのみ,0.1
ケケンカニ,たべのこし,0.1
ケケンカニ,ヨプのみ,0.1
ケケンカニ,オッカのみ,0.1
ウインディ,たべのこし,34.2
ウインディ,オボンのみ,33.4
ウインディ,シュカのみ,8.1
ウインディ,もくたん,6.4
ウインディ,ラムのみ,4.9
ウインディ,こだわりスカーフ,3.3
ウインディ,ひかりのこな,1.2
ウインディ,シルクのスカーフ,1.0
ウインディ,せんせいのツメ,1.0
ウインディ,きあいのタスキ,0.9
ユキノオー,ユキノオナイト,71.7
ユキノオー,たべのこし,6.9
ユキノオー,きあいのタスキ,5.8
ユキノオー,オボンのみ,3.0
ユキノオー,とけないこおり,2.4
ユキノオー,きせきのタネ,2.0
ユキノオー,きあいのハチマキ,1.7
ユキノオー,メンタルハーブ,1.3
ユキノオー,オッカのみ,1.1
ユキノオー,せんせいのツメ,1.0
グライオン,たべのこし,27.5
グライオン,オボンのみ,20.0
グライオン,きあいのタスキ,11.9
グライオン,こだわりスカーフ,6.5
グライオン,ひかりのこな,6.0
グライオン,ヤチェのみ,4.0
グライオン,ラムのみ,3.2
グライオン,でんきだま,2.7
グライオン,やわらかいすな,2.0
グライオン,せんせいのツメ,1.7
イルカマン(ナイーブ),しんぴのしずく,42.1
イルカマン(ナイーブ),こだわりスカーフ,23.4
イルカマン(ナイーブ),たべのこし,13.7
イルカマン(ナイーブ),オボンのみ,7.5
イルカマン(ナイーブ),ラムのみ,4.9
イルカマン(ナイーブ),きあいのタスキ,1.5
イルカマン(ナイーブ),ピントレンズ,1.4
イルカマン(ナイーブ),かいがらのすず,1.0
イルカマン(ナイーブ),せんせいのツメ,0.6
イルカマン(ナイーブ),おうじゃのしるし,0.5
バクフーン(ヒスイ),こだわりスカーフ,60.8
バクフーン(ヒスイ),きあいのタスキ,17.6
バクフーン(ヒスイ),もくたん,5.9
バクフーン(ヒスイ),オボンのみ,2.7
バクフーン(ヒスイ),たべのこし,1.6
バクフーン(ヒスイ),のろいのおふだ,1.0
バクフーン(ヒスイ),せんせいのツメ,1.0
バクフーン(ヒスイ),しろいハーブ,0.6
バクフーン(ヒスイ),ひかりのこな,0.5
バクフーン(ヒスイ),ラムのみ,0.5
ピジョット,ピジョットナイト,97.8
ピジョット,こだわりスカーフ,0.5
ピジョット,オボンのみ,0.4
ピジョット,きあいのハチマキ,0.4
ピジョット,するどいくちばし,0.2
ピジョット,たべのこし,0.1
ピジョット,きあいのタスキ,0.1
ピジョット,ひかりのこな,0.0
ピジョット,せんせいのツメ,0.0
ピジョット,シルクのスカーフ,0.0
ファイアロー,するどいくちばし,24.6
ファイアロー,オボンのみ,13.7
ファイアロー,たべのこし,9.3
ファイアロー,きあいのタスキ,9.1
ファイアロー,こだわりスカーフ,2.6
ファイアロー,もくたん,1.9
ファイアロー,ヨロギのみ,1.9
ファイアロー,ひかりのこな,1.8
ファイアロー,ラムのみ,1.8
ファイアロー,おうじゃのしるし,1.8
バンバドロ,たべのこし,47.5
バンバドロ,オボンのみ,27.7
バンバドロ,カゴのみ,16.9
バンバドロ,ラムのみ,3.7
バンバドロ,せんせいのツメ,1.4
バンバドロ,かいがらのすず,0.6
バンバドロ,やわらかいすな,0.3
バンバドロ,イトケのみ,0.3
バンバドロ,ひかりのこな,0.3
バンバドロ,きあいのタスキ,0.3
エンニュート,きあいのタスキ,63.8
エンニュート,たべのこし,16.9
エンニュート,オボンのみ,4.4
エンニュート,もくたん,2.9
エンニュート,ひかりのこな,2.2
エンニュート,しろいハーブ,2.0
エンニュート,どくバリ,1.1
エンニュート,こだわりスカーフ,1.1
エンニュート,メンタルハーブ,1.0
エンニュート,シュカのみ,0.9
マニューラ,きあいのタスキ,63.2
マニューラ,こだわりスカーフ,14.7
マニューラ,とけないこおり,8.9
マニューラ,おうじゃのしるし,2.4
マニューラ,ピントレンズ,1.9
マニューラ,ラムのみ,1.4
マニューラ,オボンのみ,1.0
マニューラ,くろいメガネ,1.0
マニューラ,せんせいのツメ,0.6
マニューラ,ひかりのこな,0.5
チャーレム,チャーレムナイト,87.9
チャーレム,きあいのタスキ,6.8
チャーレム,こだわりスカーフ,3.6
チャーレム,くろおび,0.3
チャーレム,ラムのみ,0.3
チャーレム,ナモのみ,0.1
チャーレム,オボンのみ,0.1
チャーレム,せんせいのツメ,0.1
チャーレム,ピントレンズ,0.1
チャーレム,しろいハーブ,0.1
ルガルガン(たそがれ),きあいのタスキ,89.7
ルガルガン(たそがれ),かたいいし,4.4
ルガルガン(たそがれ),こだわりスカーフ,1.7
ルガルガン(たそがれ),ピントレンズ,0.5
ルガルガン(たそがれ),ラムのみ,0.4
ルガルガン(たそがれ),おうじゃのしるし,0.4
ルガルガン(たそがれ),シュカのみ,0.4
ルガルガン(たそがれ),せんせいのツメ,0.3
ルガルガン(たそがれ),オボンのみ,0.3
ルガルガン(たそがれ),ひかりのこな,0.3
ケンタロス(パルデア炎),こだわりスカーフ,24.6
ケンタロス(パルデア炎),オボンのみ,20.8
ケンタロス(パルデア炎),もくたん,18.0
ケンタロス(パルデア炎),くろおび,9.6
ケンタロス(パルデア炎),きあいのタスキ,6.3
ケンタロス(パルデア炎),たべのこし,6.0
ケンタロス(パルデア炎),シュカのみ,3.1
ケンタロス(パルデア炎),しろいハーブ,3.0
ケンタロス(パルデア炎),ラムのみ,1.8
ケンタロス(パルデア炎),イトケのみ,1.2
デンリュウ,デンリュウナイト,88.1
デンリュウ,たべのこし,2.5
デンリュウ,オボンのみ,2.2
デンリュウ,じしゃく,1.4
デンリュウ,シュカのみ,1.2
デンリュウ,カゴのみ,1.0
デンリュウ,せんせいのツメ,1.0
デンリュウ,こだわりスカーフ,0.8
デンリュウ,きあいのタスキ,0.4
デンリュウ,ひかりのこな,0.3
アリアドス,きあいのタスキ,64.8
アリアドス,ぎんのこな,18.2
アリアドス,オボンのみ,3.9
アリアドス,ピントレンズ,3.1
アリアドス,せんせいのツメ,2.3
アリアドス,メンタルハーブ,2.1
アリアドス,ひかりのこな,1.2
アリアドス,オッカのみ,0.9
アリアドス,たべのこし,0.8
アリアドス,ウタンのみ,0.5
ジャラランガ,オボンのみ,31.7
ジャラランガ,たべのこし,15.4
ジャラランガ,きあいのタスキ,11.9
ジャラランガ,ハバンのみ,9.7
ジャラランガ,ラムのみ,7.4
ジャラランガ,くろおび,4.5
ジャラランガ,りゅうのキバ,2.9
ジャラランガ,せんせいのツメ,2.2
ジャラランガ,カゴのみ,2.0
ジャラランガ,こだわりスカーフ,1.8
チルタリス,チルタリスナイト,95.2
チルタリス,たべのこし,1.5
チルタリス,オボンのみ,1.1
チルタリス,りゅうのキバ,0.3
チルタリス,こだわりスカーフ,0.3
チルタリス,カゴのみ,0.2
チルタリス,ラムのみ,0.2
チルタリス,きあいのタスキ,0.2
チルタリス,ヤチェのみ,0.1
チルタリス,するどいくちばし,0.1
ワルビアル,こだわりスカーフ,43.3
ワルビアル,きあいのタスキ,25.1
ワルビアル,オボンのみ,9.7
ワルビアル,やわらかいすな,3.8
ワルビアル,ラムのみ,3.0
ワルビアル,ヨプのみ,2.6
ワルビアル,たべのこし,2.1
ワルビアル,でんきだま,1.9
ワルビアル,くろいメガネ,1.8
ワルビアル,しろいハーブ,1.2
グレイシア,とけないこおり,54.6
グレイシア,きあいのタスキ,19.1
グレイシア,ひかりのこな,7.7
グレイシア,オボンのみ,4.9
グレイシア,たべのこし,4.6
グレイシア,こだわりスカーフ,4.4
グレイシア,せんせいのツメ,1.4
グレイシア,ラムのみ,1.0
グレイシア,ヨプのみ,0.5
グレイシア,オッカのみ,0.4
エンブオー,エンブオナイト,85.5
エンブオー,こだわりスカーフ,3.5
エンブオー,オボンのみ,1.6
エンブオー,せんせいのツメ,1.2
エンブオー,もくたん,1.0
エンブオー,きあいのタスキ,0.8
エンブオー,イトケのみ,0.5
エンブオー,たべのこし,0.4
エンブオー,シュカのみ,0.4
エンブオー,ラムのみ,0.3
ドダイトス,しろいハーブ,54.2
ドダイトス,きあいのタスキ,18.1
ドダイトス,たべのこし,8.2
ドダイトス,ラムのみ,7.2
ドダイトス,オボンのみ,3.9
ドダイトス,ヤチェのみ,2.4
ドダイトス,オッカのみ,1.3
ドダイトス,せんせいのツメ,1.1
ドダイトス,こだわりスカーフ,0.8
ドダイトス,やわらかいすな,0.6
ライボルト,ライボルトナイト,90.9
ライボルト,こだわりスカーフ,4.2
ライボルト,きあいのタスキ,1.4
ライボルト,たべのこし,0.8
ライボルト,じしゃく,0.8
ライボルト,しろいハーブ,0.4
ライボルト,くろいメガネ,0.4
ライボルト,シュカのみ,0.3
ライボルト,ピントレンズ,0.2
ライボルト,せんせいのツメ,0.1
ペロリーム,オボンのみ,49.8
ペロリーム,きあいのタスキ,27.9
ペロリーム,オレンのみ,11.1
ペロリーム,メンタルハーブ,3.1
ペロリーム,たべのこし,2.1
ペロリーム,リリバのみ,1.6
ペロリーム,ビアーのみ,1.3
ペロリーム,せんせいのツメ,0.6
ペロリーム,ひかりのこな,0.5
ペロリーム,ラムのみ,0.3
ブロスター,オボンのみ,36.0
ブロスター,せんせいのツメ,12.8
ブロスター,しんぴのしずく,12.0
ブロスター,きあいのタスキ,10.9
ブロスター,こだわりスカーフ,9.2
ブロスター,ラムのみ,5.1
ブロスター,ソクノのみ,3.4
ブロスター,リンドのみ,3.2
ブロスター,たべのこし,1.3
ブロスター,ひかりのこな,1.2
フォレトス,たべのこし,32.7
フォレトス,オボンのみ,26.1
フォレトス,メンタルハーブ,12.3
フォレトス,せんせいのツメ,6.9
フォレトス,シルクのスカーフ,4.4
フォレトス,ひかりのこな,3.7
フォレトス,ラムのみ,3.2
フォレトス,オッカのみ,2.3
フォレトス,カゴのみ,1.3
フォレトス,とけないこおり,1.3
アマージョ,こだわりスカーフ,20.2
アマージョ,オボンのみ,18.9
アマージョ,きあいのタスキ,13.6
アマージョ,ラムのみ,13.5
アマージョ,きせきのタネ,6.3
アマージョ,たべのこし,5.9
アマージョ,せんせいのツメ,4.9
アマージョ,ひかりのこな,1.8
アマージョ,かいがらのすず,1.3
アマージョ,ビアーのみ,1.2
カイリキー,せんせいのツメ,28.1
カイリキー,きあいのタスキ,13.3
カイリキー,ラムのみ,12.9
カイリキー,オボンのみ,10.5
カイリキー,ピントレンズ,9.0
カイリキー,こだわりスカーフ,8.3
カイリキー,くろおび,7.7
カイリキー,たべのこし,2.7
カイリキー,しろいハーブ,1.3
カイリキー,ひかりのこな,1.2
サンダース,きあいのタスキ,38.8
サンダース,じしゃく,24.9
サンダース,こだわりスカーフ,12.2
サンダース,シュカのみ,7.8
サンダース,ひかりのこな,4.4
サンダース,オボンのみ,3.3
サンダース,たべのこし,2.4
サンダース,ラムのみ,1.7
サンダース,おうじゃのしるし,0.7
サンダース,せんせいのツメ,0.7
コータス,オボンのみ,26.3
コータス,もくたん,20.0
コータス,たべのこし,16.4
コータス,せんせいのツメ,13.1
コータス,シュカのみ,4.4
コータス,メンタルハーブ,2.4
コータス,しろいハーブ,2.2
コータス,きあいのタスキ,1.7
コータス,ヨロギのみ,1.5
コータス,ラムのみ,1.5
デスバーン,オボンのみ,36.6
デスバーン,たべのこし,19.4
デスバーン,メンタルハーブ,14.1
デスバーン,きあいのタスキ,6.7
デスバーン,せんせいのツメ,3.7
デスバーン,カシブのみ,3.2
デスバーン,ラムのみ,2.8
デスバーン,イトケのみ,2.0
デスバーン,カゴのみ,1.7
デスバーン,ひかりのこな,1.3
キョジオーン,たべのこし,59.0
キョジオーン,オボンのみ,13.0
キョジオーン,シルクのスカーフ,12.1
キョジオーン,せんせいのツメ,4.3
キョジオーン,ひかりのこな,3.0
キョジオーン,シュカのみ,1.1
キョジオーン,ヨプのみ,0.9
キョジオーン,でんきだま,0.9
キョジオーン,かたいいし,0.8
キョジオーン,メンタルハーブ,0.8
デスカーン,たべのこし,39.4
デスカーン,オボンのみ,21.0
デスカーン,カゴのみ,10.5
デスカーン,メンタルハーブ,8.9
デスカーン,ナモのみ,4.9
デスカーン,カシブのみ,3.0
デスカーン,ラムのみ,2.8
デスカーン,せんせいのツメ,1.3
デスカーン,きあいのタスキ,1.3
デスカーン,こだわりスカーフ,1.1
アブソル,アブソルナイト,79.8
アブソル,ピントレンズ,8.7
アブソル,きあいのタスキ,7.8
アブソル,くろいメガネ,1.5
アブソル,オレンのみ,0.6
アブソル,こだわりスカーフ,0.5
アブソル,ヨプのみ,0.3
アブソル,せんせいのツメ,0.2
アブソル,ロゼルのみ,0.1
アブソル,カゴのみ,0.1
オニゴーリ,たべのこし,59.5
オニゴーリ,オニゴーリナイト,29.7
オニゴーリ,きあいのタスキ,2.4
オニゴーリ,ひかりのこな,2.2
オニゴーリ,オボンのみ,1.2
オニゴーリ,こだわりスカーフ,0.9
オニゴーリ,とけないこおり,0.7
オニゴーリ,しろいハーブ,0.4
オニゴーリ,オッカのみ,0.3
オニゴーリ,きあいのハチマキ,0.3
カットロトム,こだわりスカーフ,35.7
カットロトム,オボンのみ,22.3
カットロトム,たべのこし,10.4
カットロトム,きせきのタネ,8.8
カットロトム,しろいハーブ,8.6
カットロトム,じしゃく,6.3
カットロトム,きあいのタスキ,1.5
カットロトム,ラムのみ,1.4
カットロトム,ひかりのこな,1.0
カットロトム,オッカのみ,0.9
オンバーン,こだわりスカーフ,46.2
オンバーン,きあいのタスキ,23.3
オンバーン,しろいハーブ,14.2
オンバーン,おうじゃのしるし,3.1
オンバーン,ハバンのみ,2.8
オンバーン,オボンのみ,1.7
オンバーン,シルクのスカーフ,1.5
オンバーン,りゅうのキバ,1.4
オンバーン,ひかりのこな,1.1
オンバーン,ラムのみ,0.8
モルペコ,きあいのタスキ,86.1
モルペコ,こだわりスカーフ,6.5
モルペコ,じしゃく,1.1
モルペコ,オボンのみ,0.8
モルペコ,シュカのみ,0.7
モルペコ,ラムのみ,0.7
モルペコ,おうじゃのしるし,0.6
モルペコ,ひかりのこな,0.5
モルペコ,たべのこし,0.5
モルペコ,きあいのハチマキ,0.4
ヘルガー,ヘルガナイト,59.6
ヘルガー,きあいのタスキ,30.7
ヘルガー,こだわりスカーフ,3.6
ヘルガー,もくたん,1.3
ヘルガー,くろいメガネ,0.9
ヘルガー,たべのこし,0.6
ヘルガー,イトケのみ,0.5
ヘルガー,どくバリ,0.4
ヘルガー,オボンのみ,0.4
ヘルガー,シュカのみ,0.4
ピカチュウ,でんきだま,77.9
ピカチュウ,きあいのタスキ,19.0
ピカチュウ,こだわりスカーフ,0.2
ピカチュウ,カイリュナイト,0.2
ピカチュウ,オボンのみ,0.1
ピカチュウ,かたいいし,0.1
ピカチュウ,シュカのみ,0.1
ピカチュウ,かいがらのすず,0.0
ピカチュウ,ラムのみ,0.0
ピカチュウ,せんせいのツメ,0.0
ミカルゲ,オボンのみ,31.5
ミカルゲ,たべのこし,22.4
ミカルゲ,メンタルハーブ,11.0
ミカルゲ,ロゼルのみ,9.6
ミカルゲ,きあいのタスキ,4.8
ミカルゲ,くろいメガネ,3.7
ミカルゲ,せんせいのツメ,3.2
ミカルゲ,ひかりのこな,2.9
ミカルゲ,ラムのみ,2.5
ミカルゲ,のろいのおふだ,2.1
リキキリン,オボンのみ,36.4
リキキリン,ナモのみ,14.7
リキキリン,たべのこし,9.7
リキキリン,せんせいのツメ,7.7
リキキリン,きあいのタスキ,5.8
リキキリン,ようせいのハネ,5.2
リキキリン,ラムのみ,3.6
リキキリン,まがったスプーン,3.1
リキキリン,こだわりスカーフ,2.8
リキキリン,メンタルハーブ,2.6
ゾロアーク,きあいのタスキ,63.8
ゾロアーク,こだわりスカーフ,17.7
ゾロアーク,くろいメガネ,5.3
ゾロアーク,ひかりのこな,3.4
ゾロアーク,たべのこし,1.6
ゾロアーク,オボンのみ,1.2
ゾロアーク,おうじゃのしるし,1.0
ゾロアーク,ラムのみ,0.6
ゾロアーク,ピントレンズ,0.6
ゾロアーク,せんせいのツメ,0.6
ドクロッグ,きあいのタスキ,56.4
ドクロッグ,こだわりスカーフ,7.1
ドクロッグ,シュカのみ,6.7
ドクロッグ,オボンのみ,4.9
ドクロッグ,くろおび,4.8
ドクロッグ,ラムのみ,4.1
ドクロッグ,たべのこし,3.1
ドクロッグ,せんせいのツメ,2.8
ドクロッグ,くろいメガネ,2.0
ドクロッグ,しろいハーブ,1.8
クレッフィ,たべのこし,40.3
クレッフィ,オボンのみ,14.5
クレッフィ,メンタルハーブ,14.0
クレッフィ,きあいのタスキ,5.8
クレッフィ,シュカのみ,3.9
クレッフィ,こだわりスカーフ,3.3
クレッフィ,ようせいのハネ,3.0
クレッフィ,メタルコート,2.8
クレッフィ,ひかりのこな,2.8
クレッフィ,オッカのみ,2.6
ジジーロン,ジジーロナイト,73.7
ジジーロン,オボンのみ,7.8
ジジーロン,しろいハーブ,5.4
ジジーロン,せんせいのツメ,2.9
ジジーロン,きあいのタスキ,2.5
ジジーロン,たべのこし,2.1
ジジーロン,ハバンのみ,1.7
ジジーロン,りゅうのキバ,0.5
ジジーロン,シルクのスカーフ,0.4
ジジーロン,カゴのみ,0.3
ロズレイド,こだわりスカーフ,22.7
ロズレイド,たべのこし,22.4
ロズレイド,きあいのタスキ,15.5
ロズレイド,オボンのみ,13.4
ロズレイド,しろいハーブ,5.1
ロズレイド,きせきのタネ,4.8
ロズレイド,ヤチェのみ,3.6
ロズレイド,せんせいのツメ,3.1
ロズレイド,ひかりのこな,2.1
ロズレイド,ラムのみ,1.6
ニョロトノ,オボンのみ,29.2
ニョロトノ,しんぴのしずく,16.3
ニョロトノ,たべのこし,12.0
ニョロトノ,せんせいのツメ,8.3
ニョロトノ,こだわりスカーフ,6.7
ニョロトノ,きあいのタスキ,6.7
ニョロトノ,ラムのみ,3.9
ニョロトノ,ソクノのみ,2.6
ニョロトノ,ひかりのこな,2.4
ニョロトノ,でんきだま,2.3
ヤドキング,オボンのみ,41.6
ヤドキング,たべのこし,32.4
ヤドキング,ラムのみ,3.7
ヤドキング,メンタルハーブ,3.2
ヤドキング,せんせいのツメ,2.5
ヤドキング,カシブのみ,2.4
ヤドキング,ひかりのこな,1.8
ヤドキング,しんぴのしずく,1.5
ヤドキング,ナモのみ,1.2
ヤドキング,きあいのタスキ,0.8
ドサイドン,きあいのタスキ,20.0
ドサイドン,せんせいのツメ,16.4
ドサイドン,オボンのみ,15.2
ドサイドン,イトケのみ,13.4
ドサイドン,ラムのみ,7.6
ドサイドン,たべのこし,6.2
ドサイドン,リンドのみ,5.8
ドサイドン,やわらかいすな,3.6
ドサイドン,ピントレンズ,2.6
ドサイドン,かたいいし,2.3
ゴロンダ,きあいのタスキ,41.4
ゴロンダ,ヨプのみ,20.4
ゴロンダ,ラムのみ,7.0
ゴロンダ,オボンのみ,6.3
ゴロンダ,くろおび,6.1
ゴロンダ,こだわりスカーフ,3.8
ゴロンダ,ロゼルのみ,2.7
ゴロンダ,たべのこし,2.3
ゴロンダ,せんせいのツメ,2.3
ゴロンダ,くろいメガネ,1.8
カミツオロチ,たべのこし,21.1
カミツオロチ,オボンのみ,17.2
カミツオロチ,ハバンのみ,11.9
カミツオロチ,せんせいのツメ,11.2
カミツオロチ,きあいのタスキ,8.0
カミツオロチ,ヤチェのみ,7.3
カミツオロチ,ラムのみ,5.5
カミツオロチ,りゅうのキバ,3.8
カミツオロチ,しろいハーブ,3.4
カミツオロチ,きせきのタネ,2.7
ハガネール,ハガネールナイト,44.5
ハガネール,たべのこし,18.3
ハガネール,オボンのみ,10.9
ハガネール,せんせいのツメ,9.7
ハガネール,ひかりのこな,4.0
ハガネール,ラムのみ,2.5
ハガネール,カゴのみ,1.5
ハガネール,やわらかいすな,1.1
ハガネール,しろいハーブ,1.0
ハガネール,ヨプのみ,1.0
ヌメルゴン,たべのこし,26.6
ヌメルゴン,オボンのみ,23.3
ヌメルゴン,ハバンのみ,11.5
ヌメルゴン,しろいハーブ,8.7
ヌメルゴン,カゴのみ,5.3
ヌメルゴン,せんせいのツメ,5.1
ヌメルゴン,ラムのみ,3.9
ヌメルゴン,りゅうのキバ,3.7
ヌメルゴン,ひかりのこな,2.3
ヌメルゴン,きあいのタスキ,2.3
キュウコン,きあいのタスキ,30.5
キュウコン,シュカのみ,20.0
キュウコン,もくたん,10.2
キュウコン,オボンのみ,9.9
キュウコン,こだわりスカーフ,7.8
キュウコン,たべのこし,6.9
キュウコン,しろいハーブ,3.5
キュウコン,ひかりのこな,2.3
キュウコン,メンタルハーブ,1.6
キュウコン,イトケのみ,1.6
ランクルス,たべのこし,43.9
ランクルス,オボンのみ,17.8
ランクルス,きあいのタスキ,7.7
ランクルス,ひかりのこな,5.9
ランクルス,まがったスプーン,5.5
ランクルス,せんせいのツメ,4.1
ランクルス,カシブのみ,3.8
ランクルス,ナモのみ,2.8
ランクルス,ラムのみ,2.2
ランクルス,メンタルハーブ,1.6
ゴルーグ,ゴルーグナイト,61.4
ゴルーグ,こだわりスカーフ,9.1
ゴルーグ,きあいのタスキ,6.5
ゴルーグ,やわらかいすな,4.3
ゴルーグ,オボンのみ,4.3
ゴルーグ,せんせいのツメ,3.8
ゴルーグ,しろいハーブ,1.7
ゴルーグ,ラムのみ,1.4
ゴルーグ,のろいのおふだ,1.0
ゴルーグ,たべのこし,0.9
マホイップ,たべのこし,59.0
マホイップ,オボンのみ,17.5
マホイップ,ようせいのハネ,4.7
マホイップ,ひかりのこな,4.4
マホイップ,リリバのみ,4.3
マホイップ,ラムのみ,3.0
マホイップ,せんせいのツメ,2.7
マホイップ,かいがらのすず,1.0
マホイップ,ビアーのみ,0.9
マホイップ,きあいのタスキ,0.7
バクフーン,こだわりスカーフ,43.4
バクフーン,きあいのタスキ,25.0
バクフーン,もくたん,14.7
バクフーン,オボンのみ,3.5
バクフーン,ひかりのこな,3.0
バクフーン,たべのこし,2.2
バクフーン,せんせいのツメ,2.0
バクフーン,しろいハーブ,1.5
バクフーン,かたいいし,0.9
バクフーン,シュカのみ,0.6
オーロット,オボンのみ,86.8
オーロット,ラムのみ,4.9
オーロット,たべのこし,2.0
オーロット,きあいのタスキ,1.9
オーロット,カゴのみ,1.4
オーロット,ナモのみ,0.7
オーロット,カシブのみ,0.5
オーロット,オッカのみ,0.4
オーロット,こだわりスカーフ,0.3
オーロット,きせきのタネ,0.2
バクーダ,バクーダナイト,92.8
バクーダ,オボンのみ,1.7
バクーダ,きあいのタスキ,1.2
バクーダ,イトケのみ,1.0
バクーダ,たべのこし,0.7
バクーダ,せんせいのツメ,0.6
バクーダ,ラムのみ,0.3
バクーダ,もくたん,0.3
バクーダ,やわらかいすな,0.2
バクーダ,シュカのみ,0.2
サダイジャ,きあいのタスキ,50.6
サダイジャ,オボンのみ,15.6
サダイジャ,たべのこし,14.4
サダイジャ,ひかりのこな,7.4
サダイジャ,せんせいのツメ,2.3
サダイジャ,メンタルハーブ,2.2
サダイジャ,カゴのみ,1.5
サダイジャ,イトケのみ,1.2
サダイジャ,ラムのみ,1.2
サダイジャ,こだわりスカーフ,0.9
ケンタロス(パルデア水),オボンのみ,25.0
ケンタロス(パルデア水),こだわりスカーフ,17.1
ケンタロス(パルデア水),しんぴのしずく,12.3
ケンタロス(パルデア水),きあいのタスキ,10.8
ケンタロス(パルデア水),ラムのみ,8.2
ケンタロス(パルデア水),くろおび,6.0
ケンタロス(パルデア水),たべのこし,5.9
ケンタロス(パルデア水),しろいハーブ,4.4
ケンタロス(パルデア水),リンドのみ,1.7
ケンタロス(パルデア水),せんせいのツメ,1.7
ニャオニクス♂,ニャオニクスナイト,51.8
ニャオニクス♂,きあいのタスキ,11.4
ニャオニクス♂,オボンのみ,10.1
ニャオニクス♂,たべのこし,5.8
ニャオニクス♂,メンタルハーブ,5.6
ニャオニクス♂,こだわりスカーフ,2.9
ニャオニクス♂,ラムのみ,2.1
ニャオニクス♂,ナモのみ,1.8
ニャオニクス♂,ひかりのこな,1.8
ニャオニクス♂,ようせいのハネ,1.5
クレベース,たべのこし,36.8
クレベース,オボンのみ,24.5
クレベース,せんせいのツメ,11.0
クレベース,ラムのみ,7.5
クレベース,とけないこおり,6.4
クレベース,ひかりのこな,3.5
クレベース,きあいのハチマキ,2.6
クレベース,ヨプのみ,2.3
クレベース,ピントレンズ,1.4
クレベース,くろおび,0.8
ガチゴラス,こだわりスカーフ,45.8
ガチゴラス,きあいのタスキ,17.5
ガチゴラス,かたいいし,9.1
ガチゴラス,ラムのみ,6.8
ガチゴラス,オボンのみ,3.9
ガチゴラス,せんせいのツメ,2.9
ガチゴラス,きあいのハチマキ,2.6
ガチゴラス,ハバンのみ,1.6
ガチゴラス,シュカのみ,1.5
ガチゴラス,しろいハーブ,1.3
レントラー,オボンのみ,29.7
レントラー,シュカのみ,25.9
レントラー,こだわりスカーフ,11.6
レントラー,せんせいのツメ,9.9
レントラー,たべのこし,6.6
レントラー,じしゃく,4.7
レントラー,きあいのタスキ,3.2
レントラー,ひかりのこな,2.4
レントラー,とけないこおり,2.1
レントラー,しろいハーブ,1.4
リーフィア,たべのこし,22.1
リーフィア,きせきのタネ,16.4
リーフィア,オボンのみ,14.3
リーフィア,きあいのタスキ,11.8
リーフィア,こだわりスカーフ,11.2
リーフィア,ラムのみ,5.9
リーフィア,ひかりのこな,5.4
リーフィア,ピントレンズ,3.1
リーフィア,メンタルハーブ,1.2
リーフィア,かいがらのすず,1.1
トリデプス,たべのこし,52.5
トリデプス,オボンのみ,17.4
トリデプス,せんせいのツメ,6.2
トリデプス,ヨプのみ,4.5
トリデプス,カゴのみ,3.0
トリデプス,ラムのみ,2.8
トリデプス,シュカのみ,2.8
トリデプス,メンタルハーブ,2.8
トリデプス,ひかりのこな,2.1
トリデプス,きあいのタスキ,1.5
フラージェス,たべのこし,47.3
フラージェス,オボンのみ,24.4
フラージェス,ようせいのハネ,10.3
フラージェス,こだわりスカーフ,5.0
フラージェス,ラムのみ,3.1
フラージェス,せんせいのツメ,2.1
フラージェス,ひかりのこな,2.1
フラージェス,ビアーのみ,0.9
フラージェス,リリバのみ,0.7
フラージェス,カゴのみ,0.7
アヤシシ,たべのこし,38.2
アヤシシ,オボンのみ,27.8
アヤシシ,こだわりスカーフ,5.8
アヤシシ,カゴのみ,5.1
アヤシシ,せんせいのツメ,4.9
アヤシシ,ナモのみ,3.6
アヤシシ,ラムのみ,3.6
アヤシシ,ひかりのこな,3.2
アヤシシ,まがったスプーン,1.9
アヤシシ,きあいのタスキ,1.7
マッギョ,オボンのみ,40.2
マッギョ,たべのこし,20.2
マッギョ,せんせいのツメ,10.0
マッギョ,ひかりのこな,4.9
マッギョ,シュカのみ,4.5
マッギョ,イトケのみ,4.1
マッギョ,やわらかいすな,3.7
マッギョ,メンタルハーブ,3.1
マッギョ,きあいのタスキ,2.6
マッギョ,じしゃく,1.6
エモンガ,きあいのタスキ,55.3
エモンガ,オボンのみ,8.9
エモンガ,ひかりのこな,8.2
エモンガ,たべのこし,5.3
エモンガ,おうじゃのしるし,4.5
エモンガ,でんきだま,2.2
エモンガ,じしゃく,2.0
エモンガ,こだわりスカーフ,1.7
エモンガ,メンタルハーブ,1.5
エモンガ,ラムのみ,1.5
アマルルガ,きあいのタスキ,45.1
アマルルガ,オボンのみ,14.5
アマルルガ,ヨプのみ,5.7
アマルルガ,とけないこおり,5.6
アマルルガ,せんせいのツメ,5.3
アマルルガ,たべのこし,4.8
アマルルガ,リリバのみ,3.9
アマルルガ,こだわりスカーフ,3.9
アマルルガ,ラムのみ,1.9
アマルルガ,シュカのみ,1.8
ブースター,もくたん,22.9
ブースター,きあいのタスキ,17.6
ブースター,オボンのみ,17.0
ブースター,たべのこし,10.0
ブースター,せんせいのツメ,8.0
ブースター,こだわりスカーフ,5.5
ブースター,ピントレンズ,4.1
ブースター,シュカのみ,3.6
ブースター,しろいハーブ,2.6
ブースター,ラムのみ,1.7
アーボック,オボンのみ,20.3
アーボック,きあいのタスキ,17.3
アーボック,シュカのみ,16.5
アーボック,こだわりスカーフ,13.1
アーボック,たべのこし,10.4
アーボック,どくバリ,8.1
アーボック,ひかりのこな,3.1
アーボック,きあいのハチマキ,2.7
アーボック,せんせいのツメ,1.8
アーボック,メンタルハーブ,1.4
クレベース(ヒスイ),せんせいのツメ,39.6
クレベース(ヒスイ),ラムのみ,15.9
クレベース(ヒスイ),オボンのみ,11.0
クレベース(ヒスイ),たべのこし,9.4
クレベース(ヒスイ),とけないこおり,9.1
クレベース(ヒスイ),おうじゃのしるし,3.6
クレベース(ヒスイ),かたいいし,2.3
クレベース(ヒスイ),ヨプのみ,1.8
クレベース(ヒスイ),ひかりのこな,1.2
クレベース(ヒスイ),きあいのタスキ,1.0
フロストロトム,こだわりスカーフ,44.4
フロストロトム,オボンのみ,19.1
フロストロトム,たべのこし,8.8
フロストロトム,ヨプのみ,5.6
フロストロトム,きあいのタスキ,3.7
フロストロトム,じしゃく,3.7
フロストロトム,せんせいのツメ,3.6
フロストロトム,とけないこおり,2.7
フロストロトム,ラムのみ,2.7
フロストロトム,オッカのみ,1.8
パンプジン(特大),たべのこし,35.9
パンプジン(特大),オボンのみ,19.2
パンプジン(特大),きあいのタスキ,13.4
パンプジン(特大),カシブのみ,5.7
パンプジン(特大),シルクのスカーフ,4.1
パンプジン(特大),のろいのおふだ,3.2
パンプジン(特大),ナモのみ,3.2
パンプジン(特大),メンタルハーブ,2.9
パンプジン(特大),こだわりスカーフ,2.1
パンプジン(特大),オッカのみ,2.0
アローラライチュウ,きあいのタスキ,55.5
アローラライチュウ,じしゃく,13.7
アローラライチュウ,こだわりスカーフ,7.4
アローラライチュウ,オボンのみ,2.3
アローラライチュウ,シュカのみ,2.2
アローラライチュウ,ひかりのこな,2.0
アローラライチュウ,たべのこし,1.7
アローラライチュウ,ラムのみ,1.2
アローラライチュウ,せんせいのツメ,1.2
アローラライチュウ,おうじゃのしるし,0.9
タブンネ,タブンネナイト,54.3
タブンネ,オボンのみ,18.8
タブンネ,ヨプのみ,9.8
タブンネ,たべのこし,7.3
タブンネ,メンタルハーブ,5.2
タブンネ,きあいのタスキ,1.3
タブンネ,ラムのみ,0.6
タブンネ,ひかりのこな,0.5
タブンネ,せんせいのツメ,0.5
タブンネ,どくバリ,0.3
ジュナイパー,オボンのみ,21.7
ジュナイパー,たべのこし,16.1
ジュナイパー,きあいのタスキ,14.2
ジュナイパー,ラムのみ,12.4
ジュナイパー,のろいのおふだ,5.7
ジュナイパー,こだわりスカーフ,5.2
ジュナイパー,カシブのみ,4.5
ジュナイパー,ピントレンズ,4.5
ジュナイパー,せんせいのツメ,2.7
ジュナイパー,ひかりのこな,2.5
レパルダス,きあいのタスキ,38.6
レパルダス,ひかりのこな,27.5
レパルダス,たべのこし,9.2
レパルダス,オボンのみ,6.5
レパルダス,メンタルハーブ,4.2
レパルダス,ヨプのみ,2.6
レパルダス,こだわりスカーフ,2.3
レパルダス,くろいメガネ,2.0
レパルダス,ラムのみ,1.6
レパルダス,きあいのハチマキ,1.1
ライチュウ,きあいのタスキ,56.4
ライチュウ,じしゃく,12.4
ライチュウ,シュカのみ,5.6
ライチュウ,こだわりスカーフ,5.1
ライチュウ,ひかりのこな,3.3
ライチュウ,オボンのみ,2.3
ライチュウ,ラムのみ,2.1
ライチュウ,せんせいのツメ,1.6
ライチュウ,でんきだま,1.5
ライチュウ,きあいのハチマキ,1.2
ガラルマッギョ,たべのこし,45.3
ガラルマッギョ,オボンのみ,20.5
ガラルマッギョ,せんせいのツメ,8.7
ガラルマッギョ,きあいのタスキ,4.8
ガラルマッギョ,シュカのみ,3.1
ガラルマッギョ,かいがらのすず,3.0
ガラルマッギョ,きあいのハチマキ,2.9
ガラルマッギョ,ひかりのこな,2.6
ガラルマッギョ,オッカのみ,1.6
ガラルマッギョ,ラムのみ,1.5
スピンロトム,オボンのみ,30.3
スピンロトム,こだわりスカーフ,22.8
スピンロトム,たべのこし,22.4
スピンロトム,じしゃく,9.5
スピンロトム,きあいのタスキ,2.2
スピンロトム,ヨロギのみ,1.8
スピンロトム,ひかりのこな,1.6
スピンロトム,するどいくちばし,1.4
スピンロトム,ヤチェのみ,1.3
スピンロトム,おうじゃのしるし,1.0
デデンネ,オボンのみ,53.7
デデンネ,きあいのタスキ,21.6
デデンネ,こだわりスカーフ,10.9
デデンネ,シュカのみ,4.0
デデンネ,じしゃく,3.8
デデンネ,ゲッコウガナイト,1.0
デデンネ,ビアーのみ,0.9
デデンネ,ラムのみ,0.6
デデンネ,ようせいのハネ,0.5
デデンネ,ライボルトナイト,0.4
バリコオル,きあいのタスキ,39.4
バリコオル,オボンのみ,15.2
バリコオル,とけないこおり,9.4
バリコオル,たべのこし,7.3
バリコオル,こだわりスカーフ,5.4
バリコオル,せんせいのツメ,4.2
バリコオル,ラムのみ,4.1
バリコオル,オッカのみ,3.5
バリコオル,ひかりのこな,2.6
バリコオル,リリバのみ,1.2
ニャオニクス♀,ニャオニクスナイト,90.7
ニャオニクス♀,こだわりスカーフ,2.7
ニャオニクス♀,きあいのタスキ,2.0
ニャオニクス♀,まがったスプーン,0.8
ニャオニクス♀,たべのこし,0.8
ニャオニクス♀,ラムのみ,0.5
ニャオニクス♀,メンタルハーブ,0.4
ニャオニクス♀,カシブのみ,0.4
ニャオニクス♀,オボンのみ,0.3
ニャオニクス♀,せんせいのツメ,0.3
ダストダス,でんきだま,24.9
ダストダス,きあいのタスキ,20.0
ダストダス,オボンのみ,11.3
ダストダス,シュカのみ,9.1
ダストダス,たべのこし,7.2
ダストダス,どくバリ,6.5
ダストダス,シルクのスカーフ,5.8
ダストダス,せんせいのツメ,3.9
ダストダス,ウタンのみ,2.4
ダストダス,しろいハーブ,2.1
ラムパルド,こだわりスカーフ,51.6
ラムパルド,きあいのタスキ,20.3
ラムパルド,かたいいし,11.6
ラムパルド,せんせいのツメ,4.3
ラムパルド,ラムのみ,3.6
ラムパルド,オボンのみ,2.2
ラムパルド,たべのこし,1.0
ラムパルド,やわらかいすな,0.8
ラムパルド,イトケのみ,0.8
ラムパルド,かいがらのすず,0.6
ツンベアー,きあいのタスキ,30.6
ツンベアー,ラムのみ,16.5
ツンベアー,とけないこおり,13.2
ツンベアー,オボンのみ,8.4
ツンベアー,たべのこし,5.2
ツンベアー,おうじゃのしるし,4.3
ツンベアー,ひかりのこな,3.9
ツンベアー,ヨプのみ,3.7
ツンベアー,こだわりスカーフ,3.1
ツンベアー,しろいハーブ,2.0
トリミアン,たべのこし,47.0
トリミアン,オボンのみ,18.6
トリミアン,カゴのみ,6.9
トリミアン,ヨプのみ,6.8
トリミアン,きあいのタスキ,5.4
トリミアン,こだわりスカーフ,3.6
トリミアン,ひかりのこな,2.4
トリミアン,ラムのみ,1.8
トリミアン,メンタルハーブ,1.7
トリミアン,シルクのスカーフ,1.7
ルガルガン(まひる),きあいのタスキ,88.0
ルガルガン(まひる),かたいいし,2.9
ルガルガン(まひる),おうじゃのしるし,1.6
ルガルガン(まひる),オボンのみ,1.2
ルガルガン(まひる),ラムのみ,1.1
ルガルガン(まひる),くろおび,1.0
ルガルガン(まひる),こだわりスカーフ,1.0
ルガルガン(まひる),せんせいのツメ,0.7
ルガルガン(まひる),ひかりのこな,0.6
ルガルガン(まひる),ピントレンズ,0.5
タルップル,たべのこし,40.6
タルップル,オボンのみ,33.9
タルップル,ハバンのみ,4.6
タルップル,せんせいのツメ,4.1
タルップル,しろいハーブ,3.2
タルップル,ヤチェのみ,3.1
タルップル,ラムのみ,2.7
タルップル,ひかりのこな,2.1
タルップル,カゴのみ,1.4
タルップル,きせきのタネ,0.6
ヒヤッキー,きあいのタスキ,36.9
ヒヤッキー,しんぴのしずく,25.8
ヒヤッキー,こだわりスカーフ,12.6
ヒヤッキー,オボンのみ,7.1
ヒヤッキー,ひかりのこな,3.1
ヒヤッキー,とけないこおり,1.8
ヒヤッキー,ソクノのみ,1.5
ヒヤッキー,リンドのみ,1.5
ヒヤッキー,せんせいのツメ,1.3
ヒヤッキー,ラムのみ,1.3
ルガルガン(まよなか),きあいのタスキ,60.4
ルガルガン(まよなか),こだわりスカーフ,20.3
ルガルガン(まよなか),ピントレンズ,5.2
ルガルガン(まよなか),しろいハーブ,3.1
ルガルガン(まよなか),ひかりのこな,2.0
ルガルガン(まよなか),でんきだま,1.7
ルガルガン(まよなか),ヨプのみ,1.7
ルガルガン(まよなか),せんせいのツメ,0.8
ルガルガン(まよなか),かたいいし,0.8
ルガルガン(まよなか),くろいメガネ,0.8
ナゲツケサル,こだわりスカーフ,20.2
ナゲツケサル,でんきだま,11.1
ナゲツケサル,きあいのタスキ,10.8
ナゲツケサル,もくたん,8.9
ナゲツケサル,せんせいのツメ,8.3
ナゲツケサル,ひかりのこな,7.6
ナゲツケサル,くろおび,6.9
ナゲツケサル,ラムのみ,6.0
ナゲツケサル,オボンのみ,5.5
ナゲツケサル,たべのこし,5.1
パンプジン(普通),せんせいのツメ,43.6
パンプジン(普通),こだわりスカーフ,23.8
パンプジン(普通),オボンのみ,12.0
パンプジン(普通),たべのこし,7.2
パンプジン(普通),きあいのタスキ,3.5
パンプジン(普通),のろいのおふだ,1.9
パンプジン(普通),ひかりのこな,1.8
パンプジン(普通),カシブのみ,1.2
パンプジン(普通),メンタルハーブ,0.8
パンプジン(普通),バコウのみ,0.6
ケンタロス,フーディナイト,34.0
ケンタロス,こだわりスカーフ,24.7
ケンタロス,シルクのスカーフ,8.6
ケンタロス,オボンのみ,7.9
ケンタロス,きあいのタスキ,6.0
ケンタロス,ヨプのみ,3.0
ケンタロス,せんせいのツメ,2.6
ケンタロス,ラムのみ,2.0
ケンタロス,かいがらのすず,1.9
ケンタロス,とけないこおり,1.6
アップリュー,きあいのタスキ,41.5
アップリュー,こだわりスカーフ,29.3
アップリュー,オボンのみ,9.7
アップリュー,きせきのタネ,5.1
アップリュー,ラムのみ,3.2
アップリュー,ヤチェのみ,2.8
アップリュー,せんせいのツメ,2.1
アップリュー,ピントレンズ,1.4
アップリュー,くろいメガネ,1.0
アップリュー,ハバンのみ,0.7
バオッキー,きあいのタスキ,49.0
バオッキー,もくたん,14.3
バオッキー,こだわりスカーフ,12.2
バオッキー,オボンのみ,9.9
バオッキー,きあいのハチマキ,4.0
バオッキー,イトケのみ,1.7
バオッキー,リザードナイトＸ,1.4
バオッキー,しろいハーブ,0.9
バオッキー,ラムのみ,0.7
バオッキー,せんせいのツメ,0.7
ヤレユータン,たべのこし,28.5
ヤレユータン,オボンのみ,22.9
ヤレユータン,ラムのみ,9.4
ヤレユータン,まがったスプーン,5.1
ヤレユータン,ナモのみ,5.0
ヤレユータン,メンタルハーブ,5.0
ヤレユータン,くろおび,4.0
ヤレユータン,きあいのタスキ,3.6
ヤレユータン,せんせいのツメ,3.5
ヤレユータン,ひかりのこな,2.2
ポワルン,メガニウムナイト,27.2
ポワルン,きあいのタスキ,23.1
ポワルン,こだわりスカーフ,17.2
ポワルン,オボンのみ,9.2
ポワルン,ひかりのこな,8.9
ポワルン,カゴのみ,3.3
ポワルン,たべのこし,2.7
ポワルン,せんせいのツメ,1.8
ポワルン,しんぴのしずく,1.0
ポワルン,ヨプのみ,0.9
ヤナッキー,きあいのタスキ,49.6
ヤナッキー,きせきのタネ,7.5
ヤナッキー,オボンのみ,7.5
ヤナッキー,こだわりスカーフ,6.0
ヤナッキー,おうじゃのしるし,5.6
ヤナッキー,しろいハーブ,4.8
ヤナッキー,せんせいのツメ,3.7
ヤナッキー,オッカのみ,2.2
ヤナッキー,ラムのみ,1.9
ヤナッキー,たべのこし,1.8
ダイケンキ,オボンのみ,33.6
ダイケンキ,しんぴのしずく,12.9
ダイケンキ,きあいのタスキ,12.0
ダイケンキ,たべのこし,10.0
ダイケンキ,リンドのみ,4.7
ダイケンキ,とけないこおり,4.1
ダイケンキ,かいがらのすず,3.7
ダイケンキ,ラムのみ,3.3
ダイケンキ,ピントレンズ,3.2
ダイケンキ,でんきだま,3.1
フレフワン,オボンのみ,46.2
フレフワン,たべのこし,12.4
フレフワン,ようせいのハネ,9.2
フレフワン,リリバのみ,8.7
フレフワン,きあいのタスキ,8.5
フレフワン,ラムのみ,3.1
フレフワン,ひかりのこな,2.5
フレフワン,ビアーのみ,2.5
フレフワン,メタルコート,1.8
フレフワン,せんせいのツメ,1.7
ミルホッグ,きあいのタスキ,29.5
ミルホッグ,シルクのスカーフ,19.8
ミルホッグ,ひかりのこな,13.9
ミルホッグ,きあいのハチマキ,8.4
ミルホッグ,せんせいのツメ,7.2
ミルホッグ,オボンのみ,4.2
ミルホッグ,じしゃく,3.0
ミルホッグ,どくバリ,2.8
ミルホッグ,ヨプのみ,2.6
ミルホッグ,ピントレンズ,1.2
ロトム,シュカのみ,49.6
ロトム,こだわりスカーフ,18.1
ロトム,きあいのタスキ,12.7
ロトム,じしゃく,4.4
ロトム,オボンのみ,4.3
ロトム,たべのこし,3.1
ロトム,ひかりのこな,1.4
ロトム,カシブのみ,1.0
ロトム,のろいのおふだ,0.9
ロトム,ナモのみ,0.8
パンプジン(小),こだわりスカーフ,48.7
パンプジン(小),たべのこし,17.6
パンプジン(小),きあいのタスキ,15.7
パンプジン(小),オボンのみ,6.5
パンプジン(小),のろいのおふだ,3.7
パンプジン(小),ひかりのこな,3.2
パンプジン(小),カシブのみ,1.1
パンプジン(小),ラムのみ,0.6
パンプジン(小),シルクのスカーフ,0.5
パンプジン(小),オッカのみ,0.5
パンプジン(大),オボンのみ,33.9
パンプジン(大),たべのこし,21.9
パンプジン(大),ひかりのこな,13.9
パンプジン(大),きあいのタスキ,7.6
パンプジン(大),のろいのおふだ,6.9
パンプジン(大),こだわりスカーフ,4.1
パンプジン(大),シルクのスカーフ,3.0
パンプジン(大),カシブのみ,1.7
パンプジン(大),せんせいのツメ,1.0
パンプジン(大),ナモのみ,1.0
ケンタロス(パルデア単),オボンのみ,29.3
ケンタロス(パルデア単),こだわりスカーフ,28.5
ケンタロス(パルデア単),ラムのみ,10.9
ケンタロス(パルデア単),くろおび,7.2
ケンタロス(パルデア単),きあいのタスキ,5.4
ケンタロス(パルデア単),たべのこし,2.7
ケンタロス(パルデア単),おうじゃのしるし,2.1
ケンタロス(パルデア単),せんせいのツメ,1.9
ケンタロス(パルデア単),しろいハーブ,1.8
ケンタロス(パルデア単),ピントレンズ,1.4
