ガブリアス,ようき,51.7
ガブリアス,いじっぱり,34.5
ガブリアス,わんぱく,10.8
ガブリアス,しんちょう,1.5
ガブリアス,むじゃき,0.4
ガブリアス,ずぶとい,0.2
ガブリアス,やんちゃ,0.2
ガブリアス,せっかち,0.1
ガブリアス,おくびょう,0.1
ガブリアス,ひかえめ,0.1
ブリジュラス,ひかえめ,40.8
ブリジュラス,ずぶとい,27.4
ブリジュラス,おだやか,13.8
ブリジュラス,おくびょう,9.0
ブリジュラス,しんちょう,3.7
ブリジュラス,わんぱく,1.7
ブリジュラス,のんき,1.0
ブリジュラス,なまいき,0.9
ブリジュラス,うっかりや,0.7
ブリジュラス,れいせい,0.4
マスカーニャ,いじっぱり,46.7
マスカーニャ,ようき,45.1
マスカーニャ,うっかりや,3.1
マスカーニャ,むじゃき,1.6
マスカーニャ,ひかえめ,1.0
マスカーニャ,やんちゃ,0.8
マスカーニャ,せっかち,0.5
マスカーニャ,おくびょう,0.4
マスカーニャ,さみしがり,0.2
マスカーニャ,おっとり,0.2
アシレーヌ,ひかえめ,64.9
アシレーヌ,ずぶとい,13.3
アシレーヌ,れいせい,12.9
アシレーヌ,おだやか,3.3
アシレーヌ,のんき,1.9
アシレーヌ,おっとり,1.3
アシレーヌ,おくびょう,1.2
アシレーヌ,なまいき,0.7
アシレーヌ,うっかりや,0.4
アシレーヌ,せっかち,0.1
リザードン,ひかえめ,32.8
リザードン,おくびょう,30.0
リザードン,いじっぱり,17.6
リザードン,ようき,16.7
リザードン,ずぶとい,0.9
リザードン,わんぱく,0.6
リザードン,せっかち,0.3
リザードン,おっとり,0.3
リザードン,むじゃき,0.2
リザードン,おだやか,0.1
アーマーガア,わんぱく,47.8
アーマーガア,のんき,29.2
アーマーガア,しんちょう,15.7
アーマーガア,なまいき,4.0
アーマーガア,いじっぱり,1.3
アーマーガア,ずぶとい,1.1
アーマーガア,ようき,0.3
アーマーガア,おだやか,0.2
アーマーガア,ゆうかん,0.1
アーマーガア,のうてんき,0.0
カバルドン,わんぱく,74.1
カバルドン,しんちょう,16.9
カバルドン,のんき,5.0
カバルドン,いじっぱり,1.3
カバルドン,なまいき,1.0
カバルドン,ずぶとい,0.9
カバルドン,おだやか,0.3
カバルドン,ゆうかん,0.2
カバルドン,おくびょう,0.1
カバルドン,ようき,0.1
イダイトウ♂,ようき,66.9
イダイトウ♂,いじっぱり,31.9
イダイトウ♂,ゆうかん,0.2
イダイトウ♂,さみしがり,0.2
イダイトウ♂,やんちゃ,0.2
イダイトウ♂,せっかち,0.2
イダイトウ♂,むじゃき,0.1
イダイトウ♂,わんぱく,0.1
イダイトウ♂,おくびょう,0.1
イダイトウ♂,しんちょう,0.0
ルカリオ,ようき,66.5
ルカリオ,おくびょう,19.0
ルカリオ,ひかえめ,6.5
ルカリオ,いじっぱり,4.9
ルカリオ,むじゃき,1.7
ルカリオ,せっかち,0.5
ルカリオ,うっかりや,0.3
ルカリオ,やんちゃ,0.1
ルカリオ,おっとり,0.1
ルカリオ,さみしがり,0.1
ゲンガー,おくびょう,68.0
ゲンガー,ひかえめ,30.5
ゲンガー,むじゃき,0.3
ゲンガー,おだやか,0.3
ゲンガー,せっかち,0.2
ゲンガー,ずぶとい,0.2
ゲンガー,おっとり,0.2
ゲンガー,うっかりや,0.1
ゲンガー,ようき,0.1
ゲンガー,れいせい,0.0
ミミロップ,ようき,69.9
ミミロップ,いじっぱり,28.4
ミミロップ,おくびょう,0.6
ミミロップ,わんぱく,0.3
ミミロップ,しんちょう,0.2
ミミロップ,むじゃき,0.1
ミミロップ,おだやか,0.1
ミミロップ,せっかち,0.1
ミミロップ,さみしがり,0.1
ミミロップ,ずぶとい,0.1
ギャラドス,いじっぱり,44.1
ギャラドス,ようき,41.0
ギャラドス,わんぱく,12.8
ギャラドス,しんちょう,1.3
ギャラドス,ずぶとい,0.2
ギャラドス,やんちゃ,0.1
ギャラドス,ゆうかん,0.1
ギャラドス,さみしがり,0.1
ギャラドス,ひかえめ,0.1
ギャラドス,のんき,0.1
ギルガルド(シールド),いじっぱり,57.1
ギルガルド(シールド),ゆうかん,18.5
ギルガルド(シールド),れいせい,10.2
ギルガルド(シールド),なまいき,8.5
ギルガルド(シールド),ひかえめ,1.3
ギルガルド(シールド),しんちょう,1.3
ギルガルド(シールド),わんぱく,0.9
ギルガルド(シールド),のんき,0.9
ギルガルド(シールド),ようき,0.5
ギルガルド(シールド),やんちゃ,0.2
ハッサム,いじっぱり,91.0
ハッサム,わんぱく,4.4
ハッサム,しんちょう,1.5
ハッサム,ゆうかん,1.1
ハッサム,ようき,1.0
ハッサム,のんき,0.4
ハッサム,なまいき,0.1
ハッサム,やんちゃ,0.1
ハッサム,さみしがり,0.1
ハッサム,ずぶとい,0.0
キラフロル,おくびょう,57.7
キラフロル,ひかえめ,33.0
キラフロル,おだやか,6.1
キラフロル,ずぶとい,1.7
キラフロル,ようき,0.4
キラフロル,むじゃき,0.2
キラフロル,せっかち,0.2
キラフロル,いじっぱり,0.1
キラフロル,わんぱく,0.1
キラフロル,しんちょう,0.1
カイリュー,ひかえめ,66.4
カイリュー,おくびょう,10.1
カイリュー,いじっぱり,9.8
カイリュー,ようき,6.8
カイリュー,れいせい,1.7
カイリュー,うっかりや,1.4
カイリュー,ずぶとい,0.7
カイリュー,おっとり,0.6
カイリュー,むじゃき,0.6
カイリュー,おだやか,0.4
フラエッテ(永遠),おくびょう,55.3
フラエッテ(永遠),ひかえめ,40.3
フラエッテ(永遠),ずぶとい,3.9
フラエッテ(永遠),おだやか,0.4
フラエッテ(永遠),ようき,0.1
フラエッテ(永遠),わんぱく,0.0
フラエッテ(永遠),れいせい,0.0
フラエッテ(永遠),なまいき,0.0
フラエッテ(永遠),せっかち,0.0
フラエッテ(永遠),まじめ,0.0
ウルガモス,ずぶとい,40.0
ウルガモス,ひかえめ,33.8
ウルガモス,おくびょう,22.2
ウルガモス,おだやか,3.4
ウルガモス,おっとり,0.2
ウルガモス,わんぱく,0.1
ウルガモス,せっかち,0.1
ウルガモス,れいせい,0.1
ウルガモス,のんき,0.0
ウルガモス,ようき,0.0
ミミッキュ,いじっぱり,81.4
ミミッキュ,ようき,14.1
ミミッキュ,わんぱく,1.2
ミミッキュ,ゆうかん,1.0
ミミッキュ,しんちょう,0.5
ミミッキュ,おくびょう,0.4
ミミッキュ,のんき,0.3
ミミッキュ,やんちゃ,0.2
ミミッキュ,ずぶとい,0.2
ミミッキュ,さみしがり,0.2
スターミー,いじっぱり,67.7
スターミー,ようき,26.8
スターミー,ひかえめ,1.9
スターミー,おくびょう,1.5
スターミー,むじゃき,0.7
スターミー,やんちゃ,0.4
スターミー,しんちょう,0.2
スターミー,せっかち,0.2
スターミー,わんぱく,0.1
スターミー,うっかりや,0.1
サザンドラ,ひかえめ,61.5
サザンドラ,おくびょう,35.9
サザンドラ,ずぶとい,0.6
サザンドラ,おっとり,0.3
サザンドラ,むじゃき,0.3
サザンドラ,おだやか,0.3
サザンドラ,いじっぱり,0.3
サザンドラ,せっかち,0.3
サザンドラ,うっかりや,0.3
サザンドラ,ようき,0.2
ウォッシュロトム,ずぶとい,33.3
ウォッシュロトム,ひかえめ,27.8
ウォッシュロトム,おだやか,13.4
ウォッシュロトム,なまいき,13.1
ウォッシュロトム,おくびょう,10.2
ウォッシュロトム,のんき,1.1
ウォッシュロトム,れいせい,0.5
ウォッシュロトム,せっかち,0.1
ウォッシュロトム,おっとり,0.1
ウォッシュロトム,わんぱく,0.1
ダイケンキ(ヒスイ),いじっぱり,64.9
ダイケンキ(ヒスイ),ようき,21.0
ダイケンキ(ヒスイ),むじゃき,7.5
ダイケンキ(ヒスイ),わんぱく,3.6
ダイケンキ(ヒスイ),やんちゃ,1.6
ダイケンキ(ヒスイ),さみしがり,0.3
ダイケンキ(ヒスイ),しんちょう,0.2
ダイケンキ(ヒスイ),ゆうかん,0.2
ダイケンキ(ヒスイ),せっかち,0.2
ダイケンキ(ヒスイ),うっかりや,0.1
ドドゲザン,いじっぱり,92.0
ドドゲザン,ゆうかん,3.2
ドドゲザン,ようき,2.3
ドドゲザン,わんぱく,0.9
ドドゲザン,しんちょう,0.8
ドドゲザン,やんちゃ,0.2
ドドゲザン,なまいき,0.1
ドドゲザン,のんき,0.1
ドドゲザン,さみしがり,0.1
ドドゲザン,おとなしい,0.0
マフォクシー,おくびょう,87.0
マフォクシー,ひかえめ,11.1
マフォクシー,ずぶとい,1.1
マフォクシー,おっとり,0.2
マフォクシー,おだやか,0.2
マフォクシー,せっかち,0.1
マフォクシー,ようき,0.1
マフォクシー,むじゃき,0.1
マフォクシー,れいせい,0.0
マフォクシー,いじっぱり,0.0
ソウブレイズ,いじっぱり,82.7
ソウブレイズ,ようき,14.4
ソウブレイズ,わんぱく,1.0
ソウブレイズ,しんちょう,1.0
ソウブレイズ,さみしがり,0.3
ソウブレイズ,やんちゃ,0.2
ソウブレイズ,せっかち,0.1
ソウブレイズ,むじゃき,0.1
ソウブレイズ,おとなしい,0.1
ソウブレイズ,ゆうかん,0.0
フシギバナ,おだやか,39.9
フシギバナ,ずぶとい,33.0
フシギバナ,ひかえめ,23.8
フシギバナ,おくびょう,1.5
フシギバナ,なまいき,0.4
フシギバナ,れいせい,0.3
フシギバナ,しんちょう,0.3
フシギバナ,のんき,0.2
フシギバナ,わんぱく,0.2
フシギバナ,いじっぱり,0.1
ラウドボーン,ずぶとい,67.4
ラウドボーン,おだやか,21.8
ラウドボーン,ひかえめ,8.0
ラウドボーン,のんき,0.7
ラウドボーン,おくびょう,0.7
ラウドボーン,なまいき,0.4
ラウドボーン,れいせい,0.4
ラウドボーン,わんぱく,0.1
ラウドボーン,おっとり,0.1
ラウドボーン,しんちょう,0.1
カメックス,ひかえめ,76.1
カメックス,おくびょう,18.8
カメックス,ずぶとい,1.9
カメックス,れいせい,1.0
カメックス,おだやか,0.6
カメックス,いじっぱり,0.5
カメックス,おっとり,0.2
カメックス,のんき,0.2
カメックス,せっかち,0.1
カメックス,わんぱく,0.1
ゲッコウガ,ひかえめ,52.0
ゲッコウガ,おくびょう,37.8
ゲッコウガ,むじゃき,4.5
ゲッコウガ,うっかりや,1.2
ゲッコウガ,ようき,1.2
ゲッコウガ,せっかち,1.1
ゲッコウガ,おっとり,0.8
ゲッコウガ,いじっぱり,0.7
ゲッコウガ,やんちゃ,0.3
ゲッコウガ,さみしがり,0.1
ハラバリー,おだやか,46.9
ハラバリー,なまいき,27.5
ハラバリー,ずぶとい,12.4
ハラバリー,ひかえめ,7.2
ハラバリー,のんき,3.2
ハラバリー,れいせい,2.4
ハラバリー,しんちょう,0.1
ハラバリー,おくびょう,0.1
ハラバリー,おっとり,0.1
ハラバリー,ゆうかん,0.0
ブラッキー,ずぶとい,56.7
ブラッキー,わんぱく,20.8
ブラッキー,おだやか,9.0
ブラッキー,しんちょう,6.1
ブラッキー,のんき,5.3
ブラッキー,なまいき,1.2
ブラッキー,いじっぱり,0.3
ブラッキー,ようき,0.2
ブラッキー,おくびょう,0.2
ブラッキー,ゆうかん,0.1
オオニューラ,いじっぱり,65.4
オオニューラ,ようき,29.4
オオニューラ,わんぱく,2.1
オオニューラ,やんちゃ,0.8
オオニューラ,さみしがり,0.7
オオニューラ,むじゃき,0.6
オオニューラ,せっかち,0.4
オオニューラ,しんちょう,0.2
オオニューラ,ゆうかん,0.1
オオニューラ,おくびょう,0.1
ガルーラ,いじっぱり,89.2
ガルーラ,ようき,7.0
ガルーラ,わんぱく,2.1
ガルーラ,ゆうかん,0.5
ガルーラ,やんちゃ,0.3
ガルーラ,さみしがり,0.2
ガルーラ,ひかえめ,0.1
ガルーラ,しんちょう,0.1
ガルーラ,れいせい,0.1
ガルーラ,のんき,0.1
ピクシー,ずぶとい,64.3
ピクシー,おだやか,21.5
ピクシー,ひかえめ,11.3
ピクシー,おくびょう,1.7
ピクシー,なまいき,0.3
ピクシー,のんき,0.3
ピクシー,れいせい,0.2
ピクシー,おっとり,0.1
ピクシー,しんちょう,0.1
ピクシー,わんぱく,0.1
クエスパトラ,ずぶとい,43.1
クエスパトラ,おくびょう,30.1
クエスパトラ,ひかえめ,22.2
クエスパトラ,おだやか,3.6
クエスパトラ,おっとり,0.2
クエスパトラ,わんぱく,0.2
クエスパトラ,のんき,0.1
クエスパトラ,せっかち,0.1
クエスパトラ,れいせい,0.1
クエスパトラ,ようき,0.1
メガニウム,ひかえめ,88.0
メガニウム,おくびょう,5.0
メガニウム,ずぶとい,4.4
メガニウム,おだやか,1.8
メガニウム,れいせい,0.5
メガニウム,おっとり,0.1
メガニウム,いじっぱり,0.0
メガニウム,なまいき,0.0
メガニウム,わんぱく,0.0
メガニウム,ようき,0.0
バンギラス,いじっぱり,51.8
バンギラス,しんちょう,24.0
バンギラス,ようき,14.4
バンギラス,わんぱく,4.7
バンギラス,ひかえめ,1.4
バンギラス,ゆうかん,1.1
バンギラス,なまいき,0.8
バンギラス,おだやか,0.3
バンギラス,のんき,0.3
バンギラス,れいせい,0.2
ニンフィア,ひかえめ,54.6
ニンフィア,ずぶとい,23.4
ニンフィア,れいせい,7.5
ニンフィア,おだやか,6.2
ニンフィア,のんき,5.7
ニンフィア,おくびょう,1.6
ニンフィア,なまいき,0.3
ニンフィア,おっとり,0.3
ニンフィア,わんぱく,0.1
ニンフィア,むじゃき,0.1
ゾロアーク(ヒスイ),おくびょう,75.1
ゾロアーク(ヒスイ),ひかえめ,13.6
ゾロアーク(ヒスイ),むじゃき,5.8
ゾロアーク(ヒスイ),せっかち,2.1
ゾロアーク(ヒスイ),おっとり,0.9
ゾロアーク(ヒスイ),ようき,0.8
ゾロアーク(ヒスイ),うっかりや,0.6
ゾロアーク(ヒスイ),ずぶとい,0.3
ゾロアーク(ヒスイ),いじっぱり,0.2
ゾロアーク(ヒスイ),れいせい,0.1
オニシズクモ,いじっぱり,53.2
オニシズクモ,わんぱく,16.8
オニシズクモ,ひかえめ,9.0
オニシズクモ,しんちょう,8.1
オニシズクモ,ゆうかん,2.9
オニシズクモ,のんき,2.5
オニシズクモ,ずぶとい,2.2
オニシズクモ,なまいき,1.8
オニシズクモ,おだやか,1.1
オニシズクモ,ようき,0.7
ペリッパー,ひかえめ,33.1
ペリッパー,のんき,31.1
ペリッパー,ずぶとい,12.0
ペリッパー,おくびょう,8.7
ペリッパー,れいせい,8.2
ペリッパー,おだやか,2.2
ペリッパー,なまいき,2.1
ペリッパー,おっとり,1.6
ペリッパー,うっかりや,0.3
ペリッパー,わんぱく,0.2
エルフーン,ひかえめ,39.7
エルフーン,おくびょう,31.1
エルフーン,ずぶとい,21.3
エルフーン,おだやか,6.4
エルフーン,わんぱく,0.3
エルフーン,れいせい,0.2
エルフーン,ようき,0.2
エルフーン,せっかち,0.2
エルフーン,おっとり,0.2
エルフーン,のんき,0.1
エアームド,ようき,49.7
エアームド,わんぱく,22.3
エアームド,いじっぱり,17.2
エアームド,しんちょう,5.5
エアームド,ずぶとい,2.4
エアームド,おだやか,2.0
エアームド,のんき,0.3
エアームド,おくびょう,0.2
エアームド,やんちゃ,0.1
エアームド,なまいき,0.1
マンムー,いじっぱり,76.8
マンムー,ようき,19.6
マンムー,わんぱく,1.0
マンムー,しんちょう,0.7
マンムー,やんちゃ,0.6
マンムー,さみしがり,0.4
マンムー,ゆうかん,0.3
マンムー,むじゃき,0.2
マンムー,のんき,0.1
マンムー,せっかち,0.1
エルレイド,ようき,56.2
エルレイド,いじっぱり,41.1
エルレイド,わんぱく,0.8
エルレイド,しんちょう,0.5
エルレイド,ゆうかん,0.4
エルレイド,さみしがり,0.2
エルレイド,なまいき,0.2
エルレイド,せっかち,0.2
エルレイド,やんちゃ,0.1
エルレイド,おくびょう,0.1
スコヴィラン,ずぶとい,45.3
スコヴィラン,おだやか,16.6
スコヴィラン,ひかえめ,15.2
スコヴィラン,いじっぱり,10.1
スコヴィラン,おくびょう,6.4
スコヴィラン,のんき,1.7
スコヴィラン,しんちょう,1.4
スコヴィラン,れいせい,0.6
スコヴィラン,わんぱく,0.6
スコヴィラン,なまいき,0.5
ヒートロトム,ひかえめ,45.1
ヒートロトム,おくびょう,22.1
ヒートロトム,ずぶとい,19.1
ヒートロトム,おだやか,10.4
ヒートロトム,なまいき,1.5
ヒートロトム,のんき,0.8
ヒートロトム,れいせい,0.5
ヒートロトム,せっかち,0.2
ヒートロトム,おっとり,0.2
ヒートロトム,わんぱく,0.0
カビゴン,いじっぱり,45.1
カビゴン,しんちょう,30.2
カビゴン,わんぱく,15.8
カビゴン,ゆうかん,3.0
カビゴン,のんき,2.7
カビゴン,なまいき,2.3
カビゴン,ずぶとい,0.3
カビゴン,おだやか,0.3
カビゴン,ようき,0.1
カビゴン,やんちゃ,0.1
ミロカロス,ずぶとい,68.6
ミロカロス,おだやか,17.2
ミロカロス,ひかえめ,8.6
ミロカロス,のんき,2.0
ミロカロス,なまいき,0.8
ミロカロス,いじっぱり,0.7
ミロカロス,おくびょう,0.5
ミロカロス,わんぱく,0.5
ミロカロス,れいせい,0.4
ミロカロス,しんちょう,0.3
ドラパルト,いじっぱり,28.7
ドラパルト,ようき,21.0
ドラパルト,おくびょう,19.0
ドラパルト,むじゃき,8.6
ドラパルト,ひかえめ,8.5
ドラパルト,やんちゃ,5.5
ドラパルト,うっかりや,2.3
ドラパルト,せっかち,1.9
ドラパルト,さみしがり,1.4
ドラパルト,おっとり,0.9
アローラキュウコン,おくびょう,85.8
アローラキュウコン,ひかえめ,9.8
アローラキュウコン,ずぶとい,2.0
アローラキュウコン,おだやか,1.0
アローラキュウコン,せっかち,0.3
アローラキュウコン,なまいき,0.2
アローラキュウコン,おっとり,0.2
アローラキュウコン,むじゃき,0.2
アローラキュウコン,のんき,0.1
アローラキュウコン,ようき,0.1
バイバニラ,ひかえめ,80.4
バイバニラ,ずぶとい,4.6
バイバニラ,おくびょう,4.3
バイバニラ,れいせい,4.0
バイバニラ,おだやか,1.6
バイバニラ,うっかりや,0.9
バイバニラ,いじっぱり,0.9
バイバニラ,むじゃき,0.6
バイバニラ,のんき,0.5
バイバニラ,ようき,0.4
サーナイト,ひかえめ,73.9
サーナイト,おくびょう,20.8
サーナイト,ずぶとい,2.2
サーナイト,おだやか,2.0
サーナイト,れいせい,0.3
サーナイト,おっとり,0.2
サーナイト,せっかち,0.1
サーナイト,なまいき,0.1
サーナイト,のんき,0.1
サーナイト,むじゃき,0.0
ドリュウズ,ようき,52.1
ドリュウズ,いじっぱり,45.5
ドリュウズ,しんちょう,1.0
ドリュウズ,やんちゃ,0.4
ドリュウズ,わんぱく,0.3
ドリュウズ,むじゃき,0.2
ドリュウズ,さみしがり,0.1
ドリュウズ,せっかち,0.1
ドリュウズ,ゆうかん,0.1
ドリュウズ,のうてんき,0.1
ガラルヤドキング,おだやか,54.7
ガラルヤドキング,なまいき,18.2
ガラルヤドキング,ひかえめ,12.6
ガラルヤドキング,ずぶとい,9.1
ガラルヤドキング,のんき,2.7
ガラルヤドキング,れいせい,2.5
ガラルヤドキング,しんちょう,0.1
ガラルヤドキング,おとなしい,0.1
ガラルヤドキング,おっとり,0.1
ガラルヤドキング,ゆうかん,0.0
ドヒドイデ,おだやか,28.4
ドヒドイデ,ずぶとい,21.2
ドヒドイデ,しんちょう,19.3
ドヒドイデ,わんぱく,13.8
ドヒドイデ,なまいき,11.4
ドヒドイデ,のんき,4.3
ドヒドイデ,ひかえめ,0.5
ドヒドイデ,いじっぱり,0.4
ドヒドイデ,ゆうかん,0.3
ドヒドイデ,れいせい,0.2
エンペルト,ひかえめ,52.9
エンペルト,なまいき,15.8
エンペルト,おだやか,10.6
エンペルト,ずぶとい,9.7
エンペルト,のんき,4.9
エンペルト,れいせい,2.2
エンペルト,おくびょう,1.1
エンペルト,わんぱく,0.9
エンペルト,しんちょう,0.7
エンペルト,おっとり,0.4
ジュペッタ,いじっぱり,76.6
ジュペッタ,ゆうかん,17.6
ジュペッタ,ようき,1.7
ジュペッタ,わんぱく,1.4
ジュペッタ,しんちょう,0.8
ジュペッタ,のんき,0.4
ジュペッタ,さみしがり,0.3
ジュペッタ,やんちゃ,0.3
ジュペッタ,なまいき,0.2
ジュペッタ,れいせい,0.1
ローブシン,いじっぱり,92.3
ローブシン,ゆうかん,4.1
ローブシン,しんちょう,1.1
ローブシン,わんぱく,1.0
ローブシン,ようき,0.4
ローブシン,やんちゃ,0.3
ローブシン,なまいき,0.2
ローブシン,のんき,0.2
ローブシン,さみしがり,0.1
ローブシン,のうてんき,0.0
ユキメノコ,おくびょう,68.2
ユキメノコ,ひかえめ,27.0
ユキメノコ,ずぶとい,1.4
ユキメノコ,ようき,1.1
ユキメノコ,せっかち,0.6
ユキメノコ,おっとり,0.5
ユキメノコ,おだやか,0.4
ユキメノコ,いじっぱり,0.3
ユキメノコ,むじゃき,0.3
ユキメノコ,れいせい,0.1
バサギリ,ようき,51.9
バサギリ,いじっぱり,43.2
バサギリ,しんちょう,1.0
バサギリ,わんぱく,0.9
バサギリ,ゆうかん,0.9
バサギリ,やんちゃ,0.6
バサギリ,むじゃき,0.5
バサギリ,さみしがり,0.4
バサギリ,せっかち,0.3
バサギリ,まじめ,0.2
ポットデス,ずぶとい,67.0
ポットデス,おくびょう,17.9
ポットデス,ひかえめ,9.4
ポットデス,おだやか,4.1
ポットデス,おっとり,0.4
ポットデス,のんき,0.3
ポットデス,わんぱく,0.3
ポットデス,せっかち,0.2
ポットデス,むじゃき,0.1
ポットデス,ようき,0.1
ホルード,いじっぱり,79.5
ホルード,ようき,19.0
ホルード,さみしがり,0.3
ホルード,やんちゃ,0.2
ホルード,わんぱく,0.2
ホルード,しんちょう,0.2
ホルード,ゆうかん,0.2
ホルード,せっかち,0.1
ホルード,のんき,0.1
ホルード,おくびょう,0.1
ヘラクロス,いじっぱり,69.2
ヘラクロス,ようき,23.8
ヘラクロス,ゆうかん,5.3
ヘラクロス,わんぱく,0.9
ヘラクロス,しんちょう,0.2
ヘラクロス,やんちゃ,0.2
ヘラクロス,せっかち,0.1
ヘラクロス,さみしがり,0.1
ヘラクロス,むじゃき,0.1
ヘラクロス,ひかえめ,0.0
メタモン,のんき,23.6
メタモン,なまいき,16.0
メタモン,ようき,6.1
メタモン,まじめ,6.1
メタモン,おくびょう,5.4
メタモン,むじゃき,5.0
メタモン,ゆうかん,4.8
メタモン,おとなしい,3.8
メタモン,れいせい,3.3
メタモン,せっかち,2.9
ヌメルゴン(ヒスイ),ひかえめ,40.3
ヌメルゴン(ヒスイ),おだやか,21.7
ヌメルゴン(ヒスイ),ずぶとい,18.3
ヌメルゴン(ヒスイ),なまいき,5.5
ヌメルゴン(ヒスイ),れいせい,3.3
ヌメルゴン(ヒスイ),のんき,3.0
ヌメルゴン(ヒスイ),わんぱく,2.9
ヌメルゴン(ヒスイ),しんちょう,1.7
ヌメルゴン(ヒスイ),いじっぱり,1.2
ヌメルゴン(ヒスイ),おくびょう,1.0
マリルリ,いじっぱり,84.4
マリルリ,のんき,2.5
マリルリ,ずぶとい,2.3
マリルリ,おだやか,2.1
マリルリ,わんぱく,1.9
マリルリ,なまいき,1.8
マリルリ,ゆうかん,1.7
マリルリ,ようき,1.4
マリルリ,しんちょう,1.2
マリルリ,ひかえめ,0.2
ウツボット,ひかえめ,23.1
ウツボット,わんぱく,20.5
ウツボット,いじっぱり,12.5
ウツボット,れいせい,10.5
ウツボット,ずぶとい,9.5
ウツボット,うっかりや,5.4
ウツボット,ようき,3.4
ウツボット,おくびょう,3.1
ウツボット,のんき,2.3
ウツボット,おだやか,1.9
ヤドラン,ずぶとい,67.3
ヤドラン,おだやか,12.8
ヤドラン,ひかえめ,8.3
ヤドラン,のんき,7.4
ヤドラン,れいせい,2.1
ヤドラン,なまいき,1.6
ヤドラン,わんぱく,0.2
ヤドラン,おくびょう,0.1
ヤドラン,しんちょう,0.1
ヤドラン,ゆうかん,0.0
ブリムオン,ずぶとい,31.9
ブリムオン,れいせい,25.9
ブリムオン,ひかえめ,22.2
ブリムオン,のんき,9.0
ブリムオン,おだやか,7.0
ブリムオン,なまいき,2.8
ブリムオン,おくびょう,0.8
ブリムオン,おっとり,0.1
ブリムオン,おとなしい,0.1
ブリムオン,わんぱく,0.1
ビビヨン,おくびょう,95.2
ビビヨン,ひかえめ,2.8
ビビヨン,ずぶとい,0.7
ビビヨン,せっかち,0.4
ビビヨン,ようき,0.2
ビビヨン,おっとり,0.2
ビビヨン,おだやか,0.2
ビビヨン,むじゃき,0.1
ビビヨン,れいせい,0.1
ビビヨン,のうてんき,0.0
ドデカバシ,いじっぱり,59.0
ドデカバシ,わんぱく,29.4
ドデカバシ,のんき,3.6
ドデカバシ,ようき,3.0
ドデカバシ,しんちょう,1.9
ドデカバシ,ゆうかん,1.7
ドデカバシ,やんちゃ,0.5
ドデカバシ,うっかりや,0.2
ドデカバシ,ずぶとい,0.1
ドデカバシ,のうてんき,0.1
ジャローダ,おくびょう,74.9
ジャローダ,ひかえめ,13.9
ジャローダ,ずぶとい,6.2
ジャローダ,おだやか,3.4
ジャローダ,おっとり,0.3
ジャローダ,せっかち,0.3
ジャローダ,ようき,0.2
ジャローダ,のんき,0.1
ジャローダ,むじゃき,0.1
ジャローダ,れいせい,0.1
エレザード,おくびょう,76.3
エレザード,ひかえめ,20.0
エレザード,ずぶとい,1.1
エレザード,おだやか,0.8
エレザード,せっかち,0.7
エレザード,おっとり,0.4
エレザード,ようき,0.2
エレザード,のんき,0.1
エレザード,むじゃき,0.1
エレザード,れいせい,0.1
ヤミラミ,ずぶとい,43.7
ヤミラミ,わんぱく,27.4
ヤミラミ,おだやか,7.1
ヤミラミ,しんちょう,6.8
ヤミラミ,のんき,6.2
ヤミラミ,なまいき,3.0
ヤミラミ,ゆうかん,1.9
ヤミラミ,いじっぱり,1.5
ヤミラミ,さみしがり,0.5
ヤミラミ,ようき,0.5
デカヌチャン,ようき,51.6
デカヌチャン,いじっぱり,28.6
デカヌチャン,しんちょう,11.1
デカヌチャン,わんぱく,6.2
デカヌチャン,むじゃき,0.3
デカヌチャン,やんちゃ,0.3
デカヌチャン,ずぶとい,0.3
デカヌチャン,おくびょう,0.2
デカヌチャン,ゆうかん,0.2
デカヌチャン,せっかち,0.2
グレンアルマ,ひかえめ,78.9
グレンアルマ,おくびょう,16.5
グレンアルマ,ずぶとい,1.6
グレンアルマ,れいせい,1.4
グレンアルマ,おだやか,0.5
グレンアルマ,おっとり,0.2
グレンアルマ,のんき,0.2
グレンアルマ,せっかち,0.2
グレンアルマ,なまいき,0.1
グレンアルマ,ようき,0.1
ウインディ(ヒスイ),いじっぱり,66.5
ウインディ(ヒスイ),ようき,27.5
ウインディ(ヒスイ),しんちょう,2.1
ウインディ(ヒスイ),わんぱく,0.7
ウインディ(ヒスイ),やんちゃ,0.7
ウインディ(ヒスイ),さみしがり,0.5
ウインディ(ヒスイ),むじゃき,0.3
ウインディ(ヒスイ),せっかち,0.3
ウインディ(ヒスイ),ひかえめ,0.3
ウインディ(ヒスイ),おくびょう,0.2
ヤバソチャ,ずぶとい,73.1
ヤバソチャ,ひかえめ,11.7
ヤバソチャ,おだやか,10.7
ヤバソチャ,おくびょう,1.5
ヤバソチャ,のんき,1.2
ヤバソチャ,れいせい,0.8
ヤバソチャ,なまいき,0.7
ヤバソチャ,おっとり,0.1
ヤバソチャ,まじめ,0.0
ヤバソチャ,しんちょう,0.0
ガオガエン,いじっぱり,28.5
ガオガエン,わんぱく,25.8
ガオガエン,しんちょう,24.0
ガオガエン,のんき,6.7
ガオガエン,なまいき,4.8
ガオガエン,ようき,4.5
ガオガエン,ゆうかん,1.9
ガオガエン,ずぶとい,1.1
ガオガエン,おだやか,1.1
ガオガエン,やんちゃ,0.4
ウェーニバル,ようき,50.2
ウェーニバル,いじっぱり,42.7
ウェーニバル,わんぱく,2.6
ウェーニバル,さみしがり,1.6
ウェーニバル,しんちょう,0.8
ウェーニバル,やんちゃ,0.6
ウェーニバル,むじゃき,0.6
ウェーニバル,ゆうかん,0.3
ウェーニバル,せっかち,0.3
ウェーニバル,のうてんき,0.1
シャンデラ,おくびょう,56.4
シャンデラ,ひかえめ,34.7
シャンデラ,ずぶとい,3.7
シャンデラ,れいせい,2.4
シャンデラ,おだやか,2.3
シャンデラ,おっとり,0.2
シャンデラ,せっかち,0.1
シャンデラ,のんき,0.1
シャンデラ,なまいき,0.1
シャンデラ,むじゃき,0.0
ルチャブル,いじっぱり,48.6
ルチャブル,ようき,46.9
ルチャブル,わんぱく,1.2
ルチャブル,おくびょう,0.7
ルチャブル,さみしがり,0.6
ルチャブル,しんちょう,0.4
ルチャブル,やんちゃ,0.4
ルチャブル,せっかち,0.3
ルチャブル,むじゃき,0.3
ルチャブル,まじめ,0.1
サメハダー,いじっぱり,59.8
サメハダー,ようき,18.8
サメハダー,やんちゃ,6.4
サメハダー,さみしがり,3.0
サメハダー,ひかえめ,2.8
サメハダー,むじゃき,2.5
サメハダー,せっかち,2.3
サメハダー,おくびょう,1.4
サメハダー,おっとり,1.3
サメハダー,うっかりや,1.2
エーフィ,おくびょう,63.9
エーフィ,ひかえめ,24.8
エーフィ,ずぶとい,6.1
エーフィ,おだやか,3.9
エーフィ,せっかち,0.4
エーフィ,おっとり,0.3
エーフィ,れいせい,0.1
エーフィ,いじっぱり,0.1
エーフィ,なまいき,0.1
エーフィ,のんき,0.1
プテラ,ようき,68.4
プテラ,いじっぱり,27.5
プテラ,むじゃき,1.5
プテラ,せっかち,0.6
プテラ,わんぱく,0.5
プテラ,やんちゃ,0.5
プテラ,さみしがり,0.4
プテラ,しんちょう,0.1
プテラ,おくびょう,0.1
プテラ,ゆうかん,0.1
イッカネズミ(3匹),ようき,58.5
イッカネズミ(3匹),わんぱく,20.8
イッカネズミ(3匹),いじっぱり,11.5
イッカネズミ(3匹),しんちょう,2.5
イッカネズミ(3匹),ずぶとい,2.1
イッカネズミ(3匹),おくびょう,1.2
イッカネズミ(3匹),せっかち,0.7
イッカネズミ(3匹),むじゃき,0.7
イッカネズミ(3匹),さみしがり,0.6
イッカネズミ(3匹),やんちゃ,0.5
シャワーズ,ずぶとい,39.1
シャワーズ,のんき,30.8
シャワーズ,おだやか,9.8
シャワーズ,ひかえめ,7.6
シャワーズ,わんぱく,5.2
シャワーズ,なまいき,3.8
シャワーズ,れいせい,1.9
シャワーズ,おくびょう,0.7
シャワーズ,しんちょう,0.7
シャワーズ,せっかち,0.1
ブリガロン,わんぱく,80.5
ブリガロン,いじっぱり,7.5
ブリガロン,ずぶとい,4.1
ブリガロン,しんちょう,4.0
ブリガロン,のんき,2.0
ブリガロン,ゆうかん,0.5
ブリガロン,ようき,0.5
ブリガロン,なまいき,0.3
ブリガロン,おだやか,0.1
ブリガロン,おくびょう,0.1
ミミズズ,わんぱく,48.7
ミミズズ,のんき,26.8
ミミズズ,しんちょう,8.0
ミミズズ,なまいき,6.9
ミミズズ,ずぶとい,5.1
ミミズズ,いじっぱり,1.2
ミミズズ,ようき,1.1
ミミズズ,おだやか,0.7
ミミズズ,ゆうかん,0.6
ミミズズ,のうてんき,0.3
カイロス,ようき,82.5
カイロス,いじっぱり,15.7
カイロス,わんぱく,0.4
カイロス,むじゃき,0.3
カイロス,のうてんき,0.3
カイロス,しんちょう,0.2
カイロス,ゆうかん,0.2
カイロス,やんちゃ,0.1
カイロス,おくびょう,0.1
カイロス,さみしがり,0.1
ジュナイパー(ヒスイ),いじっぱり,66.9
ジュナイパー(ヒスイ),ようき,26.0
ジュナイパー(ヒスイ),わんぱく,2.7
ジュナイパー(ヒスイ),ゆうかん,1.4
ジュナイパー(ヒスイ),しんちょう,1.4
ジュナイパー(ヒスイ),やんちゃ,0.4
ジュナイパー(ヒスイ),さみしがり,0.3
ジュナイパー(ヒスイ),ひかえめ,0.3
ジュナイパー(ヒスイ),なまいき,0.1
ジュナイパー(ヒスイ),むじゃき,0.1
ゴウカザル,ようき,47.1
ゴウカザル,おくびょう,17.4
ゴウカザル,いじっぱり,11.2
ゴウカザル,むじゃき,10.3
ゴウカザル,せっかち,4.8
ゴウカザル,ひかえめ,3.0
ゴウカザル,やんちゃ,1.6
ゴウカザル,さみしがり,1.0
ゴウカザル,おだやか,1.0
ゴウカザル,おっとり,0.4
ボスゴドラ,わんぱく,54.1
ボスゴドラ,しんちょう,17.7
ボスゴドラ,いじっぱり,13.2
ボスゴドラ,のんき,6.2
ボスゴドラ,ようき,3.1
ボスゴドラ,ゆうかん,2.2
ボスゴドラ,なまいき,1.7
ボスゴドラ,ずぶとい,0.7
ボスゴドラ,おだやか,0.2
ボスゴドラ,やんちゃ,0.2
チリーン,ひかえめ,43.0
チリーン,ずぶとい,40.5
チリーン,おだやか,11.3
チリーン,おくびょう,1.9
チリーン,のんき,1.3
チリーン,れいせい,1.1
チリーン,なまいき,0.2
チリーン,おっとり,0.2
チリーン,わんぱく,0.2
チリーン,まじめ,0.1
ガラルヤドラン,ひかえめ,48.2
ガラルヤドラン,れいせい,28.5
ガラルヤドラン,ずぶとい,5.3
ガラルヤドラン,のんき,4.0
ガラルヤドラン,なまいき,3.4
ガラルヤドラン,いじっぱり,3.3
ガラルヤドラン,ゆうかん,2.6
ガラルヤドラン,おだやか,2.5
ガラルヤドラン,わんぱく,0.5
ガラルヤドラン,しんちょう,0.5
スピアー,ようき,86.6
スピアー,いじっぱり,12.0
スピアー,やんちゃ,0.3
スピアー,さみしがり,0.3
スピアー,むじゃき,0.2
スピアー,せっかち,0.2
スピアー,わんぱく,0.1
スピアー,ひかえめ,0.1
スピアー,おくびょう,0.1
スピアー,ゆうかん,0.1
イダイトウ♀,ひかえめ,44.1
イダイトウ♀,おくびょう,16.0
イダイトウ♀,ようき,14.3
イダイトウ♀,うっかりや,8.5
イダイトウ♀,いじっぱり,7.0
イダイトウ♀,れいせい,3.8
イダイトウ♀,むじゃき,2.0
イダイトウ♀,おっとり,1.9
イダイトウ♀,せっかち,0.9
イダイトウ♀,ゆうかん,0.5
オーダイル,いじっぱり,50.2
オーダイル,ようき,45.2
オーダイル,ゆうかん,1.5
オーダイル,わんぱく,1.3
オーダイル,しんちょう,0.3
オーダイル,ひかえめ,0.3
オーダイル,むじゃき,0.3
オーダイル,やんちゃ,0.2
オーダイル,のんき,0.2
オーダイル,おっとり,0.1
フーディン,おくびょう,78.3
フーディン,ひかえめ,18.2
フーディン,せっかち,1.0
フーディン,おっとり,1.0
フーディン,おだやか,0.4
フーディン,のんき,0.4
フーディン,ずぶとい,0.3
フーディン,ようき,0.1
フーディン,むじゃき,0.1
フーディン,まじめ,0.1
ケケンカニ,ゆうかん,61.3
ケケンカニ,いじっぱり,35.9
ケケンカニ,わんぱく,0.8
ケケンカニ,ようき,0.5
ケケンカニ,しんちょう,0.5
ケケンカニ,のんき,0.3
ケケンカニ,なまいき,0.2
ケケンカニ,さみしがり,0.1
ケケンカニ,やんちゃ,0.1
ケケンカニ,せっかち,0.1
ウインディ,ずぶとい,36.5
ウインディ,いじっぱり,28.5
ウインディ,わんぱく,10.8
ウインディ,ひかえめ,5.3
ウインディ,おだやか,4.9
ウインディ,ようき,3.9
ウインディ,しんちょう,3.1
ウインディ,おくびょう,1.2
ウインディ,のんき,1.0
ウインディ,れいせい,1.0
ユキノオー,れいせい,43.9
ユキノオー,ひかえめ,26.2
ユキノオー,ずぶとい,8.6
ユキノオー,のんき,6.3
ユキノオー,おくびょう,2.6
ユキノオー,ゆうかん,2.6
ユキノオー,いじっぱり,2.5
ユキノオー,おだやか,2.3
ユキノオー,なまいき,1.8
ユキノオー,うっかりや,1.1
グライオン,いじっぱり,32.6
グライオン,ようき,29.6
グライオン,わんぱく,24.1
グライオン,しんちょう,9.8
グライオン,やんちゃ,0.9
グライオン,のんき,0.7
グライオン,ゆうかん,0.5
グライオン,ずぶとい,0.4
グライオン,おだやか,0.3
グライオン,さみしがり,0.2
イルカマン(ナイーブ),いじっぱり,80.1
イルカマン(ナイーブ),ようき,15.5
イルカマン(ナイーブ),ゆうかん,1.3
イルカマン(ナイーブ),やんちゃ,0.7
イルカマン(ナイーブ),わんぱく,0.7
イルカマン(ナイーブ),しんちょう,0.6
イルカマン(ナイーブ),さみしがり,0.4
イルカマン(ナイーブ),むじゃき,0.2
イルカマン(ナイーブ),せっかち,0.1
イルカマン(ナイーブ),ひかえめ,0.1
ピジョット,おくびょう,53.9
ピジョット,ひかえめ,41.9
ピジョット,ずぶとい,0.8
ピジョット,むじゃき,0.7
ピジョット,おだやか,0.6
ピジョット,いじっぱり,0.6
ピジョット,せっかち,0.6
ピジョット,ようき,0.3
ピジョット,うっかりや,0.2
ピジョット,おっとり,0.2
バクフーン(ヒスイ),ひかえめ,52.1
バクフーン(ヒスイ),おくびょう,41.7
バクフーン(ヒスイ),おだやか,1.3
バクフーン(ヒスイ),せっかち,1.2
バクフーン(ヒスイ),おっとり,1.0
バクフーン(ヒスイ),うっかりや,0.8
バクフーン(ヒスイ),ずぶとい,0.8
バクフーン(ヒスイ),むじゃき,0.5
バクフーン(ヒスイ),れいせい,0.2
バクフーン(ヒスイ),ようき,0.1
ファイアロー,ようき,36.4
ファイアロー,いじっぱり,34.2
ファイアロー,わんぱく,7.3
ファイアロー,おくびょう,6.4
ファイアロー,ずぶとい,6.3
ファイアロー,ひかえめ,2.2
ファイアロー,むじゃき,1.5
ファイアロー,しんちょう,1.2
ファイアロー,やんちゃ,1.0
ファイアロー,ゆうかん,0.9
バンバドロ,わんぱく,71.1
バンバドロ,しんちょう,13.1
バンバドロ,いじっぱり,6.2
バンバドロ,のんき,4.3
バンバドロ,ゆうかん,1.9
バンバドロ,ずぶとい,1.2
バンバドロ,なまいき,1.1
バンバドロ,おだやか,0.3
バンバドロ,のうてんき,0.3
バンバドロ,さみしがり,0.2
エンニュート,おくびょう,87.6
エンニュート,ひかえめ,5.9
エンニュート,せっかち,1.6
エンニュート,ようき,1.5
エンニュート,ずぶとい,1.3
エンニュート,おだやか,1.2
エンニュート,むじゃき,0.3
エンニュート,おっとり,0.2
エンニュート,うっかりや,0.1
エンニュート,れいせい,0.1
マニューラ,ようき,66.9
マニューラ,いじっぱり,28.9
マニューラ,せっかち,1.6
マニューラ,むじゃき,1.0
マニューラ,さみしがり,0.8
マニューラ,やんちゃ,0.4
マニューラ,わんぱく,0.2
マニューラ,うっかりや,0.1
マニューラ,おくびょう,0.0
マニューラ,のうてんき,0.0
チャーレム,いじっぱり,64.6
チャーレム,ようき,33.1
チャーレム,やんちゃ,0.5
チャーレム,わんぱく,0.4
チャーレム,ゆうかん,0.4
チャーレム,むじゃき,0.3
チャーレム,しんちょう,0.2
チャーレム,さみしがり,0.2
チャーレム,せっかち,0.1
チャーレム,なまいき,0.1
ルガルガン(たそがれ),ようき,61.8
ルガルガン(たそがれ),いじっぱり,32.6
ルガルガン(たそがれ),せっかち,2.4
ルガルガン(たそがれ),むじゃき,1.5
ルガルガン(たそがれ),さみしがり,0.9
ルガルガン(たそがれ),やんちゃ,0.4
ルガルガン(たそがれ),おくびょう,0.1
ルガルガン(たそがれ),ゆうかん,0.1
ルガルガン(たそがれ),しんちょう,0.1
ルガルガン(たそがれ),まじめ,0.0
ケンタロス(パルデア炎),いじっぱり,64.1
ケンタロス(パルデア炎),ようき,25.7
ケンタロス(パルデア炎),わんぱく,8.5
ケンタロス(パルデア炎),しんちょう,1.1
ケンタロス(パルデア炎),むじゃき,0.3
ケンタロス(パルデア炎),やんちゃ,0.1
ケンタロス(パルデア炎),おくびょう,0.0
ケンタロス(パルデア炎),さみしがり,0.0
ケンタロス(パルデア炎),せっかち,0.0
ケンタロス(パルデア炎),まじめ,0.0
デンリュウ,ひかえめ,59.9
デンリュウ,れいせい,23.8
デンリュウ,ずぶとい,5.7
デンリュウ,おだやか,4.7
デンリュウ,おくびょう,3.3
デンリュウ,なまいき,0.8
デンリュウ,のんき,0.5
デンリュウ,おっとり,0.4
デンリュウ,ゆうかん,0.3
デンリュウ,せっかち,0.1
アリアドス,いじっぱり,55.9
アリアドス,ようき,30.6
アリアドス,わんぱく,5.9
アリアドス,しんちょう,1.4
アリアドス,おくびょう,1.1
アリアドス,ゆうかん,1.0
アリアドス,おだやか,0.7
アリアドス,やんちゃ,0.7
アリアドス,さみしがり,0.6
アリアドス,ずぶとい,0.6
チルタリス,ひかえめ,31.8
チルタリス,ずぶとい,17.9
チルタリス,おだやか,12.9
チルタリス,ようき,10.6
チルタリス,いじっぱり,9.4
チルタリス,しんちょう,7.4
チルタリス,わんぱく,3.9
チルタリス,おくびょう,2.3
チルタリス,なまいき,0.6
チルタリス,むじゃき,0.6
ジャラランガ,ひかえめ,35.4
ジャラランガ,おくびょう,14.4
ジャラランガ,いじっぱり,12.2
ジャラランガ,ようき,11.2
ジャラランガ,わんぱく,8.7
ジャラランガ,ずぶとい,4.8
ジャラランガ,まじめ,2.2
ジャラランガ,むじゃき,1.8
ジャラランガ,しんちょう,1.5
ジャラランガ,うっかりや,1.2
ワルビアル,いじっぱり,57.3
ワルビアル,ようき,30.1
ワルビアル,わんぱく,7.8
ワルビアル,しんちょう,2.5
ワルビアル,おくびょう,0.6
ワルビアル,やんちゃ,0.3
ワルビアル,むじゃき,0.2
ワルビアル,おだやか,0.2
ワルビアル,せっかち,0.2
ワルビアル,まじめ,0.1
グレイシア,ひかえめ,79.2
グレイシア,ずぶとい,5.8
グレイシア,おくびょう,3.9
グレイシア,れいせい,3.7
グレイシア,うっかりや,3.3
グレイシア,おだやか,2.6
グレイシア,のんき,0.4
グレイシア,なまいき,0.4
グレイシア,おっとり,0.3
グレイシア,むじゃき,0.2
エンブオー,いじっぱり,77.9
エンブオー,ようき,8.1
エンブオー,ゆうかん,4.2
エンブオー,やんちゃ,3.0
エンブオー,わんぱく,2.6
エンブオー,しんちょう,1.2
エンブオー,さみしがり,0.8
エンブオー,れいせい,0.4
エンブオー,のんき,0.3
エンブオー,ひかえめ,0.3
ドダイトス,いじっぱり,50.1
ドダイトス,ようき,28.8
ドダイトス,わんぱく,6.1
ドダイトス,しんちょう,4.1
ドダイトス,のうてんき,2.8
ドダイトス,やんちゃ,1.8
ドダイトス,おだやか,1.3
ドダイトス,のんき,0.7
ドダイトス,ひかえめ,0.6
ドダイトス,ずぶとい,0.6
ライボルト,おくびょう,75.6
ライボルト,ひかえめ,13.7
ライボルト,むじゃき,6.5
ライボルト,せっかち,2.3
ライボルト,おっとり,0.5
ライボルト,うっかりや,0.5
ライボルト,ずぶとい,0.4
ライボルト,いじっぱり,0.3
ライボルト,れいせい,0.1
ライボルト,おだやか,0.1
フォレトス,のんき,41.9
フォレトス,わんぱく,21.9
フォレトス,いじっぱり,8.9
フォレトス,ゆうかん,6.0
フォレトス,なまいき,5.1
フォレトス,ずぶとい,5.0
フォレトス,しんちょう,4.3
フォレトス,ようき,3.2
フォレトス,おだやか,2.4
フォレトス,おくびょう,0.3
ペロリーム,おくびょう,34.0
ペロリーム,おだやか,23.6
ペロリーム,ずぶとい,21.5
ペロリーム,ひかえめ,12.4
ペロリーム,せっかち,3.6
ペロリーム,ようき,1.1
ペロリーム,おっとり,0.9
ペロリーム,むじゃき,0.9
ペロリーム,のうてんき,0.8
ペロリーム,わんぱく,0.4
ブロスター,ひかえめ,75.3
ブロスター,れいせい,11.9
ブロスター,おくびょう,8.2
ブロスター,のんき,1.1
ブロスター,ずぶとい,1.0
ブロスター,うっかりや,0.8
ブロスター,おっとり,0.7
ブロスター,おだやか,0.7
ブロスター,おとなしい,0.1
ブロスター,なまいき,0.1
アマージョ,いじっぱり,47.0
アマージョ,ようき,38.2
アマージョ,わんぱく,11.8
アマージョ,しんちょう,1.5
アマージョ,ゆうかん,0.4
アマージョ,のんき,0.3
アマージョ,やんちゃ,0.2
アマージョ,せっかち,0.1
アマージョ,すなお,0.1
アマージョ,むじゃき,0.1
カイリキー,いじっぱり,82.1
カイリキー,ようき,9.0
カイリキー,ゆうかん,3.2
カイリキー,しんちょう,2.0
カイリキー,わんぱく,1.2
カイリキー,れいせい,0.7
カイリキー,のんき,0.4
カイリキー,なまいき,0.3
カイリキー,さみしがり,0.2
カイリキー,むじゃき,0.2
サンダース,おくびょう,67.1
サンダース,ひかえめ,26.0
サンダース,ずぶとい,2.3
サンダース,おっとり,1.7
サンダース,せっかち,1.3
サンダース,おだやか,0.5
サンダース,むじゃき,0.4
サンダース,のんき,0.2
サンダース,ようき,0.1
サンダース,おとなしい,0.1
コータス,れいせい,34.3
コータス,ずぶとい,20.0
コータス,のんき,16.7
コータス,ひかえめ,12.0
コータス,おだやか,6.3
コータス,なまいき,6.2
コータス,わんぱく,1.8
コータス,しんちょう,1.0
コータス,いじっぱり,0.7
コータス,ゆうかん,0.4
キョジオーン,しんちょう,48.3
キョジオーン,わんぱく,27.7
キョジオーン,いじっぱり,10.1
キョジオーン,ゆうかん,3.9
キョジオーン,のんき,3.3
キョジオーン,なまいき,3.1
キョジオーン,ずぶとい,1.3
キョジオーン,おだやか,1.2
キョジオーン,ようき,0.6
キョジオーン,やんちゃ,0.1
デスバーン,わんぱく,40.7
デスバーン,しんちょう,18.2
デスバーン,のんき,12.8
デスバーン,なまいき,12.2
デスバーン,いじっぱり,5.5
デスバーン,ゆうかん,4.3
デスバーン,ずぶとい,3.4
デスバーン,おだやか,2.1
デスバーン,ようき,0.3
デスバーン,おとなしい,0.1
デスカーン,ずぶとい,58.6
デスカーン,のんき,19.8
デスカーン,おだやか,10.1
デスカーン,なまいき,4.8
デスカーン,ひかえめ,2.7
デスカーン,れいせい,2.0
デスカーン,わんぱく,1.4
デスカーン,しんちょう,0.5
デスカーン,やんちゃ,0.1
デスカーン,おくびょう,0.1
アブソル,むじゃき,30.7
アブソル,ようき,30.3
アブソル,いじっぱり,28.6
アブソル,やんちゃ,4.2
アブソル,せっかち,1.5
アブソル,わんぱく,1.4
アブソル,おくびょう,0.7
アブソル,さみしがり,0.5
アブソル,うっかりや,0.4
アブソル,ずぶとい,0.4
オニゴーリ,おくびょう,44.2
オニゴーリ,ようき,14.3
オニゴーリ,いじっぱり,13.3
オニゴーリ,ずぶとい,10.8
オニゴーリ,むじゃき,3.4
オニゴーリ,おだやか,3.4
オニゴーリ,ひかえめ,3.3
オニゴーリ,まじめ,1.6
オニゴーリ,せっかち,1.3
オニゴーリ,わんぱく,1.0
カットロトム,ひかえめ,49.1
カットロトム,おくびょう,27.2
カットロトム,ずぶとい,13.1
カットロトム,おだやか,6.7
カットロトム,のんき,1.7
カットロトム,なまいき,1.1
カットロトム,れいせい,0.5
カットロトム,おっとり,0.3
カットロトム,せっかち,0.1
カットロトム,いじっぱり,0.0
オンバーン,おくびょう,52.1
オンバーン,ひかえめ,40.5
オンバーン,むじゃき,2.5
オンバーン,せっかち,1.0
オンバーン,おだやか,1.0
オンバーン,おっとり,0.8
オンバーン,ずぶとい,0.7
オンバーン,ようき,0.4
オンバーン,うっかりや,0.3
オンバーン,れいせい,0.2
モルペコ,いじっぱり,52.0
モルペコ,ようき,42.6
モルペコ,やんちゃ,1.3
モルペコ,むじゃき,1.1
モルペコ,さみしがり,1.0
モルペコ,せっかち,0.7
モルペコ,しんちょう,0.3
モルペコ,おくびょう,0.3
モルペコ,おっとり,0.2
モルペコ,ゆうかん,0.2
ヘルガー,おくびょう,60.9
ヘルガー,ひかえめ,16.3
ヘルガー,せっかち,10.7
ヘルガー,むじゃき,3.2
ヘルガー,おっとり,2.3
ヘルガー,ようき,1.7
ヘルガー,れいせい,1.5
ヘルガー,ゆうかん,0.9
ヘルガー,おだやか,0.8
ヘルガー,ずぶとい,0.6
ピカチュウ,ようき,30.5
ピカチュウ,おくびょう,26.1
ピカチュウ,ひかえめ,10.7
ピカチュウ,せっかち,8.3
ピカチュウ,いじっぱり,7.4
ピカチュウ,むじゃき,7.2
ピカチュウ,うっかりや,4.2
ピカチュウ,やんちゃ,1.8
ピカチュウ,ゆうかん,1.5
ピカチュウ,おっとり,0.7
ミカルゲ,のんき,25.4
ミカルゲ,なまいき,16.1
ミカルゲ,わんぱく,13.1
ミカルゲ,いじっぱり,10.8
ミカルゲ,ずぶとい,10.3
ミカルゲ,おだやか,7.2
ミカルゲ,しんちょう,6.1
ミカルゲ,ゆうかん,4.1
ミカルゲ,ひかえめ,2.6
ミカルゲ,れいせい,2.6
リキキリン,ひかえめ,44.7
リキキリン,ずぶとい,17.4
リキキリン,れいせい,14.5
リキキリン,おだやか,6.8
リキキリン,のんき,6.2
リキキリン,おくびょう,3.9
リキキリン,なまいき,3.1
リキキリン,おっとり,0.9
リキキリン,しんちょう,0.8
リキキリン,せっかち,0.6
ゾロアーク,おくびょう,56.9
ゾロアーク,ひかえめ,19.8
ゾロアーク,せっかち,9.8
ゾロアーク,むじゃき,3.6
ゾロアーク,おっとり,3.5
ゾロアーク,ようき,2.7
ゾロアーク,いじっぱり,1.9
ゾロアーク,うっかりや,0.8
ゾロアーク,ずぶとい,0.4
ゾロアーク,おとなしい,0.2
ドクロッグ,いじっぱり,65.8
ドクロッグ,ようき,20.3
ドクロッグ,わんぱく,2.6
ドクロッグ,しんちょう,2.2
ドクロッグ,やんちゃ,2.2
ドクロッグ,せっかち,2.0
ドクロッグ,むじゃき,1.8
ドクロッグ,さみしがり,0.7
ドクロッグ,おくびょう,0.6
ドクロッグ,ひかえめ,0.5
ジジーロン,ひかえめ,52.1
ジジーロン,れいせい,29.5
ジジーロン,ずぶとい,8.5
ジジーロン,おだやか,5.1
ジジーロン,おくびょう,1.7
ジジーロン,のんき,1.4
ジジーロン,おっとり,1.1
ジジーロン,なまいき,0.4
ジジーロン,いじっぱり,0.1
ジジーロン,がんばりや,0.0
クレッフィ,ずぶとい,52.0
クレッフィ,おだやか,24.2
クレッフィ,ひかえめ,14.3
クレッフィ,わんぱく,1.8
クレッフィ,れいせい,1.7
クレッフィ,おくびょう,1.4
クレッフィ,なまいき,1.4
クレッフィ,のんき,1.0
クレッフィ,しんちょう,0.4
クレッフィ,いじっぱり,0.4
ロズレイド,おくびょう,39.3
ロズレイド,ひかえめ,32.0
ロズレイド,おだやか,20.2
ロズレイド,ずぶとい,6.5
ロズレイド,ようき,0.3
ロズレイド,おっとり,0.3
ロズレイド,いじっぱり,0.3
ロズレイド,すなお,0.3
ロズレイド,せっかち,0.2
ロズレイド,おとなしい,0.1
ニョロトノ,ひかえめ,54.0
ニョロトノ,おだやか,14.3
ニョロトノ,ずぶとい,13.9
ニョロトノ,おくびょう,8.3
ニョロトノ,のんき,2.8
ニョロトノ,れいせい,2.7
ニョロトノ,なまいき,0.9
ニョロトノ,おとなしい,0.6
ニョロトノ,おっとり,0.6
ニョロトノ,しんちょう,0.4
ヤドキング,ずぶとい,27.0
ヤドキング,おだやか,22.7
ヤドキング,のんき,16.2
ヤドキング,なまいき,14.0
ヤドキング,ひかえめ,10.7
ヤドキング,れいせい,9.1
ヤドキング,おくびょう,0.1
ヤドキング,せっかち,0.1
ヤドキング,ゆうかん,0.1
ヤドキング,おっとり,0.0
ゴロンダ,いじっぱり,74.1
ゴロンダ,ゆうかん,10.7
ゴロンダ,ようき,6.2
ゴロンダ,わんぱく,5.1
ゴロンダ,しんちょう,1.3
ゴロンダ,やんちゃ,0.6
ゴロンダ,のんき,0.6
ゴロンダ,なまいき,0.5
ゴロンダ,むじゃき,0.3
ゴロンダ,さみしがり,0.2
ドサイドン,いじっぱり,50.7
ドサイドン,ゆうかん,16.7
ドサイドン,わんぱく,15.6
ドサイドン,しんちょう,5.7
ドサイドン,のんき,4.7
ドサイドン,ようき,2.6
ドサイドン,なまいき,1.1
ドサイドン,やんちゃ,1.0
ドサイドン,さみしがり,0.8
ドサイドン,おくびょう,0.4
ハガネール,いじっぱり,35.7
ハガネール,わんぱく,24.4
ハガネール,ゆうかん,12.3
ハガネール,のんき,10.7
ハガネール,しんちょう,9.6
ハガネール,なまいき,4.3
ハガネール,ようき,1.5
ハガネール,ずぶとい,0.8
ハガネール,れいせい,0.2
ハガネール,おだやか,0.2
カミツオロチ,ひかえめ,46.4
カミツオロチ,れいせい,19.8
カミツオロチ,ずぶとい,17.2
カミツオロチ,おだやか,7.9
カミツオロチ,のんき,3.3
カミツオロチ,なまいき,1.7
カミツオロチ,おくびょう,1.3
カミツオロチ,うっかりや,1.3
カミツオロチ,おとなしい,0.4
カミツオロチ,おっとり,0.3
キュウコン,おくびょう,57.0
キュウコン,ひかえめ,28.6
キュウコン,ずぶとい,7.8
キュウコン,おだやか,4.2
キュウコン,ようき,1.0
キュウコン,いじっぱり,0.4
キュウコン,れいせい,0.3
キュウコン,おっとり,0.2
キュウコン,せっかち,0.1
キュウコン,むじゃき,0.1
ヌメルゴン,ひかえめ,47.4
ヌメルゴン,おだやか,25.9
ヌメルゴン,ずぶとい,11.0
ヌメルゴン,れいせい,3.5
ヌメルゴン,おくびょう,2.8
ヌメルゴン,なまいき,2.5
ヌメルゴン,しんちょう,1.9
ヌメルゴン,わんぱく,1.2
ヌメルゴン,いじっぱり,1.2
ヌメルゴン,のんき,1.0
ランクルス,ずぶとい,33.8
ランクルス,おだやか,24.2
ランクルス,ひかえめ,21.1
ランクルス,れいせい,12.6
ランクルス,のんき,4.6
ランクルス,なまいき,2.4
ランクルス,おっとり,0.7
ランクルス,ゆうかん,0.2
ランクルス,おくびょう,0.1
ランクルス,うっかりや,0.1
ゴルーグ,いじっぱり,53.5
ゴルーグ,ゆうかん,28.7
ゴルーグ,ようき,8.6
ゴルーグ,わんぱく,3.7
ゴルーグ,しんちょう,2.2
ゴルーグ,ひかえめ,0.7
ゴルーグ,のんき,0.7
ゴルーグ,なまいき,0.6
ゴルーグ,のうてんき,0.5
ゴルーグ,やんちゃ,0.2
バクフーン,ひかえめ,42.6
バクフーン,おくびょう,29.4
バクフーン,うっかりや,14.0
バクフーン,せっかち,5.2
バクフーン,おっとり,2.7
バクフーン,さみしがり,1.9
バクフーン,むじゃき,1.8
バクフーン,れいせい,0.5
バクフーン,いじっぱり,0.5
バクフーン,ようき,0.3
マホイップ,ずぶとい,49.7
マホイップ,おだやか,27.5
マホイップ,ひかえめ,15.9
マホイップ,おくびょう,2.3
マホイップ,れいせい,1.7
マホイップ,なまいき,0.9
マホイップ,のんき,0.9
マホイップ,おとなしい,0.5
マホイップ,いじっぱり,0.3
マホイップ,わんぱく,0.1
バクーダ,れいせい,66.0
バクーダ,ひかえめ,24.2
バクーダ,ゆうかん,2.9
バクーダ,なまいき,1.8
バクーダ,ずぶとい,1.3
バクーダ,のんき,1.2
バクーダ,おだやか,0.7
バクーダ,いじっぱり,0.5
バクーダ,おくびょう,0.5
バクーダ,ようき,0.1
サダイジャ,ようき,33.2
サダイジャ,わんぱく,32.0
サダイジャ,いじっぱり,13.9
サダイジャ,しんちょう,12.4
サダイジャ,のんき,2.1
サダイジャ,ずぶとい,1.7
サダイジャ,さみしがり,0.8
サダイジャ,ゆうかん,0.6
サダイジャ,やんちゃ,0.6
サダイジャ,むじゃき,0.6
オーロット,わんぱく,51.0
オーロット,しんちょう,18.1
オーロット,ずぶとい,10.2
オーロット,いじっぱり,7.5
オーロット,のんき,3.4
オーロット,ゆうかん,3.0
オーロット,おだやか,3.0
オーロット,なまいき,1.7
オーロット,ようき,0.9
オーロット,おくびょう,0.4
ニャオニクス♂,おくびょう,46.4
ニャオニクス♂,ずぶとい,19.4
ニャオニクス♂,ひかえめ,18.2
ニャオニクス♂,おだやか,9.9
ニャオニクス♂,せっかち,1.3
ニャオニクス♂,いじっぱり,1.1
ニャオニクス♂,わんぱく,0.7
ニャオニクス♂,おとなしい,0.7
ニャオニクス♂,むじゃき,0.5
ニャオニクス♂,なまいき,0.4
ケンタロス(パルデア水),いじっぱり,57.3
ケンタロス(パルデア水),ようき,24.1
ケンタロス(パルデア水),わんぱく,14.0
ケンタロス(パルデア水),しんちょう,1.5
ケンタロス(パルデア水),さみしがり,1.4
ケンタロス(パルデア水),やんちゃ,1.1
ケンタロス(パルデア水),のんき,0.2
ケンタロス(パルデア水),のうてんき,0.2
ケンタロス(パルデア水),ゆうかん,0.2
ケンタロス(パルデア水),むじゃき,0.1
クレベース,わんぱく,61.4
クレベース,のんき,16.9
クレベース,いじっぱり,12.1
クレベース,ゆうかん,3.0
クレベース,のうてんき,1.8
クレベース,しんちょう,1.5
クレベース,なまいき,1.0
クレベース,ずぶとい,0.9
クレベース,ようき,0.6
クレベース,やんちゃ,0.3
ガチゴラス,ようき,47.6
ガチゴラス,いじっぱり,43.4
ガチゴラス,さみしがり,2.1
ガチゴラス,ゆうかん,1.7
ガチゴラス,しんちょう,1.3
ガチゴラス,わんぱく,1.2
ガチゴラス,せっかち,0.6
ガチゴラス,のんき,0.6
ガチゴラス,やんちゃ,0.5
ガチゴラス,むじゃき,0.4
レントラー,いじっぱり,49.7
レントラー,わんぱく,13.1
レントラー,ようき,11.8
レントラー,のんき,7.0
レントラー,ずぶとい,5.8
レントラー,しんちょう,3.0
レントラー,おだやか,1.7
レントラー,ゆうかん,1.6
レントラー,なまいき,1.5
レントラー,のうてんき,0.9
フラージェス,おだやか,52.0
フラージェス,ひかえめ,21.6
フラージェス,ずぶとい,20.2
フラージェス,おくびょう,2.0
フラージェス,おっとり,1.7
フラージェス,れいせい,0.7
フラージェス,のんき,0.7
フラージェス,なまいき,0.6
フラージェス,おとなしい,0.4
フラージェス,ようき,0.0
トリデプス,しんちょう,31.7
トリデプス,わんぱく,23.5
トリデプス,なまいき,16.6
トリデプス,のんき,11.5
トリデプス,おだやか,7.8
トリデプス,ずぶとい,3.5
トリデプス,いじっぱり,1.8
トリデプス,ひかえめ,1.5
トリデプス,ゆうかん,0.9
トリデプス,ようき,0.3
リーフィア,いじっぱり,45.2
リーフィア,わんぱく,29.1
リーフィア,ようき,13.2
リーフィア,しんちょう,3.3
リーフィア,むじゃき,1.7
リーフィア,やんちゃ,1.7
リーフィア,ゆうかん,1.3
リーフィア,さみしがり,1.0
リーフィア,ひかえめ,0.9
リーフィア,うっかりや,0.7
アヤシシ,ひかえめ,29.0
アヤシシ,いじっぱり,25.2
アヤシシ,わんぱく,10.1
アヤシシ,ゆうかん,6.9
アヤシシ,ずぶとい,5.6
アヤシシ,ようき,4.9
アヤシシ,のんき,3.8
アヤシシ,しんちょう,3.8
アヤシシ,れいせい,3.0
アヤシシ,さみしがり,2.5
マッギョ,おだやか,40.3
マッギョ,ずぶとい,22.2
マッギョ,ひかえめ,15.2
マッギョ,れいせい,7.5
マッギョ,なまいき,7.0
マッギョ,のんき,5.2
マッギョ,わんぱく,0.8
マッギョ,しんちょう,0.7
マッギョ,おっとり,0.6
マッギョ,むじゃき,0.3
エモンガ,おくびょう,59.5
エモンガ,ようき,21.8
エモンガ,ひかえめ,4.3
エモンガ,おだやか,3.9
エモンガ,ずぶとい,2.9
エモンガ,せっかち,2.2
エモンガ,むじゃき,1.8
エモンガ,いじっぱり,1.1
エモンガ,しんちょう,1.0
エモンガ,わんぱく,0.5
アマルルガ,ひかえめ,53.2
アマルルガ,ずぶとい,16.6
アマルルガ,おくびょう,16.3
アマルルガ,おだやか,5.5
アマルルガ,れいせい,3.5
アマルルガ,のんき,2.1
アマルルガ,なまいき,0.7
アマルルガ,おっとり,0.7
アマルルガ,わんぱく,0.4
アマルルガ,うっかりや,0.3
ブースター,いじっぱり,40.8
ブースター,しんちょう,20.4
ブースター,ようき,16.0
ブースター,おだやか,4.5
ブースター,さみしがり,4.0
ブースター,ひかえめ,3.3
ブースター,わんぱく,2.2
ブースター,ゆうかん,1.8
ブースター,おっとり,1.6
ブースター,やんちゃ,1.0
クレベース(ヒスイ),いじっぱり,52.0
クレベース(ヒスイ),わんぱく,15.6
クレベース(ヒスイ),ゆうかん,11.1
クレベース(ヒスイ),ようき,10.1
クレベース(ヒスイ),のんき,6.7
クレベース(ヒスイ),やんちゃ,1.7
クレベース(ヒスイ),しんちょう,1.2
クレベース(ヒスイ),のうてんき,0.6
クレベース(ヒスイ),なまいき,0.5
クレベース(ヒスイ),むじゃき,0.4
アーボック,わんぱく,37.0
アーボック,いじっぱり,22.0
アーボック,ようき,19.8
アーボック,しんちょう,11.8
アーボック,やんちゃ,3.5
アーボック,おだやか,1.3
アーボック,おくびょう,1.3
アーボック,なまいき,1.1
アーボック,おとなしい,0.8
アーボック,ずぶとい,0.4
フロストロトム,ひかえめ,45.8
フロストロトム,おくびょう,27.5
フロストロトム,ずぶとい,17.6
フロストロトム,おだやか,6.4
フロストロトム,おっとり,0.7
フロストロトム,れいせい,0.7
フロストロトム,なまいき,0.4
フロストロトム,やんちゃ,0.3
フロストロトム,ようき,0.2
フロストロトム,のんき,0.2
パンプジン(特大),わんぱく,41.9
パンプジン(特大),いじっぱり,17.8
パンプジン(特大),ゆうかん,16.2
パンプジン(特大),ずぶとい,7.5
パンプジン(特大),しんちょう,6.8
パンプジン(特大),のんき,5.0
パンプジン(特大),なまいき,2.6
パンプジン(特大),ようき,1.2
パンプジン(特大),れいせい,0.2
パンプジン(特大),やんちゃ,0.2
タブンネ,ずぶとい,41.3
タブンネ,ひかえめ,18.3
タブンネ,おだやか,14.7
タブンネ,のんき,14.4
タブンネ,なまいき,4.5
タブンネ,しんちょう,2.6
タブンネ,れいせい,1.7
タブンネ,おくびょう,0.9
タブンネ,いじっぱり,0.7
タブンネ,まじめ,0.3
アローラライチュウ,ひかえめ,47.5
アローラライチュウ,おくびょう,39.1
アローラライチュウ,せっかち,2.9
アローラライチュウ,おっとり,2.1
アローラライチュウ,ようき,1.8
アローラライチュウ,ずぶとい,1.8
アローラライチュウ,れいせい,1.4
アローラライチュウ,まじめ,1.3
アローラライチュウ,おだやか,0.8
アローラライチュウ,むじゃき,0.5
レパルダス,ようき,23.7
レパルダス,わんぱく,18.6
レパルダス,ずぶとい,17.6
レパルダス,おくびょう,9.9
レパルダス,いじっぱり,7.5
レパルダス,やんちゃ,4.0
レパルダス,しんちょう,4.0
レパルダス,おだやか,2.9
レパルダス,のんき,2.5
レパルダス,ゆうかん,1.8
ジュナイパー,いじっぱり,42.0
ジュナイパー,しんちょう,15.1
ジュナイパー,ようき,12.7
ジュナイパー,わんぱく,12.4
ジュナイパー,ひかえめ,4.4
ジュナイパー,ゆうかん,2.4
ジュナイパー,うっかりや,1.7
ジュナイパー,おとなしい,1.5
ジュナイパー,なまいき,1.5
ジュナイパー,おだやか,1.4
ガラルマッギョ,わんぱく,39.3
ガラルマッギョ,しんちょう,16.8
ガラルマッギョ,のうてんき,9.2
ガラルマッギョ,のんき,6.3
ガラルマッギョ,なまいき,5.9
ガラルマッギョ,ずぶとい,5.6
ガラルマッギョ,おだやか,4.2
ガラルマッギョ,いじっぱり,3.3
ガラルマッギョ,ひかえめ,3.3
ガラルマッギョ,ゆうかん,2.2
ライチュウ,おくびょう,53.8
ライチュウ,ひかえめ,16.6
ライチュウ,ようき,8.4
ライチュウ,せっかち,4.8
ライチュウ,おっとり,4.4
ライチュウ,いじっぱり,4.2
ライチュウ,むじゃき,1.7
ライチュウ,うっかりや,1.6
ライチュウ,おだやか,1.0
ライチュウ,まじめ,0.8
スピンロトム,ひかえめ,43.9
スピンロトム,おくびょう,23.5
スピンロトム,ずぶとい,22.7
スピンロトム,おだやか,5.1
スピンロトム,おっとり,1.6
スピンロトム,のんき,1.1
スピンロトム,れいせい,0.8
スピンロトム,なまいき,0.6
スピンロトム,せっかち,0.4
スピンロトム,まじめ,0.1
デデンネ,おくびょう,38.6
デデンネ,ひかえめ,28.4
デデンネ,おだやか,8.9
デデンネ,ずぶとい,8.1
デデンネ,わんぱく,6.3
デデンネ,ようき,3.8
デデンネ,いじっぱり,1.5
デデンネ,むじゃき,1.3
デデンネ,せっかち,1.1
デデンネ,しんちょう,0.9
バリコオル,ひかえめ,49.7
バリコオル,おくびょう,14.3
バリコオル,ずぶとい,10.5
バリコオル,おだやか,8.9
バリコオル,れいせい,4.6
バリコオル,うっかりや,3.5
バリコオル,おっとり,2.1
バリコオル,のんき,2.1
バリコオル,いじっぱり,1.1
バリコオル,なまいき,0.6
ニャオニクス♀,おくびょう,71.2
ニャオニクス♀,ひかえめ,23.3
ニャオニクス♀,ずぶとい,1.7
ニャオニクス♀,せっかち,1.0
ニャオニクス♀,おだやか,0.9
ニャオニクス♀,のんき,0.5
ニャオニクス♀,むじゃき,0.4
ニャオニクス♀,がんばりや,0.4
ニャオニクス♀,なまいき,0.2
ニャオニクス♀,ようき,0.2
ダストダス,いじっぱり,38.2
ダストダス,わんぱく,32.2
ダストダス,しんちょう,8.4
ダストダス,ようき,6.6
ダストダス,ゆうかん,4.8
ダストダス,おだやか,3.0
ダストダス,ずぶとい,2.9
ダストダス,のんき,0.8
ダストダス,おくびょう,0.7
ダストダス,なまいき,0.6
ツンベアー,いじっぱり,54.8
ツンベアー,ようき,38.9
ツンベアー,わんぱく,2.2
ツンベアー,ゆうかん,1.0
ツンベアー,しんちょう,0.7
ツンベアー,おくびょう,0.5
ツンベアー,やんちゃ,0.4
ツンベアー,むじゃき,0.3
ツンベアー,ずぶとい,0.3
ツンベアー,おとなしい,0.2
ラムパルド,ようき,50.1
ラムパルド,いじっぱり,27.4
ラムパルド,ゆうかん,17.5
ラムパルド,やんちゃ,2.0
ラムパルド,むじゃき,1.0
ラムパルド,さみしがり,0.5
ラムパルド,わんぱく,0.5
ラムパルド,せっかち,0.4
ラムパルド,しんちょう,0.3
ラムパルド,なまいき,0.2
トリミアン,わんぱく,45.4
トリミアン,しんちょう,13.0
トリミアン,ようき,11.8
トリミアン,いじっぱり,9.1
トリミアン,ずぶとい,5.8
トリミアン,やんちゃ,4.1
トリミアン,おだやか,2.5
トリミアン,なまいき,1.8
トリミアン,のんき,1.8
トリミアン,おくびょう,1.5
ルガルガン(まひる),ようき,62.5
ルガルガン(まひる),いじっぱり,25.2
ルガルガン(まひる),やんちゃ,5.2
ルガルガン(まひる),むじゃき,2.8
ルガルガン(まひる),せっかち,1.8
ルガルガン(まひる),のんき,0.9
ルガルガン(まひる),わんぱく,0.6
ルガルガン(まひる),さみしがり,0.6
ルガルガン(まひる),ゆうかん,0.2
ルガルガン(まひる),おとなしい,0.1
タルップル,ずぶとい,34.8
タルップル,おだやか,26.7
タルップル,れいせい,16.1
タルップル,のんき,8.9
タルップル,ひかえめ,7.9
タルップル,なまいき,3.9
タルップル,ゆうかん,0.6
タルップル,わんぱく,0.4
タルップル,おっとり,0.2
タルップル,のうてんき,0.2
ヒヤッキー,おくびょう,33.8
ヒヤッキー,ひかえめ,29.1
ヒヤッキー,ようき,16.2
ヒヤッキー,せっかち,5.8
ヒヤッキー,れいせい,4.7
ヒヤッキー,むじゃき,2.8
ヒヤッキー,いじっぱり,2.6
ヒヤッキー,ずぶとい,1.9
ヒヤッキー,うっかりや,1.0
ヒヤッキー,おっとり,0.8
ナゲツケサル,いじっぱり,41.9
ナゲツケサル,ようき,32.6
ナゲツケサル,ひかえめ,14.1
ナゲツケサル,わんぱく,6.1
ナゲツケサル,しんちょう,3.2
ナゲツケサル,さみしがり,0.6
ナゲツケサル,ゆうかん,0.4
ナゲツケサル,ずぶとい,0.4
ナゲツケサル,やんちゃ,0.3
ナゲツケサル,せっかち,0.1
パンプジン(普通),いじっぱり,53.3
パンプジン(普通),ようき,22.3
パンプジン(普通),わんぱく,11.7
パンプジン(普通),しんちょう,3.4
パンプジン(普通),おだやか,2.5
パンプジン(普通),ずぶとい,1.5
パンプジン(普通),むじゃき,1.2
パンプジン(普通),のんき,1.2
パンプジン(普通),ゆうかん,1.1
パンプジン(普通),おくびょう,0.5
ルガルガン(まよなか),いじっぱり,48.0
ルガルガン(まよなか),ようき,42.6
ルガルガン(まよなか),しんちょう,5.5
ルガルガン(まよなか),さみしがり,1.2
ルガルガン(まよなか),わんぱく,1.2
ルガルガン(まよなか),せっかち,1.0
ルガルガン(まよなか),やんちゃ,0.2
ルガルガン(まよなか),なまいき,0.2
ルガルガン(まよなか),ゆうかん,0.1
ルガルガン(まよなか),むじゃき,0.1
ケンタロス,ひかえめ,33.7
ケンタロス,いじっぱり,28.8
ケンタロス,ようき,25.4
ケンタロス,むじゃき,5.6
ケンタロス,わんぱく,3.7
ケンタロス,ゆうかん,1.0
ケンタロス,さみしがり,0.7
ケンタロス,おくびょう,0.3
ケンタロス,やんちゃ,0.3
ケンタロス,おっとり,0.2
バオッキー,ようき,21.4
バオッキー,おくびょう,20.2
バオッキー,いじっぱり,19.6
バオッキー,むじゃき,10.7
バオッキー,ひかえめ,9.5
バオッキー,おっとり,5.3
バオッキー,うっかりや,3.6
バオッキー,ずぶとい,3.3
バオッキー,せっかち,3.1
バオッキー,おだやか,0.9
アップリュー,いじっぱり,47.4
アップリュー,ようき,35.3
アップリュー,ゆうかん,7.5
アップリュー,わんぱく,2.4
アップリュー,やんちゃ,1.5
アップリュー,ひかえめ,1.2
アップリュー,さみしがり,0.9
アップリュー,せっかち,0.8
アップリュー,しんちょう,0.6
アップリュー,むじゃき,0.6
ヤレユータン,ひかえめ,39.4
ヤレユータン,ずぶとい,19.1
ヤレユータン,れいせい,13.4
ヤレユータン,おだやか,9.3
ヤレユータン,のんき,8.5
ヤレユータン,なまいき,6.4
ヤレユータン,おっとり,1.9
ヤレユータン,おくびょう,1.1
ヤレユータン,いじっぱり,0.5
ヤレユータン,しんちょう,0.1
ヤナッキー,ようき,31.5
ヤナッキー,いじっぱり,17.1
ヤナッキー,おくびょう,17.1
ヤナッキー,むじゃき,15.7
ヤナッキー,ひかえめ,8.5
ヤナッキー,せっかち,3.5
ヤナッキー,ずぶとい,1.7
ヤナッキー,やんちゃ,1.6
ヤナッキー,おっとり,0.8
ヤナッキー,わんぱく,0.6
ポワルン,ひかえめ,36.2
ポワルン,まじめ,26.3
ポワルン,おくびょう,22.8
ポワルン,ずぶとい,9.9
ポワルン,おだやか,2.1
ポワルン,おっとり,1.6
ポワルン,れいせい,0.5
ポワルン,のんき,0.4
ポワルン,せっかち,0.1
ポワルン,いじっぱり,0.1
ダイケンキ,ひかえめ,49.1
ダイケンキ,れいせい,7.8
ダイケンキ,のうてんき,6.7
ダイケンキ,ずぶとい,6.7
ダイケンキ,いじっぱり,6.0
ダイケンキ,おくびょう,4.7
ダイケンキ,のんき,4.7
ダイケンキ,わんぱく,4.6
ダイケンキ,うっかりや,2.1
ダイケンキ,おっとり,1.8
フレフワン,なまいき,27.0
フレフワン,れいせい,25.1
フレフワン,ひかえめ,20.4
フレフワン,のんき,10.4
フレフワン,ずぶとい,7.5
フレフワン,おっとり,3.9
フレフワン,おだやか,3.4
フレフワン,ゆうかん,1.9
フレフワン,まじめ,0.5
フレフワン,おくびょう,0.0
ミルホッグ,いじっぱり,49.6
ミルホッグ,ゆうかん,22.8
ミルホッグ,ようき,9.1
ミルホッグ,わんぱく,8.2
ミルホッグ,ひかえめ,2.0
ミルホッグ,やんちゃ,2.0
ミルホッグ,おくびょう,1.5
ミルホッグ,すなお,1.2
ミルホッグ,おだやか,1.2
ミルホッグ,れいせい,0.7
ロトム,いじっぱり,49.0
ロトム,おくびょう,33.9
ロトム,ひかえめ,10.8
ロトム,ずぶとい,3.4
ロトム,おだやか,1.9
ロトム,ようき,0.4
ロトム,うっかりや,0.3
ロトム,なまいき,0.1
ロトム,せっかち,0.1
ロトム,おっとり,0.1
パンプジン(小),ようき,35.5
パンプジン(小),いじっぱり,29.7
パンプジン(小),わんぱく,16.4
パンプジン(小),ゆうかん,8.0
パンプジン(小),おくびょう,3.4
パンプジン(小),しんちょう,2.3
パンプジン(小),ずぶとい,1.9
パンプジン(小),なまいき,1.5
パンプジン(小),おだやか,0.5
パンプジン(小),のんき,0.3
パンプジン(大),わんぱく,47.0
パンプジン(大),ゆうかん,23.0
パンプジン(大),いじっぱり,14.8
パンプジン(大),ずぶとい,4.3
パンプジン(大),ようき,2.9
パンプジン(大),しんちょう,2.8
パンプジン(大),のうてんき,2.3
パンプジン(大),のんき,1.2
パンプジン(大),やんちゃ,0.8
パンプジン(大),おだやか,0.3
ケンタロス(パルデア単),ようき,41.4
ケンタロス(パルデア単),いじっぱり,38.2
ケンタロス(パルデア単),わんぱく,13.9
ケンタロス(パルデア単),しんちょう,3.3
ケンタロス(パルデア単),やんちゃ,1.7
ケンタロス(パルデア単),さみしがり,0.6
ケンタロス(パルデア単),ずぶとい,0.4
ケンタロス(パルデア単),のんき,0.3
ケンタロス(パルデア単),のうてんき,0.3
