ガブリアス,ようき,51.4
ガブリアス,いじっぱり,34.7
ガブリアス,わんぱく,10.8
ガブリアス,しんちょう,1.6
ガブリアス,むじゃき,0.4
ガブリアス,ずぶとい,0.2
ガブリアス,やんちゃ,0.2
ガブリアス,せっかち,0.1
ガブリアス,ひかえめ,0.1
ガブリアス,おくびょう,0.1
ブリジュラス,ひかえめ,40.5
ブリジュラス,ずぶとい,26.9
ブリジュラス,おだやか,14.5
ブリジュラス,おくびょう,9.0
ブリジュラス,しんちょう,3.7
ブリジュラス,わんぱく,1.7
ブリジュラス,のんき,1.0
ブリジュラス,なまいき,0.9
ブリジュラス,うっかりや,0.7
ブリジュラス,れいせい,0.5
マスカーニャ,いじっぱり,45.3
マスカーニャ,ようき,44.4
マスカーニャ,うっかりや,3.8
マスカーニャ,むじゃき,2.0
マスカーニャ,やんちゃ,1.3
マスカーニャ,ひかえめ,1.1
マスカーニャ,せっかち,0.6
マスカーニャ,おくびょう,0.5
マスカーニャ,さみしがり,0.3
マスカーニャ,おっとり,0.2
アシレーヌ,ひかえめ,64.8
アシレーヌ,ずぶとい,13.1
アシレーヌ,れいせい,13.0
アシレーヌ,おだやか,3.3
アシレーヌ,のんき,2.0
アシレーヌ,おっとり,1.3
アシレーヌ,おくびょう,1.2
アシレーヌ,なまいき,0.7
アシレーヌ,うっかりや,0.4
アシレーヌ,せっかち,0.1
リザードン,ひかえめ,33.5
リザードン,おくびょう,29.9
リザードン,いじっぱり,17.6
リザードン,ようき,16.0
リザードン,ずぶとい,0.9
リザードン,わんぱく,0.6
リザードン,せっかち,0.3
リザードン,おっとり,0.3
リザードン,むじゃき,0.2
リザードン,やんちゃ,0.2
イダイトウ♂,ようき,66.5
イダイトウ♂,いじっぱり,32.2
イダイトウ♂,ゆうかん,0.2
イダイトウ♂,やんちゃ,0.2
イダイトウ♂,さみしがり,0.2
イダイトウ♂,せっかち,0.2
イダイトウ♂,むじゃき,0.2
イダイトウ♂,わんぱく,0.1
イダイトウ♂,おくびょう,0.1
イダイトウ♂,しんちょう,0.0
アーマーガア,わんぱく,48.3
アーマーガア,のんき,28.8
アーマーガア,しんちょう,15.4
アーマーガア,なまいき,4.2
アーマーガア,いじっぱり,1.3
アーマーガア,ずぶとい,1.1
アーマーガア,ようき,0.3
アーマーガア,おだやか,0.2
アーマーガア,ゆうかん,0.1
アーマーガア,やんちゃ,0.0
カバルドン,わんぱく,73.8
カバルドン,しんちょう,16.9
カバルドン,のんき,5.2
カバルドン,いじっぱり,1.3
カバルドン,なまいき,1.0
カバルドン,ずぶとい,0.9
カバルドン,おだやか,0.3
カバルドン,ゆうかん,0.2
カバルドン,ようき,0.1
カバルドン,やんちゃ,0.0
ルカリオ,ようき,65.0
ルカリオ,おくびょう,19.5
ルカリオ,ひかえめ,6.7
ルカリオ,いじっぱり,5.1
ルカリオ,むじゃき,2.1
ルカリオ,せっかち,0.6
ルカリオ,うっかりや,0.3
ルカリオ,やんちゃ,0.2
ルカリオ,おっとり,0.1
ルカリオ,さみしがり,0.1
ミミロップ,ようき,69.5
ミミロップ,いじっぱり,28.8
ミミロップ,おくびょう,0.6
ミミロップ,わんぱく,0.3
ミミロップ,しんちょう,0.2
ミミロップ,せっかち,0.1
ミミロップ,むじゃき,0.1
ミミロップ,さみしがり,0.1
ミミロップ,ずぶとい,0.1
ミミロップ,おだやか,0.1
ゲンガー,おくびょう,68.4
ゲンガー,ひかえめ,30.2
ゲンガー,むじゃき,0.3
ゲンガー,おだやか,0.3
ゲンガー,せっかち,0.2
ゲンガー,おっとり,0.2
ゲンガー,ずぶとい,0.2
ゲンガー,うっかりや,0.1
ゲンガー,ようき,0.1
ゲンガー,れいせい,0.0
ギルガルド(シールド),いじっぱり,56.5
ギルガルド(シールド),ゆうかん,18.9
ギルガルド(シールド),れいせい,10.4
ギルガルド(シールド),なまいき,8.4
ギルガルド(シールド),ひかえめ,1.3
ギルガルド(シールド),しんちょう,1.3
ギルガルド(シールド),わんぱく,0.9
ギルガルド(シールド),のんき,0.9
ギルガルド(シールド),ようき,0.5
ギルガルド(シールド),やんちゃ,0.2
ギャラドス,いじっぱり,43.6
ギャラドス,ようき,41.3
ギャラドス,わんぱく,13.1
ギャラドス,しんちょう,1.3
ギャラドス,ずぶとい,0.2
ギャラドス,やんちゃ,0.1
ギャラドス,さみしがり,0.1
ギャラドス,ゆうかん,0.1
ギャラドス,ひかえめ,0.1
ギャラドス,のんき,0.1
ハッサム,いじっぱり,90.5
ハッサム,わんぱく,4.7
ハッサム,しんちょう,1.5
ハッサム,ゆうかん,1.2
ハッサム,ようき,1.1
ハッサム,のんき,0.4
ハッサム,やんちゃ,0.2
ハッサム,なまいき,0.1
ハッサム,さみしがり,0.1
ハッサム,ずぶとい,0.1
カイリュー,ひかえめ,66.1
カイリュー,おくびょう,10.2
カイリュー,いじっぱり,10.1
カイリュー,ようき,6.6
カイリュー,れいせい,1.8
カイリュー,うっかりや,1.4
カイリュー,ずぶとい,0.7
カイリュー,おっとり,0.7
カイリュー,むじゃき,0.6
カイリュー,おだやか,0.4
キラフロル,おくびょう,57.6
キラフロル,ひかえめ,33.2
キラフロル,おだやか,5.8
キラフロル,ずぶとい,1.9
キラフロル,ようき,0.4
キラフロル,むじゃき,0.2
キラフロル,せっかち,0.2
キラフロル,いじっぱり,0.1
キラフロル,わんぱく,0.1
キラフロル,しんちょう,0.1
フラエッテ(永遠),おくびょう,55.3
フラエッテ(永遠),ひかえめ,40.2
フラエッテ(永遠),ずぶとい,4.0
フラエッテ(永遠),おだやか,0.4
フラエッテ(永遠),ようき,0.1
フラエッテ(永遠),わんぱく,0.0
フラエッテ(永遠),れいせい,0.0
フラエッテ(永遠),むじゃき,0.0
フラエッテ(永遠),せっかち,0.0
フラエッテ(永遠),なまいき,0.0
ウルガモス,ずぶとい,40.1
ウルガモス,ひかえめ,33.7
ウルガモス,おくびょう,22.0
ウルガモス,おだやか,3.5
ウルガモス,おっとり,0.2
ウルガモス,せっかち,0.1
ウルガモス,れいせい,0.1
ウルガモス,わんぱく,0.1
ウルガモス,のんき,0.0
ウルガモス,ようき,0.0
スターミー,いじっぱり,67.6
スターミー,ようき,27.0
スターミー,ひかえめ,1.8
スターミー,おくびょう,1.5
スターミー,むじゃき,0.6
スターミー,やんちゃ,0.4
スターミー,せっかち,0.2
スターミー,しんちょう,0.2
スターミー,わんぱく,0.1
スターミー,さみしがり,0.1
ミミッキュ,いじっぱり,80.9
ミミッキュ,ようき,14.4
ミミッキュ,わんぱく,1.2
ミミッキュ,ゆうかん,1.1
ミミッキュ,しんちょう,0.6
ミミッキュ,おくびょう,0.4
ミミッキュ,のんき,0.3
ミミッキュ,やんちゃ,0.3
ミミッキュ,さみしがり,0.2
ミミッキュ,ずぶとい,0.2
ウォッシュロトム,ずぶとい,34.2
ウォッシュロトム,ひかえめ,27.9
ウォッシュロトム,おだやか,13.7
ウォッシュロトム,なまいき,11.9
ウォッシュロトム,おくびょう,10.3
ウォッシュロトム,のんき,1.1
ウォッシュロトム,れいせい,0.5
ウォッシュロトム,おっとり,0.1
ウォッシュロトム,せっかち,0.1
ウォッシュロトム,わんぱく,0.1
サザンドラ,ひかえめ,61.9
サザンドラ,おくびょう,35.4
サザンドラ,ずぶとい,0.5
サザンドラ,おっとり,0.3
サザンドラ,むじゃき,0.3
サザンドラ,うっかりや,0.3
サザンドラ,おだやか,0.3
サザンドラ,せっかち,0.3
サザンドラ,いじっぱり,0.3
サザンドラ,ようき,0.2
ダイケンキ(ヒスイ),いじっぱり,64.9
ダイケンキ(ヒスイ),ようき,20.7
ダイケンキ(ヒスイ),むじゃき,7.2
ダイケンキ(ヒスイ),わんぱく,3.9
ダイケンキ(ヒスイ),やんちゃ,1.9
ダイケンキ(ヒスイ),さみしがり,0.3
ダイケンキ(ヒスイ),しんちょう,0.2
ダイケンキ(ヒスイ),ゆうかん,0.2
ダイケンキ(ヒスイ),せっかち,0.2
ダイケンキ(ヒスイ),うっかりや,0.1
ドドゲザン,いじっぱり,91.6
ドドゲザン,ゆうかん,3.2
ドドゲザン,ようき,2.4
ドドゲザン,わんぱく,1.0
ドドゲザン,しんちょう,0.9
ドドゲザン,やんちゃ,0.2
ドドゲザン,なまいき,0.2
ドドゲザン,のんき,0.2
ドドゲザン,さみしがり,0.1
ドドゲザン,おとなしい,0.0
ソウブレイズ,いじっぱり,82.2
ソウブレイズ,ようき,14.7
ソウブレイズ,しんちょう,1.1
ソウブレイズ,わんぱく,0.9
ソウブレイズ,さみしがり,0.3
ソウブレイズ,やんちゃ,0.2
ソウブレイズ,せっかち,0.1
ソウブレイズ,むじゃき,0.1
ソウブレイズ,なまいき,0.1
ソウブレイズ,ゆうかん,0.0
カメックス,ひかえめ,74.6
カメックス,おくびょう,20.2
カメックス,ずぶとい,2.2
カメックス,れいせい,0.9
カメックス,おだやか,0.6
カメックス,いじっぱり,0.5
カメックス,おっとり,0.2
カメックス,のんき,0.1
カメックス,わんぱく,0.1
カメックス,せっかち,0.1
マフォクシー,おくびょう,87.0
マフォクシー,ひかえめ,11.1
マフォクシー,ずぶとい,1.2
マフォクシー,おだやか,0.2
マフォクシー,おっとり,0.2
マフォクシー,せっかち,0.1
マフォクシー,ようき,0.1
マフォクシー,むじゃき,0.1
マフォクシー,れいせい,0.0
マフォクシー,さみしがり,0.0
ラウドボーン,ずぶとい,68.3
ラウドボーン,おだやか,20.8
ラウドボーン,ひかえめ,8.1
ラウドボーン,のんき,0.8
ラウドボーン,おくびょう,0.6
ラウドボーン,れいせい,0.5
ラウドボーン,なまいき,0.4
ラウドボーン,わんぱく,0.2
ラウドボーン,おっとり,0.1
ラウドボーン,しんちょう,0.1
フシギバナ,おだやか,39.5
フシギバナ,ずぶとい,33.2
フシギバナ,ひかえめ,23.9
フシギバナ,おくびょう,1.4
フシギバナ,れいせい,0.4
フシギバナ,なまいき,0.4
フシギバナ,しんちょう,0.3
フシギバナ,のんき,0.2
フシギバナ,わんぱく,0.2
フシギバナ,いじっぱり,0.2
ハラバリー,おだやか,47.1
ハラバリー,なまいき,26.7
ハラバリー,ずぶとい,12.5
ハラバリー,ひかえめ,7.4
ハラバリー,のんき,3.1
ハラバリー,れいせい,2.6
ハラバリー,おくびょう,0.2
ハラバリー,しんちょう,0.1
ハラバリー,おっとり,0.1
ハラバリー,わんぱく,0.0
ブラッキー,ずぶとい,56.4
ブラッキー,わんぱく,20.7
ブラッキー,おだやか,9.3
ブラッキー,しんちょう,6.3
ブラッキー,のんき,5.0
ブラッキー,なまいき,1.1
ブラッキー,いじっぱり,0.3
ブラッキー,ようき,0.2
ブラッキー,おくびょう,0.2
ブラッキー,ゆうかん,0.1
ゲッコウガ,ひかえめ,52.2
ゲッコウガ,おくびょう,37.4
ゲッコウガ,むじゃき,4.6
ゲッコウガ,うっかりや,1.2
ゲッコウガ,せっかち,1.2
ゲッコウガ,ようき,1.1
ゲッコウガ,おっとり,0.8
ゲッコウガ,いじっぱり,0.8
ゲッコウガ,やんちゃ,0.3
ゲッコウガ,さみしがり,0.1
オオニューラ,いじっぱり,64.8
オオニューラ,ようき,29.9
オオニューラ,わんぱく,2.0
オオニューラ,やんちゃ,0.9
オオニューラ,さみしがり,0.7
オオニューラ,むじゃき,0.6
オオニューラ,せっかち,0.4
オオニューラ,しんちょう,0.2
オオニューラ,ゆうかん,0.1
オオニューラ,おくびょう,0.1
メガニウム,ひかえめ,88.5
メガニウム,おくびょう,4.7
メガニウム,ずぶとい,4.2
メガニウム,おだやか,1.8
メガニウム,れいせい,0.5
メガニウム,おっとり,0.1
メガニウム,いじっぱり,0.0
メガニウム,なまいき,0.0
メガニウム,まじめ,0.0
メガニウム,のんき,0.0
ガルーラ,いじっぱり,88.7
ガルーラ,ようき,7.2
ガルーラ,わんぱく,2.1
ガルーラ,ゆうかん,0.5
ガルーラ,やんちゃ,0.3
ガルーラ,ひかえめ,0.2
ガルーラ,さみしがり,0.2
ガルーラ,しんちょう,0.2
ガルーラ,れいせい,0.1
ガルーラ,むじゃき,0.1
ピクシー,ずぶとい,63.7
ピクシー,おだやか,21.6
ピクシー,ひかえめ,11.7
ピクシー,おくびょう,1.7
ピクシー,のんき,0.3
ピクシー,れいせい,0.3
ピクシー,なまいき,0.2
ピクシー,おっとり,0.1
ピクシー,しんちょう,0.1
ピクシー,ようき,0.1
クエスパトラ,ずぶとい,42.4
クエスパトラ,おくびょう,30.4
クエスパトラ,ひかえめ,22.3
クエスパトラ,おだやか,3.7
クエスパトラ,おっとり,0.2
クエスパトラ,のんき,0.2
クエスパトラ,わんぱく,0.1
クエスパトラ,せっかち,0.1
クエスパトラ,ようき,0.1
クエスパトラ,れいせい,0.1
バンギラス,いじっぱり,52.3
バンギラス,しんちょう,23.5
バンギラス,ようき,14.2
バンギラス,わんぱく,4.8
バンギラス,ひかえめ,1.4
バンギラス,ゆうかん,1.2
バンギラス,なまいき,0.8
バンギラス,のんき,0.3
バンギラス,おだやか,0.3
バンギラス,おくびょう,0.2
ニンフィア,ひかえめ,54.1
ニンフィア,ずぶとい,23.5
ニンフィア,れいせい,7.7
ニンフィア,おだやか,6.3
ニンフィア,のんき,5.8
ニンフィア,おくびょう,1.5
ニンフィア,なまいき,0.4
ニンフィア,おっとり,0.3
ニンフィア,わんぱく,0.1
ニンフィア,せっかち,0.1
ペリッパー,のんき,33.1
ペリッパー,ひかえめ,31.3
ペリッパー,ずぶとい,12.3
ペリッパー,おくびょう,8.4
ペリッパー,れいせい,7.9
ペリッパー,おだやか,2.4
ペリッパー,なまいき,2.1
ペリッパー,おっとり,1.5
ペリッパー,うっかりや,0.3
ペリッパー,わんぱく,0.3
オニシズクモ,いじっぱり,52.0
オニシズクモ,わんぱく,17.3
オニシズクモ,ひかえめ,9.1
オニシズクモ,しんちょう,8.2
オニシズクモ,ゆうかん,3.0
オニシズクモ,のんき,2.4
オニシズクモ,ずぶとい,2.2
オニシズクモ,なまいき,2.0
オニシズクモ,おだやか,1.1
オニシズクモ,ようき,0.8
ゾロアーク(ヒスイ),おくびょう,73.7
ゾロアーク(ヒスイ),ひかえめ,14.7
ゾロアーク(ヒスイ),むじゃき,5.8
ゾロアーク(ヒスイ),せっかち,2.3
ゾロアーク(ヒスイ),おっとり,1.1
ゾロアーク(ヒスイ),ようき,0.8
ゾロアーク(ヒスイ),うっかりや,0.6
ゾロアーク(ヒスイ),ずぶとい,0.3
ゾロアーク(ヒスイ),いじっぱり,0.2
ゾロアーク(ヒスイ),れいせい,0.2
エアームド,ようき,48.0
エアームド,わんぱく,22.7
エアームド,いじっぱり,17.6
エアームド,しんちょう,5.7
エアームド,ずぶとい,2.6
エアームド,おだやか,2.3
エアームド,のんき,0.3
エアームド,おくびょう,0.2
エアームド,なまいき,0.1
エアームド,むじゃき,0.1
エルフーン,ひかえめ,38.8
エルフーン,おくびょう,31.1
エルフーン,ずぶとい,22.0
エルフーン,おだやか,6.6
エルフーン,わんぱく,0.3
エルフーン,おっとり,0.2
エルフーン,のんき,0.2
エルフーン,せっかち,0.2
エルフーン,れいせい,0.2
エルフーン,ようき,0.2
カビゴン,いじっぱり,45.3
カビゴン,しんちょう,28.8
カビゴン,わんぱく,16.8
カビゴン,ゆうかん,3.0
カビゴン,のんき,2.7
カビゴン,なまいき,2.3
カビゴン,ずぶとい,0.4
カビゴン,おだやか,0.3
カビゴン,やんちゃ,0.1
カビゴン,さみしがり,0.1
エルレイド,ようき,56.9
エルレイド,いじっぱり,40.3
エルレイド,わんぱく,0.8
エルレイド,しんちょう,0.6
エルレイド,ゆうかん,0.4
エルレイド,さみしがり,0.2
エルレイド,やんちゃ,0.2
エルレイド,なまいき,0.2
エルレイド,せっかち,0.1
エルレイド,むじゃき,0.1
マンムー,いじっぱり,76.3
マンムー,ようき,19.9
マンムー,わんぱく,1.0
マンムー,しんちょう,0.8
マンムー,やんちゃ,0.6
マンムー,さみしがり,0.4
マンムー,ゆうかん,0.3
マンムー,むじゃき,0.2
マンムー,のんき,0.1
マンムー,せっかち,0.1
ヒートロトム,ひかえめ,44.9
ヒートロトム,おくびょう,22.3
ヒートロトム,ずぶとい,19.2
ヒートロトム,おだやか,10.5
ヒートロトム,なまいき,1.4
ヒートロトム,のんき,0.7
ヒートロトム,れいせい,0.5
ヒートロトム,おっとり,0.2
ヒートロトム,せっかち,0.2
ヒートロトム,しんちょう,0.0
スコヴィラン,ずぶとい,45.7
スコヴィラン,おだやか,17.3
スコヴィラン,ひかえめ,15.3
スコヴィラン,いじっぱり,8.7
スコヴィラン,おくびょう,6.5
スコヴィラン,のんき,1.7
スコヴィラン,しんちょう,1.3
スコヴィラン,れいせい,0.7
スコヴィラン,わんぱく,0.5
スコヴィラン,なまいき,0.5
ドラパルト,いじっぱり,28.5
ドラパルト,ようき,21.8
ドラパルト,おくびょう,18.2
ドラパルト,むじゃき,8.5
ドラパルト,ひかえめ,8.5
ドラパルト,やんちゃ,5.6
ドラパルト,うっかりや,2.3
ドラパルト,せっかち,2.1
ドラパルト,さみしがり,1.4
ドラパルト,おっとり,0.8
ミロカロス,ずぶとい,67.4
ミロカロス,おだやか,17.4
ミロカロス,ひかえめ,9.3
ミロカロス,のんき,1.9
ミロカロス,なまいき,0.9
ミロカロス,いじっぱり,0.7
ミロカロス,おくびょう,0.6
ミロカロス,れいせい,0.5
ミロカロス,わんぱく,0.4
ミロカロス,しんちょう,0.3
アローラキュウコン,おくびょう,85.1
アローラキュウコン,ひかえめ,10.3
アローラキュウコン,ずぶとい,2.1
アローラキュウコン,おだやか,1.1
アローラキュウコン,せっかち,0.4
アローラキュウコン,おっとり,0.2
アローラキュウコン,むじゃき,0.2
アローラキュウコン,なまいき,0.2
アローラキュウコン,のんき,0.1
アローラキュウコン,ようき,0.1
ドリュウズ,ようき,50.7
ドリュウズ,いじっぱり,46.8
ドリュウズ,しんちょう,1.0
ドリュウズ,やんちゃ,0.4
ドリュウズ,わんぱく,0.3
ドリュウズ,むじゃき,0.2
ドリュウズ,さみしがり,0.1
ドリュウズ,せっかち,0.1
ドリュウズ,ゆうかん,0.1
ドリュウズ,おくびょう,0.1
バイバニラ,ひかえめ,79.4
バイバニラ,ずぶとい,4.8
バイバニラ,おくびょう,4.7
バイバニラ,れいせい,4.0
バイバニラ,おだやか,1.7
バイバニラ,いじっぱり,1.0
バイバニラ,うっかりや,0.9
バイバニラ,のんき,0.6
バイバニラ,むじゃき,0.6
バイバニラ,ようき,0.4
サーナイト,ひかえめ,72.7
サーナイト,おくびょう,21.7
サーナイト,ずぶとい,2.3
サーナイト,おだやか,2.1
サーナイト,れいせい,0.3
サーナイト,おっとり,0.2
サーナイト,せっかち,0.1
サーナイト,のんき,0.1
サーナイト,なまいき,0.1
サーナイト,ようき,0.1
ドヒドイデ,おだやか,29.4
ドヒドイデ,ずぶとい,21.4
ドヒドイデ,しんちょう,18.4
ドヒドイデ,わんぱく,13.5
ドヒドイデ,なまいき,11.0
ドヒドイデ,のんき,4.4
ドヒドイデ,ひかえめ,0.6
ドヒドイデ,いじっぱり,0.5
ドヒドイデ,ゆうかん,0.2
ドヒドイデ,れいせい,0.2
ガラルヤドキング,おだやか,55.3
ガラルヤドキング,なまいき,17.8
ガラルヤドキング,ひかえめ,12.4
ガラルヤドキング,ずぶとい,8.8
ガラルヤドキング,のんき,2.8
ガラルヤドキング,れいせい,2.5
ガラルヤドキング,おっとり,0.1
ガラルヤドキング,しんちょう,0.1
ガラルヤドキング,おとなしい,0.1
ガラルヤドキング,おくびょう,0.0
ジュペッタ,いじっぱり,76.4
ジュペッタ,ゆうかん,17.7
ジュペッタ,ようき,1.8
ジュペッタ,わんぱく,1.4
ジュペッタ,しんちょう,0.8
ジュペッタ,のんき,0.4
ジュペッタ,さみしがり,0.3
ジュペッタ,やんちゃ,0.3
ジュペッタ,なまいき,0.2
ジュペッタ,ひかえめ,0.2
ローブシン,いじっぱり,91.4
ローブシン,ゆうかん,4.6
ローブシン,しんちょう,1.3
ローブシン,わんぱく,1.2
ローブシン,ようき,0.4
ローブシン,やんちゃ,0.3
ローブシン,のんき,0.2
ローブシン,なまいき,0.2
ローブシン,さみしがり,0.1
ローブシン,のうてんき,0.0
エンペルト,ひかえめ,52.7
エンペルト,なまいき,15.4
エンペルト,おだやか,10.5
エンペルト,ずぶとい,10.0
エンペルト,のんき,4.9
エンペルト,れいせい,2.3
エンペルト,おくびょう,1.2
エンペルト,わんぱく,1.1
エンペルト,しんちょう,0.8
エンペルト,おっとり,0.3
ユキメノコ,おくびょう,68.0
ユキメノコ,ひかえめ,27.1
ユキメノコ,ずぶとい,1.4
ユキメノコ,ようき,1.1
ユキメノコ,せっかち,0.6
ユキメノコ,おっとり,0.5
ユキメノコ,おだやか,0.4
ユキメノコ,いじっぱり,0.3
ユキメノコ,むじゃき,0.3
ユキメノコ,れいせい,0.1
バサギリ,ようき,52.4
バサギリ,いじっぱり,42.7
バサギリ,しんちょう,0.9
バサギリ,ゆうかん,0.8
バサギリ,わんぱく,0.8
バサギリ,むじゃき,0.6
バサギリ,やんちゃ,0.6
バサギリ,さみしがり,0.4
バサギリ,せっかち,0.3
バサギリ,まじめ,0.1
ポットデス,ずぶとい,65.3
ポットデス,おくびょう,18.8
ポットデス,ひかえめ,9.9
ポットデス,おだやか,4.1
ポットデス,おっとり,0.4
ポットデス,のんき,0.3
ポットデス,わんぱく,0.2
ポットデス,せっかち,0.2
ポットデス,ようき,0.1
ポットデス,むじゃき,0.1
ヘラクロス,いじっぱり,68.3
ヘラクロス,ようき,24.9
ヘラクロス,ゆうかん,5.0
ヘラクロス,わんぱく,0.8
ヘラクロス,しんちょう,0.2
ヘラクロス,やんちゃ,0.2
ヘラクロス,せっかち,0.1
ヘラクロス,むじゃき,0.1
ヘラクロス,さみしがり,0.1
ヘラクロス,ひかえめ,0.1
ホルード,いじっぱり,79.2
ホルード,ようき,19.3
ホルード,わんぱく,0.3
ホルード,さみしがり,0.3
ホルード,やんちゃ,0.3
ホルード,ゆうかん,0.2
ホルード,しんちょう,0.2
ホルード,せっかち,0.1
ホルード,むじゃき,0.1
ホルード,のんき,0.1
ヌメルゴン(ヒスイ),ひかえめ,39.6
ヌメルゴン(ヒスイ),おだやか,21.9
ヌメルゴン(ヒスイ),ずぶとい,19.6
ヌメルゴン(ヒスイ),なまいき,5.2
ヌメルゴン(ヒスイ),れいせい,3.5
ヌメルゴン(ヒスイ),のんき,3.0
ヌメルゴン(ヒスイ),わんぱく,2.6
ヌメルゴン(ヒスイ),しんちょう,1.6
ヌメルゴン(ヒスイ),いじっぱり,1.1
ヌメルゴン(ヒスイ),おくびょう,0.9
メタモン,のんき,25.8
メタモン,なまいき,14.4
メタモン,まじめ,6.2
メタモン,ようき,5.8
メタモン,おくびょう,5.4
メタモン,むじゃき,5.3
メタモン,ゆうかん,4.5
メタモン,れいせい,3.4
メタモン,おとなしい,3.3
メタモン,せっかち,3.0
マリルリ,いじっぱり,83.8
マリルリ,ずぶとい,2.4
マリルリ,のんき,2.4
マリルリ,おだやか,2.2
マリルリ,わんぱく,2.0
マリルリ,なまいき,1.8
マリルリ,ゆうかん,1.7
マリルリ,ようき,1.5
マリルリ,しんちょう,1.3
マリルリ,ひかえめ,0.2
ヤドラン,ずぶとい,68.4
ヤドラン,おだやか,12.4
ヤドラン,ひかえめ,8.4
ヤドラン,のんき,6.8
ヤドラン,れいせい,1.8
ヤドラン,なまいき,1.6
ヤドラン,わんぱく,0.2
ヤドラン,おくびょう,0.2
ヤドラン,しんちょう,0.1
ヤドラン,ゆうかん,0.0
ウツボット,ひかえめ,22.5
ウツボット,わんぱく,22.0
ウツボット,いじっぱり,12.4
ウツボット,れいせい,10.0
ウツボット,ずぶとい,9.9
ウツボット,うっかりや,4.8
ウツボット,ようき,3.4
ウツボット,おくびょう,2.9
ウツボット,のんき,2.1
ウツボット,おだやか,2.0
ブリムオン,ずぶとい,32.5
ブリムオン,れいせい,26.3
ブリムオン,ひかえめ,21.4
ブリムオン,のんき,8.7
ブリムオン,おだやか,7.1
ブリムオン,なまいき,3.0
ブリムオン,おくびょう,0.8
ブリムオン,おっとり,0.1
ブリムオン,おとなしい,0.1
ブリムオン,わんぱく,0.0
ビビヨン,おくびょう,94.8
ビビヨン,ひかえめ,3.0
ビビヨン,ずぶとい,0.7
ビビヨン,せっかち,0.5
ビビヨン,おだやか,0.3
ビビヨン,おっとり,0.2
ビビヨン,ようき,0.2
ビビヨン,むじゃき,0.1
ビビヨン,れいせい,0.1
ビビヨン,うっかりや,0.0
ジャローダ,おくびょう,74.1
ジャローダ,ひかえめ,14.6
ジャローダ,ずぶとい,6.1
ジャローダ,おだやか,3.5
ジャローダ,せっかち,0.3
ジャローダ,おっとり,0.3
ジャローダ,ようき,0.2
ジャローダ,のんき,0.1
ジャローダ,むじゃき,0.1
ジャローダ,れいせい,0.1
ドデカバシ,いじっぱり,58.9
ドデカバシ,わんぱく,28.8
ドデカバシ,のんき,3.6
ドデカバシ,ようき,3.1
ドデカバシ,しんちょう,2.1
ドデカバシ,ゆうかん,1.9
ドデカバシ,やんちゃ,0.5
ドデカバシ,ずぶとい,0.2
ドデカバシ,なまいき,0.1
ドデカバシ,うっかりや,0.1
エレザード,おくびょう,76.8
エレザード,ひかえめ,19.5
エレザード,ずぶとい,1.0
エレザード,おだやか,0.9
エレザード,せっかち,0.7
エレザード,おっとり,0.3
エレザード,ようき,0.3
エレザード,むじゃき,0.1
エレザード,のんき,0.1
エレザード,なまいき,0.1
ヤミラミ,ずぶとい,43.7
ヤミラミ,わんぱく,26.8
ヤミラミ,おだやか,7.3
ヤミラミ,しんちょう,7.0
ヤミラミ,のんき,6.0
ヤミラミ,なまいき,3.0
ヤミラミ,ゆうかん,1.9
ヤミラミ,いじっぱり,1.6
ヤミラミ,ようき,0.6
ヤミラミ,さみしがり,0.5
ウインディ(ヒスイ),いじっぱり,66.7
ウインディ(ヒスイ),ようき,26.0
ウインディ(ヒスイ),しんちょう,3.2
ウインディ(ヒスイ),わんぱく,0.8
ウインディ(ヒスイ),さみしがり,0.6
ウインディ(ヒスイ),やんちゃ,0.6
ウインディ(ヒスイ),むじゃき,0.4
ウインディ(ヒスイ),せっかち,0.4
ウインディ(ヒスイ),ひかえめ,0.3
ウインディ(ヒスイ),おだやか,0.2
グレンアルマ,ひかえめ,78.8
グレンアルマ,おくびょう,16.2
グレンアルマ,れいせい,1.6
グレンアルマ,ずぶとい,1.6
グレンアルマ,おだやか,0.7
グレンアルマ,せっかち,0.2
グレンアルマ,おっとり,0.2
グレンアルマ,のんき,0.2
グレンアルマ,なまいき,0.1
グレンアルマ,ようき,0.1
デカヌチャン,ようき,50.4
デカヌチャン,いじっぱり,29.9
デカヌチャン,しんちょう,10.7
デカヌチャン,わんぱく,6.4
デカヌチャン,やんちゃ,0.3
デカヌチャン,むじゃき,0.3
デカヌチャン,ゆうかん,0.3
デカヌチャン,ずぶとい,0.3
デカヌチャン,おくびょう,0.2
デカヌチャン,さみしがり,0.2
ヤバソチャ,ずぶとい,71.8
ヤバソチャ,ひかえめ,12.3
ヤバソチャ,おだやか,11.1
ヤバソチャ,おくびょう,1.7
ヤバソチャ,のんき,1.3
ヤバソチャ,れいせい,0.9
ヤバソチャ,なまいき,0.6
ヤバソチャ,おっとり,0.1
ヤバソチャ,しんちょう,0.1
ヤバソチャ,まじめ,0.0
ガオガエン,いじっぱり,29.1
ガオガエン,わんぱく,25.5
ガオガエン,しんちょう,23.6
ガオガエン,のんき,6.6
ガオガエン,ようき,4.7
ガオガエン,なまいき,4.6
ガオガエン,ゆうかん,2.2
ガオガエン,ずぶとい,0.9
ガオガエン,おだやか,0.9
ガオガエン,やんちゃ,0.4
ウェーニバル,ようき,50.8
ウェーニバル,いじっぱり,42.0
ウェーニバル,わんぱく,2.6
ウェーニバル,さみしがり,1.8
ウェーニバル,しんちょう,0.9
ウェーニバル,やんちゃ,0.5
ウェーニバル,むじゃき,0.5
ウェーニバル,せっかち,0.3
ウェーニバル,ゆうかん,0.2
ウェーニバル,のうてんき,0.1
シャンデラ,おくびょう,55.6
シャンデラ,ひかえめ,34.7
シャンデラ,ずぶとい,3.8
シャンデラ,おだやか,2.6
シャンデラ,れいせい,2.3
シャンデラ,せっかち,0.3
シャンデラ,おっとり,0.2
シャンデラ,のんき,0.1
シャンデラ,なまいき,0.1
シャンデラ,うっかりや,0.0
ルチャブル,いじっぱり,47.5
ルチャブル,ようき,47.1
ルチャブル,わんぱく,1.3
ルチャブル,おくびょう,0.7
ルチャブル,さみしがり,0.6
ルチャブル,しんちょう,0.5
ルチャブル,やんちゃ,0.5
ルチャブル,むじゃき,0.4
ルチャブル,せっかち,0.4
ルチャブル,まじめ,0.3
サメハダー,いじっぱり,60.6
サメハダー,ようき,18.5
サメハダー,やんちゃ,6.5
サメハダー,さみしがり,2.8
サメハダー,むじゃき,2.7
サメハダー,ひかえめ,2.7
サメハダー,せっかち,2.1
サメハダー,おくびょう,1.4
サメハダー,うっかりや,1.2
サメハダー,おっとり,1.0
エーフィ,おくびょう,63.6
エーフィ,ひかえめ,24.7
エーフィ,ずぶとい,6.2
エーフィ,おだやか,4.0
エーフィ,おっとり,0.4
エーフィ,せっかち,0.3
エーフィ,れいせい,0.1
エーフィ,なまいき,0.1
エーフィ,いじっぱり,0.1
エーフィ,のんき,0.1
プテラ,ようき,67.7
プテラ,いじっぱり,28.1
プテラ,むじゃき,1.6
プテラ,せっかち,0.6
プテラ,やんちゃ,0.5
プテラ,さみしがり,0.5
プテラ,わんぱく,0.5
プテラ,おくびょう,0.1
プテラ,しんちょう,0.1
プテラ,ゆうかん,0.1
ジュナイパー(ヒスイ),いじっぱり,67.2
ジュナイパー(ヒスイ),ようき,25.9
ジュナイパー(ヒスイ),わんぱく,2.4
ジュナイパー(ヒスイ),ゆうかん,1.6
ジュナイパー(ヒスイ),しんちょう,1.2
ジュナイパー(ヒスイ),やんちゃ,0.4
ジュナイパー(ヒスイ),さみしがり,0.3
ジュナイパー(ヒスイ),ひかえめ,0.2
ジュナイパー(ヒスイ),むじゃき,0.1
ジュナイパー(ヒスイ),せっかち,0.1
シャワーズ,ずぶとい,39.1
シャワーズ,のんき,31.1
シャワーズ,おだやか,9.7
シャワーズ,ひかえめ,8.1
シャワーズ,わんぱく,4.9
シャワーズ,なまいき,3.7
シャワーズ,れいせい,1.6
シャワーズ,おくびょう,0.6
シャワーズ,しんちょう,0.6
シャワーズ,せっかち,0.1
イッカネズミ(3匹),ようき,58.7
イッカネズミ(3匹),わんぱく,19.1
イッカネズミ(3匹),いじっぱり,13.3
イッカネズミ(3匹),しんちょう,2.6
イッカネズミ(3匹),ずぶとい,2.0
イッカネズミ(3匹),おくびょう,1.0
イッカネズミ(3匹),むじゃき,0.7
イッカネズミ(3匹),せっかち,0.6
イッカネズミ(3匹),さみしがり,0.6
イッカネズミ(3匹),やんちゃ,0.6
カイロス,ようき,81.5
カイロス,いじっぱり,16.5
カイロス,わんぱく,0.5
カイロス,むじゃき,0.3
カイロス,しんちょう,0.3
カイロス,のうてんき,0.2
カイロス,ゆうかん,0.1
カイロス,おくびょう,0.1
カイロス,やんちゃ,0.1
カイロス,せっかち,0.1
ブリガロン,わんぱく,79.5
ブリガロン,いじっぱり,8.1
ブリガロン,しんちょう,4.4
ブリガロン,ずぶとい,3.8
ブリガロン,のんき,1.9
ブリガロン,ゆうかん,0.6
ブリガロン,ようき,0.6
ブリガロン,なまいき,0.4
ブリガロン,おだやか,0.2
ブリガロン,のうてんき,0.1
ミミズズ,わんぱく,48.7
ミミズズ,のんき,27.5
ミミズズ,しんちょう,8.2
ミミズズ,なまいき,6.6
ミミズズ,ずぶとい,4.5
ミミズズ,いじっぱり,1.4
ミミズズ,ようき,1.1
ミミズズ,おだやか,0.6
ミミズズ,ゆうかん,0.6
ミミズズ,のうてんき,0.3
ゴウカザル,ようき,46.1
ゴウカザル,おくびょう,16.3
ゴウカザル,いじっぱり,13.1
ゴウカザル,むじゃき,10.3
ゴウカザル,せっかち,4.9
ゴウカザル,ひかえめ,3.0
ゴウカザル,やんちゃ,1.7
ゴウカザル,さみしがり,1.0
ゴウカザル,おだやか,0.9
ゴウカザル,うっかりや,0.5
ガラルヤドラン,ひかえめ,48.0
ガラルヤドラン,れいせい,29.1
ガラルヤドラン,ずぶとい,5.3
ガラルヤドラン,のんき,4.2
ガラルヤドラン,なまいき,3.4
ガラルヤドラン,いじっぱり,3.3
ガラルヤドラン,おだやか,2.4
ガラルヤドラン,ゆうかん,2.3
ガラルヤドラン,しんちょう,0.5
ガラルヤドラン,わんぱく,0.4
ボスゴドラ,わんぱく,53.9
ボスゴドラ,しんちょう,17.5
ボスゴドラ,いじっぱり,13.4
ボスゴドラ,のんき,6.3
ボスゴドラ,ようき,2.9
ボスゴドラ,なまいき,2.0
ボスゴドラ,ゆうかん,2.0
ボスゴドラ,ずぶとい,0.9
ボスゴドラ,おだやか,0.2
ボスゴドラ,やんちゃ,0.2
チリーン,ひかえめ,42.5
チリーン,ずぶとい,40.7
チリーン,おだやか,11.6
チリーン,おくびょう,1.9
チリーン,れいせい,1.3
チリーン,のんき,1.0
チリーン,なまいき,0.3
チリーン,わんぱく,0.2
チリーン,おっとり,0.2
チリーン,まじめ,0.1
フーディン,おくびょう,77.8
フーディン,ひかえめ,18.7
フーディン,せっかち,1.0
フーディン,おっとり,0.9
フーディン,ずぶとい,0.4
フーディン,のんき,0.3
フーディン,おだやか,0.3
フーディン,ようき,0.1
フーディン,まじめ,0.1
フーディン,むじゃき,0.1
スピアー,ようき,86.0
スピアー,いじっぱり,12.2
スピアー,むじゃき,0.4
スピアー,さみしがり,0.3
スピアー,やんちゃ,0.3
スピアー,せっかち,0.2
スピアー,わんぱく,0.1
スピアー,ひかえめ,0.1
スピアー,おくびょう,0.1
スピアー,ゆうかん,0.1
ケケンカニ,ゆうかん,60.3
ケケンカニ,いじっぱり,36.5
ケケンカニ,わんぱく,0.9
ケケンカニ,しんちょう,0.5
ケケンカニ,ようき,0.5
ケケンカニ,のんき,0.4
ケケンカニ,なまいき,0.3
ケケンカニ,やんちゃ,0.2
ケケンカニ,せっかち,0.1
ケケンカニ,さみしがり,0.1
オーダイル,いじっぱり,50.5
オーダイル,ようき,43.8
オーダイル,ゆうかん,1.6
オーダイル,わんぱく,1.2
オーダイル,しんちょう,0.6
オーダイル,やんちゃ,0.3
オーダイル,むじゃき,0.3
オーダイル,おっとり,0.3
オーダイル,ひかえめ,0.2
オーダイル,のんき,0.2
イダイトウ♀,ひかえめ,44.3
イダイトウ♀,おくびょう,15.7
イダイトウ♀,ようき,14.7
イダイトウ♀,うっかりや,7.5
イダイトウ♀,いじっぱり,7.3
イダイトウ♀,れいせい,4.0
イダイトウ♀,むじゃき,2.1
イダイトウ♀,おっとり,1.7
イダイトウ♀,せっかち,1.0
イダイトウ♀,ゆうかん,0.4
グライオン,いじっぱり,32.6
グライオン,ようき,29.7
グライオン,わんぱく,24.3
グライオン,しんちょう,9.7
グライオン,のんき,0.7
グライオン,やんちゃ,0.7
グライオン,ゆうかん,0.5
グライオン,ずぶとい,0.4
グライオン,さみしがり,0.3
グライオン,おだやか,0.3
バクフーン(ヒスイ),ひかえめ,52.8
バクフーン(ヒスイ),おくびょう,39.1
バクフーン(ヒスイ),むじゃき,2.7
バクフーン(ヒスイ),せっかち,1.3
バクフーン(ヒスイ),おっとり,1.1
バクフーン(ヒスイ),おだやか,1.0
バクフーン(ヒスイ),ずぶとい,0.8
バクフーン(ヒスイ),うっかりや,0.7
バクフーン(ヒスイ),れいせい,0.2
バクフーン(ヒスイ),ようき,0.2
ユキノオー,れいせい,43.4
ユキノオー,ひかえめ,26.9
ユキノオー,ずぶとい,8.6
ユキノオー,のんき,6.7
ユキノオー,ゆうかん,2.7
ユキノオー,いじっぱり,2.4
ユキノオー,おだやか,2.1
ユキノオー,おくびょう,2.0
ユキノオー,なまいき,1.7
ユキノオー,わんぱく,1.1
イルカマン(ナイーブ),いじっぱり,79.7
イルカマン(ナイーブ),ようき,16.0
イルカマン(ナイーブ),わんぱく,1.0
イルカマン(ナイーブ),ゆうかん,0.9
イルカマン(ナイーブ),やんちゃ,0.8
イルカマン(ナイーブ),しんちょう,0.5
イルカマン(ナイーブ),さみしがり,0.4
イルカマン(ナイーブ),むじゃき,0.2
イルカマン(ナイーブ),ひかえめ,0.1
イルカマン(ナイーブ),せっかち,0.1
ウインディ,ずぶとい,35.5
ウインディ,いじっぱり,28.8
ウインディ,わんぱく,11.3
ウインディ,おだやか,5.3
ウインディ,ひかえめ,4.8
ウインディ,ようき,4.1
ウインディ,しんちょう,3.4
ウインディ,おくびょう,1.2
ウインディ,のんき,1.0
ウインディ,れいせい,0.9
ファイアロー,ようき,36.5
ファイアロー,いじっぱり,34.3
ファイアロー,わんぱく,7.2
ファイアロー,おくびょう,6.1
ファイアロー,ずぶとい,5.9
ファイアロー,ひかえめ,2.2
ファイアロー,むじゃき,1.5
ファイアロー,しんちょう,1.5
ファイアロー,やんちゃ,1.1
ファイアロー,せっかち,0.8
ピジョット,おくびょう,54.1
ピジョット,ひかえめ,41.5
ピジョット,ずぶとい,0.8
ピジョット,むじゃき,0.7
ピジョット,せっかち,0.6
ピジョット,おだやか,0.6
ピジョット,いじっぱり,0.5
ピジョット,おっとり,0.4
ピジョット,ようき,0.3
ピジョット,うっかりや,0.2
マニューラ,ようき,67.5
マニューラ,いじっぱり,27.9
マニューラ,せっかち,1.8
マニューラ,むじゃき,1.1
マニューラ,さみしがり,0.8
マニューラ,やんちゃ,0.5
マニューラ,わんぱく,0.2
マニューラ,うっかりや,0.0
マニューラ,しんちょう,0.0
マニューラ,おくびょう,0.0
エンニュート,おくびょう,87.1
エンニュート,ひかえめ,5.8
エンニュート,せっかち,1.8
エンニュート,ようき,1.7
エンニュート,ずぶとい,1.3
エンニュート,おだやか,1.2
エンニュート,むじゃき,0.4
エンニュート,おっとり,0.3
エンニュート,れいせい,0.1
エンニュート,なまいき,0.1
バンバドロ,わんぱく,69.6
バンバドロ,しんちょう,13.1
バンバドロ,いじっぱり,7.4
バンバドロ,のんき,4.8
バンバドロ,ゆうかん,1.8
バンバドロ,なまいき,1.4
バンバドロ,ずぶとい,1.0
バンバドロ,おだやか,0.2
バンバドロ,さみしがり,0.2
バンバドロ,のうてんき,0.2
チャーレム,いじっぱり,63.7
チャーレム,ようき,33.9
チャーレム,やんちゃ,0.5
チャーレム,わんぱく,0.5
チャーレム,ゆうかん,0.4
チャーレム,むじゃき,0.2
チャーレム,しんちょう,0.2
チャーレム,さみしがり,0.2
チャーレム,なまいき,0.1
チャーレム,せっかち,0.1
ケンタロス(パルデア炎),いじっぱり,64.2
ケンタロス(パルデア炎),ようき,26.7
ケンタロス(パルデア炎),わんぱく,7.4
ケンタロス(パルデア炎),しんちょう,1.0
ケンタロス(パルデア炎),むじゃき,0.2
ケンタロス(パルデア炎),やんちゃ,0.1
ケンタロス(パルデア炎),せっかち,0.1
ケンタロス(パルデア炎),さみしがり,0.0
ケンタロス(パルデア炎),まじめ,0.0
ケンタロス(パルデア炎),おくびょう,0.0
ルガルガン(たそがれ),ようき,61.2
ルガルガン(たそがれ),いじっぱり,33.4
ルガルガン(たそがれ),せっかち,2.3
ルガルガン(たそがれ),むじゃき,1.3
ルガルガン(たそがれ),さみしがり,1.0
ルガルガン(たそがれ),やんちゃ,0.5
ルガルガン(たそがれ),おくびょう,0.1
ルガルガン(たそがれ),ゆうかん,0.1
ルガルガン(たそがれ),しんちょう,0.1
ルガルガン(たそがれ),わんぱく,0.1
アリアドス,いじっぱり,54.7
アリアドス,ようき,31.6
アリアドス,わんぱく,6.0
アリアドス,しんちょう,1.5
アリアドス,おくびょう,1.1
アリアドス,さみしがり,1.1
アリアドス,ゆうかん,1.1
アリアドス,ずぶとい,0.6
アリアドス,おだやか,0.5
アリアドス,やんちゃ,0.5
デンリュウ,ひかえめ,61.2
デンリュウ,れいせい,22.6
デンリュウ,ずぶとい,5.9
デンリュウ,おだやか,5.0
デンリュウ,おくびょう,3.0
デンリュウ,なまいき,0.6
デンリュウ,のんき,0.6
デンリュウ,ゆうかん,0.3
デンリュウ,おっとり,0.3
デンリュウ,やんちゃ,0.1
ワルビアル,いじっぱり,56.9
ワルビアル,ようき,30.2
ワルビアル,わんぱく,8.1
ワルビアル,しんちょう,2.4
ワルビアル,おくびょう,0.6
ワルビアル,さみしがり,0.5
ワルビアル,やんちゃ,0.4
ワルビアル,むじゃき,0.2
ワルビアル,せっかち,0.2
ワルビアル,おだやか,0.1
チルタリス,ひかえめ,33.1
チルタリス,ずぶとい,16.9
チルタリス,おだやか,13.3
チルタリス,ようき,10.6
チルタリス,いじっぱり,9.1
チルタリス,しんちょう,7.1
チルタリス,わんぱく,4.0
チルタリス,おくびょう,2.3
チルタリス,なまいき,0.6
チルタリス,のんき,0.5
ジャラランガ,ひかえめ,34.3
ジャラランガ,おくびょう,14.7
ジャラランガ,いじっぱり,12.0
ジャラランガ,ようき,11.8
ジャラランガ,わんぱく,8.9
ジャラランガ,ずぶとい,4.5
ジャラランガ,まじめ,2.0
ジャラランガ,しんちょう,1.9
ジャラランガ,むじゃき,1.7
ジャラランガ,せっかち,1.2
グレイシア,ひかえめ,78.2
グレイシア,ずぶとい,5.5
グレイシア,おくびょう,4.6
グレイシア,れいせい,3.8
グレイシア,うっかりや,3.1
グレイシア,おだやか,2.9
グレイシア,おっとり,0.5
グレイシア,のんき,0.5
グレイシア,なまいき,0.3
グレイシア,むじゃき,0.2
ドダイトス,いじっぱり,49.5
ドダイトス,ようき,27.8
ドダイトス,わんぱく,6.0
ドダイトス,のうてんき,4.5
ドダイトス,しんちょう,4.1
ドダイトス,やんちゃ,1.7
ドダイトス,おだやか,1.2
ドダイトス,のんき,0.8
ドダイトス,ゆうかん,0.7
ドダイトス,むじゃき,0.6
エンブオー,いじっぱり,77.8
エンブオー,ようき,8.4
エンブオー,ゆうかん,4.3
エンブオー,やんちゃ,2.7
エンブオー,わんぱく,2.3
エンブオー,しんちょう,1.3
エンブオー,さみしがり,0.7
エンブオー,のんき,0.4
エンブオー,れいせい,0.4
エンブオー,ひかえめ,0.3
サンダース,おくびょう,67.3
サンダース,ひかえめ,25.2
サンダース,ずぶとい,2.3
サンダース,せっかち,1.6
サンダース,おっとり,1.4
サンダース,おだやか,0.7
サンダース,むじゃき,0.4
サンダース,おとなしい,0.3
サンダース,のんき,0.2
サンダース,ようき,0.1
アマージョ,いじっぱり,50.2
アマージョ,ようき,36.0
アマージョ,わんぱく,10.8
アマージョ,しんちょう,1.4
アマージョ,ゆうかん,0.5
アマージョ,のんき,0.3
アマージョ,やんちゃ,0.2
アマージョ,まじめ,0.2
アマージョ,むじゃき,0.1
アマージョ,せっかち,0.1
ライボルト,おくびょう,75.4
ライボルト,ひかえめ,14.3
ライボルト,むじゃき,6.3
ライボルト,せっかち,1.8
ライボルト,うっかりや,0.6
ライボルト,おっとり,0.5
ライボルト,いじっぱり,0.4
ライボルト,ずぶとい,0.3
ライボルト,おだやか,0.1
ライボルト,ようき,0.1
フォレトス,のんき,41.4
フォレトス,わんぱく,21.7
フォレトス,いじっぱり,8.9
フォレトス,ゆうかん,7.1
フォレトス,なまいき,5.3
フォレトス,ずぶとい,4.9
フォレトス,しんちょう,4.5
フォレトス,おだやか,2.4
フォレトス,ようき,2.3
フォレトス,やんちゃ,0.3
カイリキー,いじっぱり,80.8
カイリキー,ようき,9.7
カイリキー,ゆうかん,3.2
カイリキー,しんちょう,1.8
カイリキー,わんぱく,1.8
カイリキー,れいせい,0.5
カイリキー,さみしがり,0.5
カイリキー,なまいき,0.3
カイリキー,のんき,0.3
カイリキー,せっかち,0.2
ブロスター,ひかえめ,73.3
ブロスター,れいせい,12.4
ブロスター,おくびょう,9.3
ブロスター,おだやか,1.3
ブロスター,ずぶとい,1.2
ブロスター,うっかりや,0.8
ブロスター,のんき,0.8
ブロスター,おっとり,0.6
ブロスター,おとなしい,0.1
ブロスター,まじめ,0.1
ペロリーム,おくびょう,32.6
ペロリーム,ずぶとい,22.8
ペロリーム,おだやか,22.0
ペロリーム,ひかえめ,13.5
ペロリーム,せっかち,3.6
ペロリーム,むじゃき,1.1
ペロリーム,ようき,1.1
ペロリーム,おっとり,1.0
ペロリーム,のうてんき,0.8
ペロリーム,わんぱく,0.4
デスバーン,わんぱく,39.9
デスバーン,しんちょう,19.2
デスバーン,のんき,12.3
デスバーン,なまいき,12.2
デスバーン,いじっぱり,5.9
デスバーン,ゆうかん,4.5
デスバーン,ずぶとい,3.2
デスバーン,おだやか,2.0
デスバーン,ようき,0.3
デスバーン,おとなしい,0.1
キョジオーン,しんちょう,48.3
キョジオーン,わんぱく,28.6
キョジオーン,いじっぱり,9.2
キョジオーン,のんき,3.5
キョジオーン,ゆうかん,3.5
キョジオーン,なまいき,3.4
キョジオーン,ずぶとい,1.1
キョジオーン,おだやか,1.0
キョジオーン,ようき,0.8
キョジオーン,やんちゃ,0.2
デスカーン,ずぶとい,58.6
デスカーン,のんき,19.4
デスカーン,おだやか,9.7
デスカーン,なまいき,5.2
デスカーン,ひかえめ,2.9
デスカーン,れいせい,1.9
デスカーン,わんぱく,1.4
デスカーン,しんちょう,0.5
デスカーン,ゆうかん,0.1
デスカーン,おくびょう,0.1
コータス,れいせい,32.1
コータス,ずぶとい,19.0
コータス,のんき,17.0
コータス,ひかえめ,13.2
コータス,なまいき,7.2
コータス,おだやか,6.7
コータス,わんぱく,2.1
コータス,しんちょう,0.9
コータス,いじっぱり,0.7
コータス,ゆうかん,0.4
アブソル,ようき,32.3
アブソル,むじゃき,28.3
アブソル,いじっぱり,28.2
アブソル,やんちゃ,4.9
アブソル,せっかち,1.4
アブソル,わんぱく,1.2
アブソル,おくびょう,0.9
アブソル,さみしがり,0.6
アブソル,ゆうかん,0.6
アブソル,しんちょう,0.4
オニゴーリ,おくびょう,44.2
オニゴーリ,いじっぱり,14.7
オニゴーリ,ようき,13.5
オニゴーリ,ずぶとい,9.3
オニゴーリ,ひかえめ,4.1
オニゴーリ,おだやか,3.7
オニゴーリ,むじゃき,3.1
オニゴーリ,まじめ,1.5
オニゴーリ,せっかち,1.1
オニゴーリ,わんぱく,0.9
カットロトム,ひかえめ,49.7
カットロトム,おくびょう,28.0
カットロトム,ずぶとい,12.6
カットロトム,おだやか,6.7
カットロトム,のんき,1.2
カットロトム,なまいき,0.8
カットロトム,れいせい,0.4
カットロトム,おっとり,0.3
カットロトム,おとなしい,0.1
カットロトム,せっかち,0.1
モルペコ,いじっぱり,52.5
モルペコ,ようき,41.6
モルペコ,やんちゃ,2.0
モルペコ,むじゃき,1.0
モルペコ,さみしがり,1.0
モルペコ,せっかち,0.7
モルペコ,しんちょう,0.3
モルペコ,おくびょう,0.3
モルペコ,わんぱく,0.2
モルペコ,おっとり,0.2
オンバーン,おくびょう,53.0
オンバーン,ひかえめ,40.1
オンバーン,むじゃき,2.1
オンバーン,せっかち,1.1
オンバーン,おっとり,0.9
オンバーン,おだやか,0.9
オンバーン,ずぶとい,0.7
オンバーン,ようき,0.5
オンバーン,うっかりや,0.2
オンバーン,ゆうかん,0.2
ヘルガー,おくびょう,61.0
ヘルガー,ひかえめ,15.9
ヘルガー,せっかち,10.8
ヘルガー,むじゃき,2.9
ヘルガー,おっとり,2.3
ヘルガー,ようき,1.8
ヘルガー,れいせい,1.2
ヘルガー,おだやか,1.0
ヘルガー,ゆうかん,1.0
ヘルガー,うっかりや,0.8
ミカルゲ,のんき,26.0
ミカルゲ,なまいき,16.0
ミカルゲ,わんぱく,12.2
ミカルゲ,ずぶとい,10.2
ミカルゲ,いじっぱり,9.6
ミカルゲ,おだやか,7.7
ミカルゲ,しんちょう,6.3
ミカルゲ,ゆうかん,4.5
ミカルゲ,れいせい,3.0
ミカルゲ,ひかえめ,2.6
ピカチュウ,おくびょう,28.4
ピカチュウ,ようき,27.6
ピカチュウ,ひかえめ,11.2
ピカチュウ,いじっぱり,8.2
ピカチュウ,むじゃき,8.0
ピカチュウ,せっかち,7.2
ピカチュウ,うっかりや,3.4
ピカチュウ,やんちゃ,1.5
ピカチュウ,ゆうかん,1.4
ピカチュウ,おっとり,1.1
ニョロトノ,ひかえめ,53.0
ニョロトノ,ずぶとい,14.9
ニョロトノ,おだやか,14.3
ニョロトノ,おくびょう,9.4
ニョロトノ,れいせい,2.6
ニョロトノ,のんき,2.3
ニョロトノ,なまいき,0.6
ニョロトノ,おっとり,0.6
ニョロトノ,おとなしい,0.5
ニョロトノ,しんちょう,0.5
ゾロアーク,おくびょう,54.4
ゾロアーク,ひかえめ,22.0
ゾロアーク,せっかち,10.3
ゾロアーク,おっとり,3.5
ゾロアーク,むじゃき,3.4
ゾロアーク,ようき,2.6
ゾロアーク,いじっぱり,1.5
ゾロアーク,うっかりや,0.9
ゾロアーク,ずぶとい,0.3
ゾロアーク,おだやか,0.2
ロズレイド,おくびょう,37.9
ロズレイド,ひかえめ,29.5
ロズレイド,おだやか,23.6
ロズレイド,ずぶとい,7.0
ロズレイド,いじっぱり,0.3
ロズレイド,せっかち,0.3
ロズレイド,おっとり,0.3
ロズレイド,ようき,0.2
ロズレイド,すなお,0.2
ロズレイド,おとなしい,0.1
ドクロッグ,いじっぱり,64.8
ドクロッグ,ようき,20.2
ドクロッグ,わんぱく,3.0
ドクロッグ,しんちょう,2.5
ドクロッグ,やんちゃ,2.2
ドクロッグ,むじゃき,1.9
ドクロッグ,せっかち,1.4
ドクロッグ,ひかえめ,1.2
ドクロッグ,さみしがり,0.6
ドクロッグ,おくびょう,0.5
クレッフィ,ずぶとい,50.2
クレッフィ,おだやか,25.4
クレッフィ,ひかえめ,14.5
クレッフィ,れいせい,1.8
クレッフィ,わんぱく,1.7
クレッフィ,おくびょう,1.5
クレッフィ,のんき,1.4
クレッフィ,なまいき,1.3
クレッフィ,しんちょう,0.5
クレッフィ,せっかち,0.4
リキキリン,ひかえめ,44.6
リキキリン,ずぶとい,16.8
リキキリン,れいせい,13.8
リキキリン,おだやか,7.4
リキキリン,のんき,6.8
リキキリン,おくびょう,3.5
リキキリン,なまいき,3.3
リキキリン,おっとり,1.2
リキキリン,せっかち,0.7
リキキリン,しんちょう,0.6
ジジーロン,ひかえめ,52.1
ジジーロン,れいせい,29.7
ジジーロン,ずぶとい,9.3
ジジーロン,おだやか,4.9
ジジーロン,おくびょう,1.5
ジジーロン,のんき,1.3
ジジーロン,おっとり,0.8
ジジーロン,なまいき,0.3
ジジーロン,いじっぱり,0.1
ジジーロン,がんばりや,0.0
カミツオロチ,ひかえめ,47.1
カミツオロチ,れいせい,18.5
カミツオロチ,ずぶとい,17.0
カミツオロチ,おだやか,8.4
カミツオロチ,のんき,3.6
カミツオロチ,なまいき,1.5
カミツオロチ,おくびょう,1.4
カミツオロチ,おっとり,0.9
カミツオロチ,うっかりや,0.9
カミツオロチ,おとなしい,0.3
ドサイドン,いじっぱり,50.3
ドサイドン,ゆうかん,18.3
ドサイドン,わんぱく,14.5
ドサイドン,しんちょう,6.1
ドサイドン,のんき,4.4
ドサイドン,ようき,2.7
ドサイドン,なまいき,1.3
ドサイドン,やんちゃ,0.9
ドサイドン,さみしがり,0.8
ドサイドン,おくびょう,0.4
ヤドキング,ずぶとい,27.1
ヤドキング,おだやか,22.8
ヤドキング,のんき,15.5
ヤドキング,なまいき,14.3
ヤドキング,ひかえめ,11.0
ヤドキング,れいせい,8.9
ヤドキング,おくびょう,0.1
ヤドキング,ゆうかん,0.1
ヤドキング,ようき,0.1
ヤドキング,せっかち,0.0
ハガネール,いじっぱり,35.0
ハガネール,わんぱく,24.5
ハガネール,のんき,12.2
ハガネール,ゆうかん,11.6
ハガネール,しんちょう,9.2
ハガネール,なまいき,3.7
ハガネール,ようき,2.0
ハガネール,ずぶとい,0.7
ハガネール,のうてんき,0.3
ハガネール,れいせい,0.2
ゴロンダ,いじっぱり,75.2
ゴロンダ,ゆうかん,10.4
ゴロンダ,ようき,5.7
ゴロンダ,わんぱく,5.0
ゴロンダ,しんちょう,1.1
ゴロンダ,のんき,0.7
ゴロンダ,なまいき,0.6
ゴロンダ,やんちゃ,0.5
ゴロンダ,さみしがり,0.2
ゴロンダ,むじゃき,0.2
キュウコン,おくびょう,56.1
キュウコン,ひかえめ,29.1
キュウコン,ずぶとい,6.7
キュウコン,おだやか,4.0
キュウコン,ようき,1.3
キュウコン,れいせい,1.2
キュウコン,いじっぱり,0.5
キュウコン,せっかち,0.4
キュウコン,おっとり,0.2
キュウコン,のんき,0.1
ヌメルゴン,ひかえめ,45.9
ヌメルゴン,おだやか,24.9
ヌメルゴン,ずぶとい,12.5
ヌメルゴン,れいせい,3.7
ヌメルゴン,おくびょう,3.0
ヌメルゴン,なまいき,2.9
ヌメルゴン,しんちょう,1.7
ヌメルゴン,いじっぱり,1.3
ヌメルゴン,のんき,1.2
ヌメルゴン,おっとり,0.8
ランクルス,ずぶとい,34.6
ランクルス,おだやか,22.2
ランクルス,ひかえめ,22.0
ランクルス,れいせい,12.3
ランクルス,のんき,4.5
ランクルス,なまいき,2.9
ランクルス,おっとり,0.6
ランクルス,ゆうかん,0.3
ランクルス,おくびょう,0.2
ランクルス,ようき,0.1
ゴルーグ,いじっぱり,54.7
ゴルーグ,ゆうかん,28.4
ゴルーグ,ようき,7.9
ゴルーグ,わんぱく,3.4
ゴルーグ,しんちょう,2.6
ゴルーグ,のんき,0.5
ゴルーグ,ひかえめ,0.5
ゴルーグ,やんちゃ,0.5
ゴルーグ,なまいき,0.5
ゴルーグ,のうてんき,0.3
オーロット,わんぱく,50.5
オーロット,しんちょう,18.6
オーロット,ずぶとい,9.5
オーロット,いじっぱり,9.4
オーロット,のんき,3.0
オーロット,おだやか,2.8
オーロット,ゆうかん,2.4
オーロット,なまいき,1.6
オーロット,ようき,1.3
オーロット,おくびょう,0.2
マホイップ,ずぶとい,48.7
マホイップ,おだやか,28.8
マホイップ,ひかえめ,15.0
マホイップ,おくびょう,2.4
マホイップ,なまいき,1.5
マホイップ,れいせい,1.4
マホイップ,のんき,1.0
マホイップ,おとなしい,0.4
マホイップ,いじっぱり,0.3
マホイップ,わんぱく,0.2
ケンタロス(パルデア水),いじっぱり,59.0
ケンタロス(パルデア水),ようき,24.1
ケンタロス(パルデア水),わんぱく,11.8
ケンタロス(パルデア水),しんちょう,1.8
ケンタロス(パルデア水),さみしがり,1.4
ケンタロス(パルデア水),やんちゃ,1.0
ケンタロス(パルデア水),むじゃき,0.3
ケンタロス(パルデア水),ゆうかん,0.2
ケンタロス(パルデア水),のんき,0.1
ケンタロス(パルデア水),のうてんき,0.1
サダイジャ,ようき,32.4
サダイジャ,わんぱく,31.4
サダイジャ,いじっぱり,13.4
サダイジャ,しんちょう,12.9
サダイジャ,のんき,1.9
サダイジャ,ずぶとい,1.8
サダイジャ,やんちゃ,1.1
サダイジャ,おくびょう,0.9
サダイジャ,せっかち,0.9
サダイジャ,さみしがり,0.7
バクフーン,ひかえめ,44.2
バクフーン,おくびょう,30.3
バクフーン,うっかりや,11.7
バクフーン,せっかち,4.7
バクフーン,おっとり,2.6
バクフーン,むじゃき,1.7
バクフーン,さみしがり,1.4
バクフーン,いじっぱり,0.7
バクフーン,れいせい,0.6
バクフーン,なまいき,0.4
バクーダ,れいせい,66.2
バクーダ,ひかえめ,23.2
バクーダ,ゆうかん,2.5
バクーダ,なまいき,2.2
バクーダ,ずぶとい,1.5
バクーダ,おだやか,1.1
バクーダ,のんき,1.1
バクーダ,いじっぱり,0.7
バクーダ,おくびょう,0.6
バクーダ,ようき,0.2
ニャオニクス♂,おくびょう,47.1
ニャオニクス♂,ずぶとい,19.6
ニャオニクス♂,ひかえめ,17.0
ニャオニクス♂,おだやか,9.8
ニャオニクス♂,せっかち,1.9
ニャオニクス♂,いじっぱり,0.8
ニャオニクス♂,わんぱく,0.6
ニャオニクス♂,おっとり,0.5
ニャオニクス♂,むじゃき,0.4
ニャオニクス♂,おとなしい,0.4
ガチゴラス,ようき,47.2
ガチゴラス,いじっぱり,43.0
ガチゴラス,ゆうかん,1.7
ガチゴラス,わんぱく,1.6
ガチゴラス,しんちょう,1.5
ガチゴラス,さみしがり,1.4
ガチゴラス,やんちゃ,0.6
ガチゴラス,おだやか,0.5
ガチゴラス,せっかち,0.5
ガチゴラス,おっとり,0.5
リーフィア,いじっぱり,43.6
リーフィア,わんぱく,32.3
リーフィア,ようき,11.9
リーフィア,しんちょう,3.5
リーフィア,やんちゃ,1.7
リーフィア,うっかりや,1.0
リーフィア,むじゃき,1.0
リーフィア,さみしがり,1.0
リーフィア,ゆうかん,0.9
リーフィア,ひかえめ,0.7
レントラー,いじっぱり,49.2
レントラー,わんぱく,12.3
レントラー,ようき,11.5
レントラー,のんき,7.0
レントラー,ずぶとい,6.5
レントラー,しんちょう,3.0
レントラー,ゆうかん,1.7
レントラー,おだやか,1.6
レントラー,やんちゃ,1.6
レントラー,なまいき,1.3
クレベース,わんぱく,60.6
クレベース,のんき,16.0
クレベース,いじっぱり,12.1
クレベース,ゆうかん,3.7
クレベース,しんちょう,2.3
クレベース,のうてんき,1.6
クレベース,なまいき,1.4
クレベース,ずぶとい,1.0
クレベース,ようき,0.4
クレベース,やんちゃ,0.3
アヤシシ,ひかえめ,26.6
アヤシシ,いじっぱり,26.6
アヤシシ,わんぱく,9.8
アヤシシ,ゆうかん,6.6
アヤシシ,ずぶとい,5.3
アヤシシ,ようき,5.0
アヤシシ,のんき,4.6
アヤシシ,しんちょう,3.8
アヤシシ,れいせい,2.9
アヤシシ,さみしがり,2.0
トリデプス,しんちょう,32.4
トリデプス,わんぱく,23.1
トリデプス,なまいき,13.7
トリデプス,のんき,13.5
トリデプス,おだやか,6.6
トリデプス,ずぶとい,5.4
トリデプス,いじっぱり,1.6
トリデプス,ひかえめ,1.5
トリデプス,ゆうかん,1.1
トリデプス,ようき,0.3
フラージェス,おだやか,51.3
フラージェス,ひかえめ,23.0
フラージェス,ずぶとい,19.4
フラージェス,おくびょう,2.1
フラージェス,おっとり,1.3
フラージェス,なまいき,0.9
フラージェス,のんき,0.8
フラージェス,れいせい,0.7
フラージェス,おとなしい,0.3
フラージェス,ようき,0.0
マッギョ,おだやか,40.1
マッギョ,ずぶとい,22.9
マッギョ,ひかえめ,16.6
マッギョ,れいせい,6.5
マッギョ,なまいき,5.9
マッギョ,のんき,4.7
マッギョ,わんぱく,1.1
マッギョ,おっとり,0.8
マッギョ,しんちょう,0.5
マッギョ,おくびょう,0.4
エモンガ,おくびょう,58.2
エモンガ,ようき,20.4
エモンガ,おだやか,4.6
エモンガ,ひかえめ,4.5
エモンガ,ずぶとい,2.8
エモンガ,せっかち,2.6
エモンガ,むじゃき,2.1
エモンガ,いじっぱり,1.6
エモンガ,わんぱく,1.2
エモンガ,しんちょう,0.9
アマルルガ,ひかえめ,49.7
アマルルガ,ずぶとい,17.4
アマルルガ,おくびょう,15.2
アマルルガ,おだやか,7.0
アマルルガ,れいせい,3.6
アマルルガ,のんき,2.9
アマルルガ,なまいき,2.3
アマルルガ,おっとり,0.8
アマルルガ,うっかりや,0.4
アマルルガ,わんぱく,0.2
クレベース(ヒスイ),いじっぱり,52.4
クレベース(ヒスイ),わんぱく,15.3
クレベース(ヒスイ),ゆうかん,11.0
クレベース(ヒスイ),ようき,9.2
クレベース(ヒスイ),のんき,6.3
クレベース(ヒスイ),やんちゃ,1.8
クレベース(ヒスイ),しんちょう,1.5
クレベース(ヒスイ),のうてんき,1.0
クレベース(ヒスイ),なまいき,0.7
クレベース(ヒスイ),むじゃき,0.4
ブースター,いじっぱり,41.5
ブースター,しんちょう,20.9
ブースター,ようき,16.2
ブースター,おだやか,4.0
ブースター,さみしがり,3.4
ブースター,わんぱく,3.0
ブースター,ひかえめ,2.5
ブースター,ゆうかん,1.6
ブースター,おっとり,1.4
ブースター,ずぶとい,1.1
アーボック,わんぱく,37.3
アーボック,ようき,21.3
アーボック,いじっぱり,20.2
アーボック,しんちょう,12.0
アーボック,やんちゃ,2.6
アーボック,なまいき,1.6
アーボック,おくびょう,1.3
アーボック,おだやか,0.9
アーボック,おとなしい,0.9
アーボック,ずぶとい,0.4
アローラライチュウ,ひかえめ,47.6
アローラライチュウ,おくびょう,38.6
アローラライチュウ,せっかち,2.6
アローラライチュウ,おっとり,2.6
アローラライチュウ,ずぶとい,1.7
アローラライチュウ,れいせい,1.5
アローラライチュウ,ようき,1.5
アローラライチュウ,まじめ,1.2
アローラライチュウ,おだやか,0.7
アローラライチュウ,むじゃき,0.5
フロストロトム,ひかえめ,44.1
フロストロトム,おくびょう,29.1
フロストロトム,ずぶとい,17.5
フロストロトム,おだやか,6.4
フロストロトム,れいせい,0.8
フロストロトム,おっとり,0.6
フロストロトム,なまいき,0.4
フロストロトム,まじめ,0.2
フロストロトム,やんちゃ,0.2
フロストロトム,のんき,0.2
ライチュウ,おくびょう,55.2
ライチュウ,ひかえめ,16.6
ライチュウ,ようき,9.6
ライチュウ,いじっぱり,4.6
ライチュウ,せっかち,4.1
ライチュウ,おっとり,3.3
ライチュウ,むじゃき,1.8
ライチュウ,うっかりや,1.2
ライチュウ,れいせい,0.6
ライチュウ,おだやか,0.6
パンプジン(特大),わんぱく,41.2
パンプジン(特大),ゆうかん,17.2
パンプジン(特大),いじっぱり,16.0
パンプジン(特大),しんちょう,8.4
パンプジン(特大),ずぶとい,6.4
パンプジン(特大),のんき,5.7
パンプジン(特大),なまいき,3.0
パンプジン(特大),ようき,1.2
パンプジン(特大),れいせい,0.3
パンプジン(特大),やんちゃ,0.2
タブンネ,ずぶとい,40.2
タブンネ,ひかえめ,18.3
タブンネ,おだやか,15.6
タブンネ,のんき,13.9
タブンネ,なまいき,3.6
タブンネ,れいせい,3.0
タブンネ,しんちょう,2.2
タブンネ,いじっぱり,1.2
タブンネ,おくびょう,0.8
タブンネ,わんぱく,0.3
ジュナイパー,いじっぱり,43.0
ジュナイパー,ようき,13.7
ジュナイパー,しんちょう,13.4
ジュナイパー,わんぱく,11.5
ジュナイパー,ひかえめ,4.4
ジュナイパー,ゆうかん,2.7
ジュナイパー,うっかりや,2.0
ジュナイパー,のんき,1.1
ジュナイパー,おだやか,1.1
ジュナイパー,なまいき,1.0
レパルダス,ようき,24.1
レパルダス,ずぶとい,18.4
レパルダス,わんぱく,16.0
レパルダス,おくびょう,9.3
レパルダス,いじっぱり,8.2
レパルダス,しんちょう,5.9
レパルダス,やんちゃ,4.8
レパルダス,のんき,2.4
レパルダス,おだやか,2.2
レパルダス,ひかえめ,2.0
スピンロトム,ひかえめ,46.9
スピンロトム,おくびょう,25.3
スピンロトム,ずぶとい,19.0
スピンロトム,おだやか,4.4
スピンロトム,のんき,1.2
スピンロトム,おっとり,1.1
スピンロトム,れいせい,0.9
スピンロトム,なまいき,0.4
スピンロトム,せっかち,0.4
スピンロトム,ようき,0.2
ガラルマッギョ,わんぱく,36.1
ガラルマッギョ,しんちょう,17.7
ガラルマッギョ,のうてんき,11.2
ガラルマッギョ,のんき,6.9
ガラルマッギョ,ずぶとい,5.8
ガラルマッギョ,なまいき,5.7
ガラルマッギョ,おだやか,4.1
ガラルマッギョ,いじっぱり,4.1
ガラルマッギョ,ひかえめ,2.6
ガラルマッギョ,ゆうかん,2.4
デデンネ,おくびょう,38.8
デデンネ,ひかえめ,26.8
デデンネ,ずぶとい,9.0
デデンネ,おだやか,8.7
デデンネ,わんぱく,6.3
デデンネ,ようき,4.2
デデンネ,せっかち,1.4
デデンネ,しんちょう,1.3
デデンネ,むじゃき,1.3
デデンネ,いじっぱり,1.1
バリコオル,ひかえめ,45.8
バリコオル,おくびょう,16.3
バリコオル,おだやか,9.9
バリコオル,ずぶとい,9.9
バリコオル,うっかりや,4.8
バリコオル,れいせい,4.0
バリコオル,おっとり,2.8
バリコオル,のんき,2.3
バリコオル,なまいき,0.7
バリコオル,いじっぱり,0.7
ラムパルド,ようき,43.3
ラムパルド,いじっぱり,34.1
ラムパルド,ゆうかん,15.5
ラムパルド,わんぱく,2.4
ラムパルド,やんちゃ,2.0
ラムパルド,むじゃき,0.8
ラムパルド,さみしがり,0.7
ラムパルド,せっかち,0.4
ラムパルド,しんちょう,0.3
ラムパルド,のんき,0.2
ニャオニクス♀,おくびょう,69.8
ニャオニクス♀,ひかえめ,23.5
ニャオニクス♀,ずぶとい,2.4
ニャオニクス♀,おだやか,1.1
ニャオニクス♀,せっかち,0.9
ニャオニクス♀,のうてんき,0.4
ニャオニクス♀,がんばりや,0.4
ニャオニクス♀,のんき,0.4
ニャオニクス♀,むじゃき,0.2
ニャオニクス♀,おっとり,0.2
ダストダス,いじっぱり,40.8
ダストダス,わんぱく,30.8
ダストダス,しんちょう,7.5
ダストダス,ようき,7.4
ダストダス,ゆうかん,3.9
ダストダス,おだやか,3.2
ダストダス,ずぶとい,2.4
ダストダス,おくびょう,0.8
ダストダス,のんき,0.8
ダストダス,なまいき,0.4
トリミアン,わんぱく,46.7
トリミアン,しんちょう,12.8
トリミアン,いじっぱり,12.4
トリミアン,ようき,11.2
トリミアン,ずぶとい,4.5
トリミアン,やんちゃ,2.6
トリミアン,おだやか,2.1
トリミアン,なまいき,1.9
トリミアン,おくびょう,1.4
トリミアン,のんき,1.3
ツンベアー,いじっぱり,51.8
ツンベアー,ようき,42.1
ツンベアー,わんぱく,1.9
ツンベアー,ゆうかん,1.0
ツンベアー,しんちょう,0.6
ツンベアー,やんちゃ,0.5
ツンベアー,せっかち,0.5
ツンベアー,おくびょう,0.3
ツンベアー,むじゃき,0.2
ツンベアー,ずぶとい,0.2
ルガルガン(まひる),ようき,63.9
ルガルガン(まひる),いじっぱり,24.4
ルガルガン(まひる),やんちゃ,3.6
ルガルガン(まひる),むじゃき,2.3
ルガルガン(まひる),せっかち,1.7
ルガルガン(まひる),さみしがり,1.5
ルガルガン(まひる),のんき,1.1
ルガルガン(まひる),ゆうかん,0.5
ルガルガン(まひる),わんぱく,0.5
ルガルガン(まひる),まじめ,0.2
タルップル,ずぶとい,36.4
タルップル,おだやか,24.4
タルップル,れいせい,13.8
タルップル,のんき,10.3
タルップル,ひかえめ,7.7
タルップル,なまいき,4.4
タルップル,おくびょう,1.1
タルップル,わんぱく,0.9
タルップル,ゆうかん,0.4
タルップル,いじっぱり,0.2
ルガルガン(まよなか),いじっぱり,47.0
ルガルガン(まよなか),ようき,36.2
ルガルガン(まよなか),しんちょう,10.9
ルガルガン(まよなか),やんちゃ,1.8
ルガルガン(まよなか),さみしがり,1.4
ルガルガン(まよなか),せっかち,1.2
ルガルガン(まよなか),わんぱく,1.1
ルガルガン(まよなか),ゆうかん,0.1
ルガルガン(まよなか),なまいき,0.1
ルガルガン(まよなか),むじゃき,0.1
ヒヤッキー,おくびょう,32.8
ヒヤッキー,ひかえめ,28.5
ヒヤッキー,ようき,14.9
ヒヤッキー,いじっぱり,6.2
ヒヤッキー,せっかち,4.6
ヒヤッキー,れいせい,3.7
ヒヤッキー,むじゃき,3.4
ヒヤッキー,うっかりや,2.0
ヒヤッキー,ずぶとい,1.7
ヒヤッキー,おっとり,1.3
ケンタロス,ひかえめ,33.8
ケンタロス,ようき,29.0
ケンタロス,いじっぱり,27.5
ケンタロス,むじゃき,4.6
ケンタロス,わんぱく,2.8
ケンタロス,ゆうかん,0.7
ケンタロス,さみしがり,0.4
ケンタロス,せっかち,0.3
ケンタロス,やんちゃ,0.3
ケンタロス,おくびょう,0.2
ポワルン,ひかえめ,31.3
ポワルン,まじめ,29.1
ポワルン,おくびょう,25.3
ポワルン,ずぶとい,8.8
ポワルン,おっとり,1.8
ポワルン,れいせい,1.5
ポワルン,おだやか,1.5
ポワルン,のんき,0.4
ポワルン,なまいき,0.1
ポワルン,せっかち,0.0
パンプジン(普通),いじっぱり,53.9
パンプジン(普通),ようき,21.5
パンプジン(普通),わんぱく,10.7
パンプジン(普通),しんちょう,3.6
パンプジン(普通),おだやか,3.0
パンプジン(普通),ゆうかん,1.9
パンプジン(普通),ずぶとい,1.3
パンプジン(普通),のんき,1.3
パンプジン(普通),むじゃき,0.8
パンプジン(普通),さみしがり,0.7
アップリュー,いじっぱり,48.7
アップリュー,ようき,36.1
アップリュー,ゆうかん,5.6
アップリュー,わんぱく,2.9
アップリュー,やんちゃ,2.0
アップリュー,ひかえめ,0.8
アップリュー,さみしがり,0.7
アップリュー,せっかち,0.6
アップリュー,しんちょう,0.5
アップリュー,おっとり,0.5
ナゲツケサル,いじっぱり,43.0
ナゲツケサル,ようき,34.0
ナゲツケサル,ひかえめ,10.0
ナゲツケサル,わんぱく,7.1
ナゲツケサル,しんちょう,3.8
ナゲツケサル,やんちゃ,0.6
ナゲツケサル,ゆうかん,0.5
ナゲツケサル,さみしがり,0.4
ナゲツケサル,ずぶとい,0.3
ナゲツケサル,せっかち,0.2
バオッキー,おくびょう,23.0
バオッキー,ようき,19.9
バオッキー,いじっぱり,15.5
バオッキー,ひかえめ,10.6
バオッキー,むじゃき,10.2
バオッキー,ずぶとい,4.1
バオッキー,おっとり,3.8
バオッキー,うっかりや,3.7
バオッキー,やんちゃ,3.5
バオッキー,せっかち,2.5
ヤナッキー,ようき,30.6
ヤナッキー,おくびょう,17.6
ヤナッキー,いじっぱり,16.8
ヤナッキー,むじゃき,13.6
ヤナッキー,ひかえめ,10.0
ヤナッキー,せっかち,3.9
ヤナッキー,ずぶとい,1.7
ヤナッキー,うっかりや,1.3
ヤナッキー,やんちゃ,1.3
ヤナッキー,わんぱく,1.0
ダイケンキ,ひかえめ,43.5
ダイケンキ,ずぶとい,13.9
ダイケンキ,いじっぱり,8.1
ダイケンキ,れいせい,6.5
ダイケンキ,のうてんき,5.9
ダイケンキ,のんき,4.7
ダイケンキ,わんぱく,3.6
ダイケンキ,おくびょう,3.3
ダイケンキ,おっとり,1.7
ダイケンキ,うっかりや,1.7
ヤレユータン,ひかえめ,42.1
ヤレユータン,ずぶとい,18.4
ヤレユータン,れいせい,11.2
ヤレユータン,おだやか,9.6
ヤレユータン,のんき,7.9
ヤレユータン,なまいき,6.7
ヤレユータン,おっとり,1.7
ヤレユータン,おくびょう,1.5
ヤレユータン,いじっぱり,0.3
ヤレユータン,すなお,0.2
フレフワン,なまいき,27.7
フレフワン,れいせい,23.8
フレフワン,ひかえめ,19.9
フレフワン,のんき,12.1
フレフワン,ずぶとい,7.8
フレフワン,おだやか,3.9
フレフワン,おっとり,2.8
フレフワン,ゆうかん,1.3
フレフワン,まじめ,0.5
フレフワン,おとなしい,0.1
ロトム,いじっぱり,51.6
ロトム,おくびょう,30.4
ロトム,ひかえめ,11.7
ロトム,ずぶとい,3.0
ロトム,おだやか,1.8
ロトム,おっとり,0.4
ロトム,おとなしい,0.3
ロトム,ようき,0.3
ロトム,うっかりや,0.3
ロトム,せっかち,0.2
ミルホッグ,いじっぱり,49.4
ミルホッグ,ゆうかん,25.4
ミルホッグ,ようき,8.1
ミルホッグ,わんぱく,6.1
ミルホッグ,やんちゃ,2.0
ミルホッグ,ひかえめ,1.4
ミルホッグ,おだやか,1.3
ミルホッグ,おくびょう,1.2
ミルホッグ,のうてんき,1.1
ミルホッグ,すなお,0.9
パンプジン(小),ようき,33.4
パンプジン(小),いじっぱり,31.3
パンプジン(小),わんぱく,17.1
パンプジン(小),ゆうかん,6.1
パンプジン(小),おくびょう,4.7
パンプジン(小),ずぶとい,2.7
パンプジン(小),しんちょう,2.3
パンプジン(小),なまいき,1.0
パンプジン(小),せっかち,0.6
パンプジン(小),おだやか,0.5
パンプジン(大),わんぱく,45.6
パンプジン(大),ゆうかん,21.2
パンプジン(大),いじっぱり,16.0
パンプジン(大),しんちょう,4.6
パンプジン(大),ずぶとい,3.6
パンプジン(大),ようき,3.4
パンプジン(大),のうてんき,1.6
パンプジン(大),のんき,1.6
パンプジン(大),おだやか,0.8
パンプジン(大),なまいき,0.7
ケンタロス(パルデア単),ようき,41.4
ケンタロス(パルデア単),いじっぱり,40.0
ケンタロス(パルデア単),わんぱく,11.7
ケンタロス(パルデア単),しんちょう,2.9
ケンタロス(パルデア単),やんちゃ,1.9
ケンタロス(パルデア単),せっかち,0.9
ケンタロス(パルデア単),さみしがり,0.4
ケンタロス(パルデア単),ずぶとい,0.3
ケンタロス(パルデア単),のんき,0.2
ケンタロス(パルデア単),のうてんき,0.2
